rho=1,tau
1.0,0.3061431282018811
1.0,0.9122836381849224
1.0,0.726472748058065
1.0,0.07295197235156096
1.0,0.13050592799036148
1.0,0.5479325406284274
1.0,0.8360547956347363
1.0,0.4974876874744583
1.0,0.40598884032053106
1.0,0.8075222314342496
1.0,0.5764484131854402
1.0,0.2219878433332827
1.0,0.04640271350664045
1.0,0.636957206259704
1.0,1.0018139502865016
1.0,0.33270739751755163
1.0,0.3490192451224917
1.0,0.9548217193042429
1.0,0.6841951886690818
1.0,0.031319863204828186
1.0,0.2059219235284931
1.0,0.6227028457567767
1.0,0.759546458119185
1.0,0.4213176259277292
1.0,0.4498498280006091
1.0,0.8510447029779733
1.0,0.5312203318713343
1.0,0.17740569259649125
1.0,0.12083576713079607
1.0,0.7107450498091412
1.0,0.9282580485310935
1.0,0.2594892913959018
1.0,0.2763600050951886
1.0,0.9293580561682944
1.0,0.7059695783040928
1.0,0.1002903100662578
1.0,0.16865360590155562
1.0,0.5067597124841593
1.0,0.8796707279982762
1.0,0.4627665998260765
1.0,0.4283480097513298
1.0,0.782285854970089
1.0,0.6041603164856925
1.0,0.2030881671171803
1.0,0.0009230961052501079
1.0,0.6695686472965257
1.0,0.9657451775427714
1.0,0.3757131692555743
1.0,0.3276447475624229
1.0,0.981042797660075
1.0,0.6535330523952687
1.0,0.047269336468311336
1.0,0.2504187903994095
1.0,0.5891086241685396
1.0,0.7985673851767316
1.0,0.38126397848258176
1.0,0.47864824921563015
1.0,0.8329856131238715
1.0,0.5546737045779258
1.0,0.15301758785535516
1.0,0.08367086977101734
1.0,0.7529006284838833
1.0,0.8816899918746783
1.0,0.2912582247304669
1.0,0.2843617746465965
1.0,0.8905409591075253
1.0,0.7440368498142512
1.0,0.09055425324009983
1.0,0.14417733434600608
1.0,0.5615652725061847
1.0,0.8261126806950487
1.0,0.4875073934024181
1.0,0.3881464237972424
1.0,0.7897026233212655
1.0,0.5979586382364939
1.0,0.24352137214017577
1.0,0.05612749746926516
1.0,0.6466591818120241
1.0,0.9879333974129705
1.0,0.3188035408881812
1.0,0.3668637931326269
1.0,0.9726429785690094
1.0,0.6626866147698107
1.0,0.009788465884781626
1.0,0.19619891080141688
1.0,0.6130031217750691
1.0,0.7734292625633284
1.0,0.4352232537926481
1.0,0.47163295279144213
1.0,0.872789633625983
1.0,0.5136584816857606
1.0,0.15980518294350088
1.0,0.10716649226199798
1.0,0.6971139690831665
1.0,0.9382018146225636
1.0,0.26947171695478855
1.0,0.26638720875328803
1.0,0.9194085635822331
1.0,0.7196103032575244
1.0,0.11395384342999401
1.0,0.18624838905995486
1.0,0.5243311918867192
1.0,0.8579200558452046
1.0,0.4409931192627003
1.0,0.4144366553918198
1.0,0.7684126797429316
1.0,0.6138542989623382
1.0,0.2128208240717134
1.0,0.022464122642282796
1.0,0.6910714947012057
1.0,0.9479335625054618
1.0,0.3578628797403772
1.0,0.34155823340877944
1.0,0.9949176240390148
1.0,0.6438407210704056
1.0,0.03753881100062474
1.0,0.22887953509792533
1.0,0.567608028334472
1.0,0.8163812517846538
1.0,0.39911603923332734
1.0,0.48862281679307923
1.0,0.8429373572805452
1.0,0.5410352311951067
1.0,0.13935582572716743
1.0,0.0660782180994646
1.0,0.7353308002331059
1.0,0.9034423151795324
1.0,0.3130338367806896
1.0,0.30949241547848527
1.0,0.8999012541286261
1.0,0.7395942251783857
1.0,0.0703412827934464
1.0,0.13478534846853427
1.0,0.5364643936851755
1.0,0.8462939677905665
1.0,0.4919797875543986
1.0,0.39458723104149623
1.0,0.8118523235090568
1.0,0.5708912676634673
1.0,0.2321628945106866
1.0,0.033948035270594396
1.0,0.6402500654241412
1.0,0.9992621055263446
1.0,0.3459025948123433
1.0,0.3614076615117207
1.0,0.9514779840255073
1.0,0.6868037486166587
1.0,0.018196736809033838
1.0,0.2173956262222314
1.0,0.6184294613641542
1.0,0.7650527050111533
1.0,0.4110763204087436
1.0,0.44551760631526427
1.0,0.8624446629815345
1.0,0.521051313026863
1.0,0.18296839011633273
1.0,0.11754125493826752
1.0,0.7231975946820319
1.0,0.9150684069867882
1.0,0.262047172241609
1.0,0.2727665443672029
1.0,0.9414967621187439
1.0,0.6926044343357783
1.0,0.10265683743084385
1.0,0.1641303909863877
1.0,0.5179835696448813
1.0,0.8691872698125337
1.0,0.46803070906175875
1.0,0.43950583209860494
1.0,0.7777114806179873
1.0,0.6094731684725178
1.0,0.19266931775016358
1.0,0.013133608395149965
1.0,0.666032117531477
1.0,0.9680533479496992
1.0,0.3622738022620187
1.0,0.3155043885838821
1.0,0.9846341250249053
1.0,0.6511720807811691
1.0,0.06064051652217613
1.0,0.23919280362814976
1.0,0.5936301898082338
1.0,0.793309308273982
1.0,0.3917529886661929
1.0,0.4832281793182181
1.0,0.8218338268621468
1.0,0.5650909009168511
1.0,0.14770260250537454
1.0,0.08721343186899866
1.0,0.7406956681918521
1.0,0.8951272292576963
1.0,0.28894840504806557
1.0,0.29582888399105794
1.0,0.8862605310515034
1.0,0.7495437158881381
1.0,0.08031407725903815
1.0,0.15655882715560163
1.0,0.5582150639619382
1.0,0.8287224902643155
1.0,0.4743850062723082
1.0,0.3848545722106543
1.0,0.8021583391561022
1.0,0.5847644447669336
1.0,0.2460742507465055
1.0,0.05179832666210031
1.0,0.6580616823377597
1.0,0.9777592562453558
1.0,0.32436156639900177
1.0,0.37113818885571614
1.0,0.9611703172266793
1.0,0.67292892036141
1.0,0.004283249086368455
1.0,0.199543563595177
1.0,0.6006155928799232
1.0,0.7865533027215298
1.0,0.4326155775865366
1.0,0.45917936656714314
1.0,0.8760831344880448
1.0,0.5110995707464981
1.0,0.17299382441519248
1.0,0.09576564476435366
1.0,0.7014452732534867
1.0,0.9326382333612566
1.0,0.2796398220368529
1.0,0.25516426535497283
1.0,0.9239326622388665
1.0,0.7143471115368667
1.0,0.12443818910981957
1.0,0.17411068318211909
1.0,0.5279256827082601
1.0,0.8555545398110853
1.0,0.454359304582423
1.0,0.41797230141540304
1.0,0.7562012536906247
1.0,0.6272927784618106
1.0,0.2105117361497611
1.0,0.027037466900829216
1.0,0.6799126722813169
1.0,0.9583513705210703
1.0,0.35254901642308517
1.0,0.33703578778023746
1.0,1.0061427008004853
1.0,0.6333508196400937
1.0,0.04279596663573209
1.0,0.22528717388692202
1.0,0.5797473834877814
1.0,0.8030090341319984
1.0,0.40147600326957794
1.0,0.5008286870948997
1.0,0.8393956751714117
1.0,0.5433459721451503
1.0,0.12591947959085031
1.0,0.07723100818642077
1.0,0.7307519039766909
1.0,0.9087583081073621
1.0,0.3026176780405548
1.0,0.3009717799228162
1.0,0.9066512883281832
1.0,0.7286794683221199
1.0,0.07568117708148223
1.0,0.12830125102663742
1.0,0.5452051390313051
1.0,0.8412279432939823
1.0,0.5031220768789106
1.0,0.403768912718525
1.0,0.8048408219195052
1.0,0.5816060700388722
1.0,0.22766846498764512
1.0,0.041246615865857546
1.0,0.6312788643205868
1.0,1.0040361613563704
1.0,0.33539036999756283
1.0,0.35025760802121314
1.0,0.9565210837806386
1.0,0.6780554867773011
1.0,0.024657676847181106
1.0,0.21206342855307264
1.0,0.6293670754147546
1.0,0.7583101347681767
1.0,0.41962006083151465
1.0,0.45600658366347063
1.0,0.8576629405535733
1.0,0.52999949932614
1.0,0.17566189525036666
1.0,0.12205887939123547
1.0,0.7124904063679149
1.0,0.9221028558334987
1.0,0.2528733372881648
1.0,0.28150229122657267
1.0,0.9350233071006088
1.0,0.7037342799800388
1.0,0.0975935298294654
1.0,0.17089118769347256
1.0,0.5094580556862186
1.0,0.8745300010795413
1.0,0.4571036286090072
1.0,0.4305393592933367
1.0,0.7849996889779622
1.0,0.5989735974845796
1.0,0.19744044653839307
1.0,0.006111614486544191
1.0,0.6752184074230261
1.0,0.9635558713010954
1.0,0.37300113838049986
1.0,0.32643928573927666
1.0,0.9793143710359983
1.0,0.6597051787801783
1.0,0.053902944765959235
1.0,0.24424822697976675
1.0,0.5824772993387545
1.0,0.7997751267151231
1.0,0.38299396431930754
1.0,0.47252391804589744
1.0,0.8263387974882724
1.0,0.5559274381986952
1.0,0.1547323230537989
1.0,0.08241917569796108
1.0,0.7511876926656207
1.0,0.88781612617721
1.0,0.29790708366639684
1.0,0.29102420304808446
1.0,0.8966804227080828
1.0,0.7423372432940147
1.0,0.08931612863260158
1.0,0.14587465739837982
1.0,0.5628018341484161
1.0,0.8194486930809116
1.0,0.48136565008661536
1.0,0.38988997909952616
1.0,0.7909236941576829
1.0,0.5913406427047347
1.0,0.23736437818609102
1.0,0.06274369362084305
1.0,0.6528141362183957
1.0,0.9861877988103559
1.0,0.31758066691896497
1.0,0.3641343501114825
1.0,0.9704365003487954
1.0,0.668319202917773
1.0,0.014959572120005697
1.0,0.19056475968818765
1.0,0.6078297320719822
1.0,0.7761564258692277
1.0,0.437428172800213
1.0,0.4659525694283029
1.0,0.8676317347287101
1.0,0.5163396529092817
1.0,0.1620253525893478
1.0,0.10448328149076358
1.0,0.6948920000571385
1.0,0.943880394852904
1.0,0.2746275725517306
1.0,0.25975384249948097
1.0,0.9132361989061004
1.0,0.7213384878377601
1.0,0.1151595435443634
1.0,0.1845181611793883
1.0,0.5231236886395509
1.0,0.8645516227188305
1.0,0.4471634443911199
1.0,0.4127216781495352
1.0,0.7671591844133853
1.0,0.6205013566417781
1.0,0.21894491695022295
1.0,0.01581550575019373
1.0,0.684945122107451
1.0,0.9496462562798835
1.0,0.3591148121046566
1.0,0.3442547753543487
1.0,0.9971531644069097
1.0,0.6381757084293144
1.0,0.03239628282539985
1.0,0.23454274460621774
1.0,0.572748513209366
1.0,0.8136826702913714
1.0,0.3968786994852513
1.0,0.49427077566308963
1.0,0.8481238342378173
1.0,0.5383211588960103
1.0,0.13716471822900136
1.0,0.06879001068331585
1.0,0.7375203485186228
1.0,0.8977927933442552
1.0,0.3078450763555547
1.0,0.31120547138051385
1.0,0.9011528281179164
1.0,0.7329452461586898
1.0,0.06421526857468084
1.0,0.14143204402036733
1.0,0.5425888449386742
1.0,0.8445793526758888
1.0,0.4907259338498631
1.0,0.4012186759550473
1.0,0.8180227668449335
1.0,0.5691611617429756
1.0,0.23095527305606123
1.0,0.03567634181090499
1.0,0.6414556473310534
1.0,0.9926286173124628
1.0,0.3397303483436677
1.0,0.3557577813014543
1.0,0.9462895857279792
1.0,0.6895158995754992
1.0,0.020385922966943894
1.0,0.21468191229812417
1.0,0.6162379917383813
1.0,0.7707003055061746
1.0,0.4162631594936225
1.0,0.44281914302943903
1.0,0.8602072012733836
1.0,0.5267144043276982
1.0,0.18810899695130162
1.0,0.11187612408971911
1.0,0.7180551884668819
1.0,0.9177650671398145
1.0,0.2642825906494291
1.0,0.2710210677246631
1.0,0.9402737699420705
1.0,0.6992205085272815
1.0,0.10881191004467258
1.0,0.15751227349455382
1.0,0.5118266938982539
1.0,0.8709309470748923
1.0,0.469251661690719
1.0,0.432841482356861
1.0,0.7715700956771737
1.0,0.6111708536524983
1.0,0.19390552101740582
1.0,0.011434364002520238
1.0,0.6647936345489895
1.0,0.9747154142235803
1.0,0.36841362423756546
1.0,0.3211828506067653
1.0,0.9897901025819222
1.0,0.6484889882173918
1.0,0.05841842553607321
1.0,0.24187409305912816
1.0,0.5958502374940059
1.0,0.7876288067033856
1.0,0.38659521172899486
1.0,0.4859557009991065
1.0,0.8240383837421048
1.0,0.5594563914286328
1.0,0.14252957492989446
1.0,0.09284566164197189
1.0,0.745867136554683
1.0,0.892398144611541
1.0,0.28674156470024464
1.0,0.293639455789307
1.0,0.8835486183838861
1.0,0.7547323562295071
1.0,0.08596371917808139
1.0,0.15137223011456355
1.0,0.5525672251756938
1.0,0.8309137178462476
1.0,0.47709895848763856
1.0,0.3797142074195262
1.0,0.7964950095640438
1.0,0.5870016644312437
1.0,0.2487729523235539
1.0,0.04956266621043938
1.0,0.6553652604759564
1.0,0.9829019045043467
1.0,0.33002645895632704
1.0,0.37726444136570486
1.0,0.9678190542025344
1.0,0.6716771080808965
1.0,0.0025704352281807207
1.0,0.20079717900848926
1.0,0.6023304500384418
1.0,0.7804290897592542
1.0,0.4259686399908627
1.0,0.4603867497305454
1.0,0.8778134824523773
1.0,0.5049293657018445
1.0,0.1663621374578006
1.0,0.10193812952425241
1.0,0.7080785194235277
1.0,0.9314324131631212
1.0,0.27791175754038316
1.0,0.2573861142972349
1.0,0.9266159930938669
1.0,0.7091913760236906
1.0,0.11875948879571317
1.0,0.17926870216315802
1.0,0.5336059459876334
1.0,0.8533342500814723
1.0,0.45167825344266777
1.0,0.42314557103472394
1.0,0.76183552488762
1.0,0.6250879795380118
1.0,0.20778445276009583
1.0,0.029244065204809284
1.0,0.6826419952186953
1.0,0.9531801442020802
1.0,0.3469165483588888
1.0,0.3308809534576319
1.0,0.9995263845651414
1.0,0.6345735735255439
1.0,0.044541685322112695
1.0,0.2240659829667386
1.0,0.5780039482692637
1.0,0.8091661481698492
1.0,0.408093878717571
1.0,0.4995922455364342
1.0,0.8376982320352719
1.0,0.549487595377187
1.0,0.13258358728875339
1.0,0.0710914245020972
1.0,0.7240895956589689
1.0,0.9099965527986263
1.0,0.3043171644770254
1.0,0.3037309821403769
1.0,0.9095332311650668
1.0,0.7255360731057127
1.0,0.0726610028194618
1.0,0.13316595696583133
1.0,0.5499471043511761
1.0,0.8362556272899816
1.0,0.49802653992052315
1.0,0.40849526714881607
1.0,0.8096903973041831
1.0,0.5764954025259686
1.0,0.22268053809406438
1.0,0.04414416959232113
1.0,0.6340531970926635
1.0,1.001031117648866
1.0,0.33226258567073563
1.0,0.34749842081412313
1.0,0.9536391859751673
1.0,0.6811988970041791
1.0,0.02767789614061377
1.0,0.207198767645291
1.0,0.6246251251053543
1.0,0.7632824958035896
1.0,0.42471561280037295
1.0,0.4512802442436503
1.0,0.8528134102003075
1.0,0.5351101818495143
1.0,0.18064986717535964
1.0,0.11916137069618414
1.0,0.709716088606309
1.0,0.9251079445724154
1.0,0.25600113662546276
1.0,0.27849748768660026
1.0,0.9318952826062495
1.0,0.7066315935389703
1.0,0.10036810276907415
1.0,0.165780280013037
1.0,0.5044703689601698
1.0,0.8792565956773642
1.0,0.46195296382615314
1.0,0.425566803121804
1.0,0.7799043921871066
1.0,0.6038385435913055
1.0,0.20218217169073216
1.0,0.0029684594376689424
1.0,0.6721979929934736
1.0,0.9663148333511242
1.0,0.3758833213849155
1.0,0.32944413431066133
1.0,0.9824424105408283
1.0,0.656807910252659
1.0,0.051128386836821235
1.0,0.2493591496706731
1.0,0.5874650310962155
1.0,0.7950485471277707
1.0,0.3781446741335739
1.0,0.4774965192488424
1.0,0.8314341092895988
1.0,0.5510625371233815
1.0,0.14999061291193055
1.0,0.08556234575730708
1.0,0.7542081521265854
1.0,0.8850571791376519
1.0,0.2950249456933935
1.0,0.28615919689947555
1.0,0.8919386375138607
1.0,0.7473097394236644
1.0,0.09441136538157414
1.0,0.14311575539023408
1.0,0.5599197111858836
1.0,0.8225919081716699
1.0,0.48438612455805075
1.0,0.38699272558247755
1.0,0.7881491812599573
1.0,0.5943455062865902
1.0,0.24049246272233327
1.0,0.058017038981136984
1.0,0.6479647409593667
1.0,0.9912986464489084
1.0,0.3225682936031307
1.0,0.3689993112286791
1.0,0.9751782705325467
1.0,0.6633466617567111
1.0,0.009864320360562381
1.0,0.19332364668586263
1.0,0.6107118100031025
1.0,0.7730131957679988
1.0,0.43440765329736536
1.0,0.4688497779139392
1.0,0.8704062326159651
1.0,0.5133347442960141
1.0,0.1588972530426348
1.0,0.1092099211199989
1.0,0.699741350284755
1.0,0.9387695322038806
1.0,0.26963990083615264
1.0,0.2648644499705015
1.0,0.9182240657577981
1.0,0.7166120733655861
1.0,0.1103099081178025
1.0,0.1875232649287757
1.0,0.5262515330082611
1.0,0.8616541290342499
1.0,0.4443891716609261
1.0,0.41586513340782544
1.0,0.7701794187172887
1.0,0.6177422144661003
1.0,0.21606303415522238
1.0,0.02078776171231146
1.0,0.6900405990239555
1.0,0.9447814902988066
1.0,0.35437278674290257
1.0,0.3391441528728574
1.0,0.9921652525237997
1.0,0.6429021078910176
1.0,0.0372458732205485
1.0,0.23153759582541808
1.0,0.5696206538301851
1.0,0.8165801189445397
1.0,0.39965295720497424
1.0,0.49112730539432864
1.0,0.8451035549025017
1.0,0.5410802860612173
1.0,0.1400465559925897
1.0,0.06381770968978587
1.0,0.7324248565916475
1.0,0.9026575142939198
1.0,0.312587086706838
1.0,0.30830793266452106
1.0,0.8983784803353689
1.0,0.735950304876665
1.0,0.06734303789103732
1.0,0.13670567457960553
1.0,0.5377392845644671
1.0,0.8496900051783217
1.0,0.4957138757539146
1.0,0.39635398502632413
1.0,0.8132807865145917
1.0,0.5741334927574471
1.0,0.23605079500397805
1.0,0.0329171245828735
1.0,0.6385737195046406
1.0,0.9957719975183993
1.0,0.34275053761615887
1.0,0.3586553050069764
1.0,0.9490638884791145
1.0,0.6865108258470533
1.0,0.017258108619175157
1.0,0.21940823670747372
1.0,0.6210875371021177
1.0,0.7655896079723296
1.0,0.4112752025791003
1.0,0.44768381894769144
1.0,0.8649491365723132
1.0,0.521742058302756
1.0,0.18301342997197256
1.0,0.11463529628633835
1.0,0.720937101282824
1.0,0.9146216419024658
1.0,0.2612623863664672
1.0,0.2741642077630676
1.0,0.9432941993820936
1.0,0.6964615314667819
1.0,0.10592974205072776
1.0,0.1624848446765573
1.0,0.5169219756786386
1.0,0.8660660159786371
1.0,0.4645099215279092
1.0,0.4379523750268258
1.0,0.7765577974136932
1.0,0.6064442440442045
1.0,0.18905620081073068
1.0,0.014439182552963394
1.0,0.6679216440328781
1.0,0.9718181156751194
1.0,0.36563903628748595
1.0,0.31803966553694857
1.0,0.9867696581314284
1.0,0.651247920246479
1.0,0.06130057851954728
1.0,0.23690150686665393
1.0,0.5907549106822089
1.0,0.7924937227891701
1.0,0.3913369068603924
1.0,0.48084476329772946
1.0,0.8190506669951145
1.0,0.5641829560055144
1.0,0.14737888012609887
1.0,0.08984082808105798
1.0,0.7427390820393822
1.0,0.8952954281495311
1.0,0.2895161076189119
1.0,0.2983661254394838
1.0,0.8883979986324443
1.0,0.7496215236014252
1.0,0.0809760774834449
1.0,0.15426946862114138
1.0,0.5553417530838903
1.0,0.8279088392539214
1.0,0.4739708889618671
1.0,0.38247312443814274
1.0,0.7993771175161056
1.0,0.5838584643509561
1.0,0.24575246284164773
1.0,0.054427657348577546
1.0,0.6601070606806493
1.0,0.9779293933642261
1.0,0.3249312372178252
1.0,0.37253781674694025
1.0,0.962969688964447
1.0,0.6767879857403907
1.0,0.0075580919332879646
1.0,0.19789995551238218
1.0,0.5995559671616575
1.0,0.7834339833620511
1.0,0.42909675454804647
1.0,0.4576278777433411
1.0,0.8749313895107863
1.0,0.5080726108135443
1.0,0.1693826419501775
1.0,0.097073153396585
1.0,0.7033367642502472
1.0,0.9364049393137125
1.0,0.28300702431029723
1.0,0.25241384332464645
1.0,0.9215205311878331
1.0,0.7140561269942968
1.0,0.123501529167938
1.0,0.1761252619153385
1.0,0.5305856966732593
1.0,0.8560934072676208
1.0,0.45456012122719763
1.0,0.4201404522748658
1.0,0.7587076955293806
1.0,0.6279854582121216
1.0,0.21055874050076034
1.0,0.024133472744259456
1.0,0.6776541133565268
1.0,0.957906573684725
1.0,0.35176616877497896
1.0,0.3358532394406911
1.0,1.0046218915025875
1.0,0.6297088375654085
1.0,0.03979968998130012
1.0,0.22720946824597035
1.0,0.5810242125941086
1.0,0.806407036015113
1.0,0.4052120259435119
1.0,0.5025973793067632
1.0,0.8408261064249236
1.0,0.546590131713548
1.0,0.12980934457950113
1.0,0.07620206199405928
1.0,0.7290774925316081
1.0,0.9052701683473938
1.0,0.299467559071406
1.0,0.3010476512853765
1.0,0.9073113822228047
1.0,0.7312147734198191
1.0,0.07781673833263787
1.0,0.12748569368645807
1.0,0.5447890853701373
1.0,0.8389366784297368
1.0,0.500246829650136
1.0,0.40286099595182084
1.0,0.8045171276848622
1.0,0.579222685915634
1.0,0.22488533701786328
1.0,0.04141484665494271
1.0,0.6318465987886834
1.0,1.0066635857130624
1.0,0.33743381198972566
1.0,0.35411473704946705
1.0,0.9597940202977728
1.0,0.6794531783177985
1.0,0.026455142255163523
1.0,0.20894220286380874
1.0,0.6258463160255376
1.0,0.7566646203555967
1.0,0.4185584987625222
1.0,0.45297768737979005
1.0,0.854049851758773
1.0,0.5284460741516113
1.0,0.1745082439433229
1.0,0.12582367901390606
1.0,0.7158556722906325
1.0,0.9234084581359449
1.0,0.2547628919341985
1.0,0.2812094003542175
1.0,0.9340847108080004
1.0,0.700981951619927
1.0,0.09517946242770522
1.0,0.17142811879928138
1.0,0.5096569660012079
1.0,0.8765426434620339
1.0,0.45976173624422106
1.0,0.4312301327138624
1.0,0.7850447569782347
1.0,0.6011398420142571
1.0,0.19994495202642207
1.0,0.005664881299472186
1.0,0.6744336534451346
1.0,0.960649940793799
1.0,0.37074067312592457
1.0,0.3227953973348063
1.0,0.9763161580308396
1.0,0.6585207241108467
1.0,0.05238019911733466
1.0,0.2476442925121545
1.0,0.5862114156829032
1.0,0.8016954847234447
1.0,0.38426888709584944
1.0,0.4757661712845098
1.0,0.8302267261261965
1.0,0.5576942240807734
1.0,0.15616081795658415
1.0,0.07892909958726602
1.0,0.7480356673666866
1.0,0.8867852436341217
1.0,0.2962307658915289
1.0,0.28738218907614893
1.0,0.8936841141564005
1.0,0.7411546668098357
1.0,0.0877952911900711
1.0,0.14927263113686165
1.0,0.5665378286777174
1.0,0.8213709555427097
1.0,0.48264244729569217
1.0,0.3931341105232911
1.0,0.7948135310017012
1.0,0.5931093030193479
1.0,0.2387947775423527
1.0,0.059255521963624394
1.0,0.6496639853519964
1.0,0.9851588244733617
1.0,0.3159062273292496
1.0,0.3638433336716623
1.0,0.9694998085096633
1.0,0.665568752742814
1.0,0.012547412924339616
1.0,0.19110359900009055
1.0,0.6080305205721241
1.0,0.7781709727051969
1.0,0.44008815486796177
1.0,0.46664522103398115
1.0,0.8676787109350766
1.0,0.5185077718714942
1.0,0.1645317625308532
1.0,0.10403845275716798
1.0,0.6941091205117819
1.0,0.9409763725517015
1.0,0.27236898548230787
1.0,0.26361287598121125
1.0,0.9165110098557696
1.0,0.7227380875843517
1.0,0.11695888713749841
1.0,0.18139881367527697
1.0,0.519604837456428
1.0,0.8629079827387853
1.0,0.44610378677560386
1.0,0.4096946900719487
1.0,0.7635479738037376
1.0,0.6189498359207257
1.0,0.21779314007571413
1.0,0.019582179805399225
1.0,0.688312292483645
1.0,0.9509537367674823
1.0,0.36100627495678445
1.0,0.34433255117038547
1.0,0.9978151327340661
1.0,0.6407129217331076
1.0,0.03453372226170809
1.0,0.233729065451191
1.0,0.5723343677542924
1.0,0.8113932798596609
1.0,0.394005356709953
1.0,0.49336476710247956
1.0,0.8478020181883269
1.0,0.5359396792262484
1.0,0.13438346469175444
1.0,0.06896011590493592
1.0,0.7380899874401959
1.0,0.9004220958860998
1.0,0.3098904265538116
1.0,0.3144802973406538
1.0,0.905011846589176
1.0,0.7347446047622956
1.0,0.06561485331080158
1.0,0.13791317782677376
1.0,0.5394695124450337
1.0,0.8435196800499021
1.0,0.48908230888028875
1.0,0.3976074803558704
1.0,0.8149957637568762
1.0,0.5680093998789375
1.0,0.22940373732453814
1.0,0.039043497176628215
1.0,0.6452223363967297
1.0,0.9945200651541198
1.0,0.34103784384173713
1.0,0.3564197646390814
1.0,0.9463673465335453
1.0,0.6916533540222781
1.0,0.022923121260266403
1.0,0.21426775183257968
1.0,0.6154243275938253
1.0,0.7678269477204056
1.0,0.41397378407238267
1.0,0.44249734199041935
1.0,0.8593011777023029
1.0,0.5239331658009221
1.0,0.18572750227106896
1.0,0.11244574800082145
1.0,0.7182253086989727
1.0,0.9198104023276007
1.0,0.26691190820174443
1.0,0.26802474416251004
1.0,0.9366317709806057
1.0,0.6976996560742802
1.0,0.10762934857096433
1.0,0.1612482830343259
1.0,0.5152246526262649
1.0,0.8722077592944398
1.0,0.47117390914204627
1.0,0.43673130419040845
1.0,0.7748142421114095
1.0,0.6126012379982892
1.0,0.19567419634248973
1.0,0.008284228146591814
1.0,0.6613054478813002
1.0,0.9730409896443357
1.0,0.36738463489010054
1.0,0.32024614375716265
1.0,0.9894991011525728
1.0,0.6460768140112549
1.0,0.055667990371584895
1.0,0.24207489656974082
1.0,0.596389061795438
1.0,0.7902888037816052
1.0,0.3886097435544932
1.0,0.4860026621950024
1.0,0.8247310503582538
1.0,0.5619627863596675
1.0,0.14469770890257763
1.0,0.09206279710708605
1.0,0.7454222928106167
1.0,0.890139572552589
1.0,0.2838375273885715
1.0,0.2927008745071694
1.0,0.8832557125010603
1.0,0.7523183038382176
1.0,0.08321137580749899
1.0,0.15157112541908213
1.0,0.5531041712919734
1.0,0.8335718104709907
1.0,0.47911161588060197
1.0,0.37975929043026946
1.0,0.7971857679740987
1.0,0.5895061849297434
1.0,0.25093918184276065
1.0,0.04877789722207715
1.0,0.6549185422993552
1.0,0.9806414242393006
1.0,0.32712054345950126
1.0,0.3742662433710169
1.0,0.9641751507875932
1.0,0.6701543774427428
1.0,0.0013859655483783736
1.0,0.20453128034216725
1.0,0.6057265305813003
1.0,0.7817039975253254
1.0,0.42788901300965504
1.0,0.46427469337894023
1.0,0.8810557206805191
1.0,0.5063578756151006
1.0,0.16812890832940808
1.0,0.09878608921484758
1.0,0.7045884583233034
1.0,0.9297560803777826
1.0,0.27688089000776567
1.0,0.25804619318138566
1.0,0.9266918794668979
1.0,0.7113269222643755
1.0,0.12129480890388308
1.0,0.17885266351246093
1.0,0.5327903736369833
1.0,0.8504590178631685
1.0,0.44938697356795154
1.0,0.4228218617896102
1.0,0.7609276231313866
1.0,0.6223048365577591
1.0,0.2054010836473283
1.0,0.029811814683376712
1.0,0.6828102109973097
1.0,0.9552236012047138
1.0,0.34954395770511004
1.0,0.3341538749642954
1.0,1.0033835286038661
1.0,0.6363710239230556
1.0,0.04593939187308084
1.0,0.22054523858799244
1.0,0.5748827075695291
1.0,0.8081046011113275
1.0,0.4064483492945202
1.0,0.49597914173116325
1.0,0.8346693507620621
1.0,0.5483339290596726
1.0,0.1310301771246954
1.0,0.07445670543528553
1.0,0.7278543802711688
1.0,0.9118861224551309
1.0,0.3056227517690007
1.0,0.3049885809573645
1.0,0.9112906036056759
1.0,0.7272204515033734
1.0,0.07386094829460742
1.0,0.13141838261000427
1.0,0.5486834825828002
1.0,0.8350573217087655
1.0,0.4963289410507494
1.0,0.4068058320988215
1.0,0.8084848848206981
1.0,0.5752399483299895
1.0,0.22092576058858615
1.0,0.04533595124768757
1.0,0.635744782392593
1.0,1.0027803225170784
1.0,0.33352738763737433
1.0,0.35017043002156034
1.0,0.9558267622600893
1.0,0.6834364375173014
1.0,0.030415210277357732
1.0,0.2050205166153223
1.0,0.621947580786828
1.0,0.7605472943906038
1.0,0.42246436397483816
1.0,0.44903715923789467
1.0,0.8500710018850528
1.0,0.532440805103385
1.0,0.1784644129957398
1.0,0.12189052101314894
1.0,0.7119608360217001
1.0,0.9272873532849406
1.0,0.2586803489825511
1.0,0.27723811575775537
1.0,0.930136617388847
1.0,0.704945926117134
1.0,0.09916638793468889
1.0,0.167525717253091
1.0,0.5057313732777088
1.0,0.8804522950655965
1.0,0.46364843683800694
1.0,0.4272550692313889
1.0,0.781108255395118
1.0,0.6050923447591933
1.0,0.20393577650318304
1.0,0.0017739515055525262
1.0,0.6705041617518581
1.0,0.9645633712833729
1.0,0.3746157818836737
1.0,0.32677095991543215
1.0,0.9802531887330502
1.0,0.6545687129588276
1.0,0.04838989625443225
1.0,0.2515346706712741
1.0,0.5901403257204382
1.0,0.7977814950938353
1.0,0.38039318917712334
1.0,0.47973782739012305
1.0,0.8341752210754425
1.0,0.553730628597953
1.0,0.15217430148492841
1.0,0.08283106207718693
1.0,0.7519607910129749
1.0,0.8828751604795251
1.0,0.2923436037257675
1.0,0.2834879832469881
1.0,0.8897513464278829
1.0,0.7450725141304279
1.0,0.09167481677883843
1.0,0.145293210865253
1.0,0.5625969703054655
1.0,0.8253267943647701
1.0,0.48663660784957735
1.0,0.38923600572435296
1.0,0.7908922350254542
1.0,0.5970155585039033
1.0,0.24267808201713134
1.0,0.055287693528052434
1.0,0.6457193480937333
1.0,0.9891185622651995
1.0,0.3198889161308641
1.0,0.36774190754781133
1.0,0.9734215435421798
1.0,0.6616629588302342
1.0,0.008664540000595024
1.0,0.19507102590556996
1.0,0.6119747863212363
1.0,0.7742108258780311
1.0,0.4361050870519609
1.0,0.47054000851888356
1.0,0.8716120302983944
1.0,0.514590513711879
1.0,0.1606527960821213
1.0,0.1080173439096827
1.0,0.6980494797858813
1.0,0.9370200121157826
1.0,0.26837433333550564
1.0,0.26753838989973894
1.0,0.920413602785462
1.0,0.7188515558583617
1.0,0.11304919425514125
1.0,0.18534697839416642
1.0,0.5235759231641528
1.0,0.8589208958692411
1.0,0.4421398610624269
1.0,0.4136239903817231
1.0,0.7674389824026288
1.0,0.6150747684417712
1.0,0.21387954071834428
1.0,0.023518880277253355
1.0,0.6922872846663823
1.0,0.9469628635066913
1.0,0.35705393357440884
1.0,0.3404036899168805
1.0,0.993924593212386
1.0,0.6445884207630962
1.0,0.03844778319105351
1.0,0.22979199347018578
1.0,0.5683589740414624
1.0,0.8153837741060653
1.0,0.39795728905700073
1.0,0.48943980481875193
1.0,0.843900006914376
1.0,0.5398267700922738
1.0,0.13829374673508857
1.0,0.06501145208789404
1.0,0.7341183726133773
1.0,0.9044086911627269
1.0,0.31385383065313
1.0,0.3104938559213518
1.0,0.9010483561796507
1.0,0.7386931747638953
1.0,0.06958661448971004
1.0,0.1340260006505416
1.0,0.5355593842590247
1.0,0.8474447886857195
1.0,0.4929842263387974
1.0,0.3936171324615557
1.0,0.8110437375943863
1.0,0.5719463855497359
1.0,0.23337928489469328
1.0,0.035167904331197375
1.0,0.6413084218194741
1.0,0.9984490802649499
1.0,0.3449282970532105
1.0,0.3604105440844302
1.0,0.9503198342680107
1.0,0.6877168074077492
1.0,0.01894804276732219
1.0,0.21814296566362407
1.0,0.619337833135753
1.0,0.7638975611004244
1.0,0.41008292933081675
1.0,0.4464843425497568
1.0,0.863265257272805
1.0,0.5199851474341225
1.0,0.18175632274790207
1.0,0.11633243358413654
1.0,0.7221349152711231
1.0,0.9158847945936308
1.0,0.2630094616241418
1.0,0.2719810182882222
1.0,0.9406265769847331
1.0,0.6937209112738553
1.0,0.10368889548142271
1.0,0.16516569505126627
1.0,0.51910353276479
1.0,0.8683128779940952
1.0,0.4672407361308184
1.0,0.4406913572021319
1.0,0.7787974562795001
1.0,0.608633964950135
1.0,0.19172984428317077
1.0,0.012190168411261483
1.0,0.6651882269896026
1.0,0.9691423294579797
1.0,0.3634630537149094
1.0,0.31628655231741476
1.0,0.985516318535516
1.0,0.6500445561366202
1.0,0.05961278148717328
1.0,0.23816854726974324
1.0,0.5925059036727492
1.0,0.7941870624378685
1.0,0.3925309532205333
1.0,0.4820469772302672
1.0,0.8207368034941619
1.0,0.5659421128158338
1.0,0.14863871362691933
1.0,0.08814486347628712
1.0,0.7415429210791745
1.0,0.8940339247338397
1.0,0.28777020130164693
1.0,0.2966110514772083
1.0,0.8871427283147318
1.0,0.7484161874909715
1.0,0.07928633847141761
1.0,0.15553457454981276
1.0,0.5570907815790713
1.0,0.8296002406755844
1.0,0.47516296707403083
1.0,0.38367336637008564
1.0,0.8010613120354996
1.0,0.585615660418534
1.0,0.24701036562066797
1.0,0.0527297545167711
1.0,0.6589089314724644
1.0,0.9766659554741168
1.0,0.3231833664052008
1.0,0.37035265902411774
1.0,0.9603001283400509
1.0,0.6740454010521046
1.0,0.0053153108895649965
1.0,0.20057886390743784
1.0,0.6017355522472141
1.0,0.7856789146557089
1.0,0.43182560840821393
1.0,0.4603648954232878
1.0,0.8771691139021753
1.0,0.5102603634714977
1.0,0.17205434719558202
1.0,0.09482220853308287
1.0,0.70060138646423
1.0,0.9337272111169196
1.0,0.28082906973712585
1.0,0.2541671516803
1.0,0.9227745162339875
1.0,0.7152601665753395
1.0,0.12518949131549023
1.0,0.17485802637612943
1.0,0.5288340582324766
1.0,0.8543993921477386
1.0,0.4533659097518785
1.0,0.4189390338972778
1.0,0.7570218442292775
1.0,0.6262266166216878
1.0,0.20929967253394813
1.0,0.025828641794080554
1.0,0.6788499891177903
1.0,0.9591677618805307
1.0,0.3535113095582357
1.0,0.3380372244704863
1.0,1.0072897990988923
1.0,0.6324497729782209
1.0,0.04204130208461343
1.0,0.22452782231631166
1.0,0.578842370309013
1.0,0.8041598587797691
1.0,0.4024804458065945
1.0,0.49985859226757684
1.0,0.838587093009359
1.0,0.5444010862788011
1.0,0.1271358662222393
1.0,0.07845088099964144
1.0,0.7318102641246415
1.0,0.9079452790933498
1.0,0.3016433765288043
1.0,0.2998480942061616
1.0,0.9056273922210747
1.0,0.7294577931277584
1.0,0.07655953166419867
1.0,0.12918284411841818
1.0,0.5459869425135397
1.0,0.8401998480076815
1.0,0.5019939518155317
1.0,0.40461628568961344
1.0,0.8057730941131557
1.0,0.5804287068788156
1.0,0.22657528054755452
1.0,0.04014947241410665
1.0,0.6300968216462738
1.0,1.0049714318915532
1.0,0.3362414618127796
1.0,0.35137793139241974
1.0,0.9575569882643471
1.0,0.6772661142651908
1.0,0.023783645280040674
1.0,0.2111928831677639
1.0,0.6285809489169439
1.0,0.7593415923999256
1.0,0.42073617751829356
1.0,0.4551635337079582
1.0,0.8567196206534508
1.0,0.5311888708627966
1.0,0.17675171734500922
1.0,0.12314401446638636
1.0,0.7136758113876759
1.0,0.9211632622827399
1.0,0.2520332931794201
1.0,0.28241150358453343
1.0,0.9357707666257674
1.0,0.7027410089858779
1.0,0.09643922650509847
1.0,0.16973219734961395
1.0,0.5084608181751621
1.0,0.8752811869540635
1.0,0.4580158468137357
1.0,0.42947704013372584
1.0,0.7837914680426612
1.0,0.5999364872859424
1.0,0.19825719439653378
1.0,0.006931848526516588
1.0,0.6761845432386886
1.0,0.9623432035138347
1.0,0.3719346125364613
1.0,0.3255343963968919
1.0,0.9785558638043677
1.0,0.6607104581509392
1.0,0.05505388574487817
1.0,0.24539520894702538
1.0,0.583477899195259
1.0,0.7990196178250247
1.0,0.38209279382105105
1.0,0.4735828748600603
1.0,0.8275590268001735
1.0,0.5549535006908604
1.0,0.15391989821123417
1.0,0.08160998936446068
1.0,0.7502172338343822
1.0,0.8890321563099186
1.0,0.29896160113383535
1.0,0.290119309953082
1.0,0.8959219117238345
1.0,0.7433425264173932
1.0,0.0904670733641382
1.0,0.14702163561302073
1.0,0.5638024302523029
1.0,0.8186931879434309
1.0,0.4804644833409766
1.0,0.3909489396663067
1.0,0.7921439272222016
1.0,0.5903667014442823
1.0,0.23655194959090864
1.0,0.061934511039960345
1.0,0.6518436811397749
1.0,0.9874038251904469
1.0,0.3186351806337858
1.0,0.36504356622206097
1.0,0.9711839636265717
1.0,0.6673259281709946
1.0,0.013805265043021075
1.0,0.1894057730969467
1.0,0.6068324983135434
1.0,0.7769076079911325
1.0,0.43834038725232377
1.0,0.4648902465160743
1.0,0.8664235100407914
1.0,0.5173025464632622
1.0,0.1628421042001062
1.0,0.1053035117781183
1.0,0.6958581321201832
1.0,0.9426677308182609
1.0,0.27356105046030976
1.0,0.26087416211806985
1.0,0.9142720996371912
1.0,0.7205491190782675
1.0,0.11428551572984066
1.0,0.18364761204146185
1.0,0.5223375583891225
1.0,0.8655830841031971
1.0,0.44827956483051645
1.0,0.4118786319466405
1.0,0.7662158682658805
1.0,0.6216907244258171
1.0,0.22003473529224785
1.0,0.016900644577962306
1.0,0.6861305308798297
1.0,0.9487066589765071
1.0,0.35827476424329424
1.0,0.3431310933903118
1.0,0.9961292720524189
1.0,0.638954029482335
1.0,0.0332746336554986
1.0,0.23542434145061616
1.0,0.5735303204442185
1.0,0.8126545712524529
1.0,0.3957505706692547
1.0,0.49511814488156036
1.0,0.8490561026788501
1.0,0.5371437994885713
1.0,0.13607153754152848
1.0,0.06769286347894726
1.0,0.7363383020916922
1.0,0.8987280676320557
1.0,0.3086961719233891
1.0,0.3122372930161784
1.0,0.902269548976143
1.0,0.7320752974395934
1.0,0.06342949857555047
1.0,0.14064231500957664
1.0,0.5417142167053215
1.0,0.8456990718756477
1.0,0.491761474329656
1.0,0.4002794389029688
1.0,0.8171833194024011
1.0,0.5702469009895742
1.0,0.23214104207973787
1.0,0.036865349343645944
1.0,0.6425448652542484
1.0,0.991784970690738
1.0,0.3387866719448649
1.0,0.35473028268136575
1.0,0.9451618171632806
1.0,0.6903978566711956
1.0,0.021168330620626265
1.0,0.21545963293231485
1.0,0.617115982317182
1.0,0.7695762632908397
1.0,0.4152386667203017
1.0,0.4437550177360695
1.0,0.861058657092516
1.0,0.5256176173746276
1.0,0.186927550943201
1.0,0.11069816426345015
1.0,0.716961647528111
1.0,0.9186120761069873
1.0,0.2652142586716319
1.0,0.2702661630060124
1.0,0.9393729634477297
1.0,0.7003678469932203
1.0,0.10981310656738942
1.0,0.15851695619910236
1.0,0.5129772783784925
1.0,0.8700256937285918
1.0,0.46849255028764064
1.0,0.43405810915578197
1.0,0.7726249696432926
1.0,0.6103620313229137
1.0,0.19293566635761503
1.0,0.010459822323237737
1.0,0.6639808457025091
1.0,0.9757740145390629
1.0,0.3696332568832541
1.0,0.321934392979968
1.0,0.990702917452863
1.0,0.6473306020449808
1.0,0.05742155202893238
1.0,0.24088045806105163
1.0,0.5946953299981913
1.0,0.7885374223951341
1.0,0.3873423147554732
1.0,0.48474339721576154
1.0,0.8229724620695139
1.0,0.5602772221348175
1.0,0.14349606724423727
1.0,0.09380819494465438
1.0,0.7466832877466114
1.0,0.8913352212804825
1.0,0.285532979761028
1.0,0.29439100191512735
1.0,0.8844614370074446
1.0,0.7535739663044784
1.0,0.08496684191832288
1.0,0.1503785988691047
1.0,0.5514123214324969
1.0,0.8318223297853784
1.0,0.47784605776149924
1.0,0.3785018998835636
1.0,0.7954290841388353
1.0,0.587822498890046
1.0,0.2497394483905144
1.0,0.05052519576050419
1.0,0.6561814079152672
1.0,0.9818389849259058
1.0,0.32881787776972804
1.0,0.3765095328944365
1.0,0.9669182439555759
1.0,0.6728244502994533
1.0,0.0035716355035152404
1.0,0.2018018579604201
1.0,0.6034810307660627
1.0,0.7795238401655714
1.0,0.42520953234040204
1.0,0.46160338028208403
1.0,0.8788683601711139
1.0,0.5041205396196422
1.0,0.16539227904539208
1.0,0.1009635915975876
1.0,0.707265734329665
1.0,0.9324910097259861
1.0,0.27913138643345414
1.0,0.25635861942976407
1.0,0.9254882282817859
1.0,0.7100733293667694
1.0,0.11954189269677785
1.0,0.18004642654996636
1.0,0.5344839403190518
1.0,0.8522102041135198
1.0,0.45065375691672926
1.0,0.4240814419887367
1.0,0.7626869769541348
1.0,0.6239911963375588
1.0,0.20660301050461288
1.0,0.028066101625922643
1.0,0.6815484505273067
1.0,0.9540271569218707
1.0,0.34784822013370925
1.0,0.33191277134067876
1.0,1.0006431016707504
1.0,0.6337036285590651
1.0,0.04375591907560001
1.0,0.22327625020333022
1.0,0.5771293162832933
1.0,0.8102858711222258
1.0,0.40912942294998156
1.0,0.49865301223697345
1.0,0.8368587883453572
1.0,0.5505733308711679
1.0,0.13376935255981234
1.0,0.07228043578745585
1.0,0.7251788173347815
1.0,0.9091529024242839
1.0,0.3033734843256049
1.0,0.3049434060074879
1.0,0.9105999934240196
1.0,0.72471608298589
1.0,0.071694630588885
1.0,0.13220330357938284
1.0,0.5491301125728858
1.0,0.8373177100346781
1.0,0.49923500477597377
1.0,0.4077443251944434
1.0,0.8087779426845404
1.0,0.5776541489496776
1.0,0.2236780120200352
1.0,0.04513720417156764
1.0,0.6352077443371801
1.0,1.0001221417058195
1.0,0.33151488222542724
1.0,0.34628263460156417
1.0,0.9525844320928144
1.0,0.6820078394175298
1.0,0.028648591386766585
1.0,0.2081724687382115
1.0,0.6254377938680686
1.0,0.7622237754043412
1.0,0.4234951395683223
1.0,0.452035509213599
1.0,0.8537148171134783
1.0,0.5339634438024055
1.0,0.1796490309039408
1.0,0.11815632774033762
1.0,0.7085649037072403
1.0,0.9260125974998858
1.0,0.2567598877772431
1.0,0.2775619732312678
1.0,0.931044427205947
1.0,0.7077289809108709
1.0,0.10154990902847279
1.0,0.16695787958800795
1.0,0.5055633094801107
1.0,0.8784089862913615
1.0,0.46102093555265233
1.0,0.4265951423282545
1.0,0.7810322808355712
1.0,0.6029567065793751
1.0,0.20140060462341178
1.0,0.0021898982171162603
1.0,0.6713198823309069
1.0,0.9674387554826931
1.0,0.3769069735718743
1.0,0.3303839717815698
1.0,0.9832822182346587
1.0,0.6557225312573585
1.0,0.04994321823197459
1.0,0.24816954171910213
1.0,0.5863754529217227
1.0,0.7958918334981975
1.0,0.3790877501135467
1.0,0.4764648176969439
1.0,0.8303182290177342
1.0,0.55193332642884
1.0,0.15077650299482692
1.0,0.08635195468433177
1.0,0.7550819397735761
1.0,0.883936619351531
1.0,0.29398928512983463
1.0,0.2870990306177663
1.0,0.8927784414550735
1.0,0.7462243641809816
1.0,0.09322620052934519
1.0,0.14192614368604542
1.0,0.558830129258773
1.0,0.8234351982947143
1.0,0.48532920429064125
1.0,0.38596102778319674
1.0,0.7870333047407103
1.0,0.5952162918394309
1.0,0.24127834905261195
1.0,0.058806651660779356
1.0,0.6488385323589752
1.0,0.9901780829101698
1.0,0.32153262928695414
1.0,0.3680638005259644
1.0,0.9743274188848619
1.0,0.664444045375994
1.0,0.011046122867343336
1.0,0.19450125001345128
1.0,0.6118047542756611
1.0,0.7721655826293783
1.0,0.4334756212712469
1.0,0.4698781133677721
1.0,0.871534117511812
1.0,0.5124529110367014
1.0,0.15811568972793213
1.0,0.10843135614682853
1.0,0.6988632358695707
1.0,0.9398934580880672
1.0,0.2706635567757292
1.0,0.2636486600053249
1.0,0.9171693081228276
1.0,0.7174210195315545
1.0,0.111280607116573
1.0,0.1884969622690785
1.0,0.5270641980183579
1.0,0.860595412387619
1.0,0.4431687021814932
1.0,0.4166204021303918
1.0,0.7710808293830771
1.0,0.6165954726663737
1.0,0.21506219413118588
1.0,0.019782722509082626
1.0,0.6888894178775046
1.0,0.9456861394736594
1.0,0.3551315341420652
1.0,0.34035658049258605
1.0,0.9932320185353704
1.0,0.6420821140185773
1.0,0.036279497237354005
1.0,0.23057494619158728
1.0,0.5688036658045124
1.0,0.8176421979366186
1.0,0.40086141830780725
1.0,0.4903763596873383
1.0,0.8441910965302412
1.0,0.5422390362375439
1.0,0.1410440336711782
1.0,0.0648107405164147
1.0,0.7335794000835465
1.0,0.9017485421034911
1.0,0.3118393870141473
1.0,0.30724957626918814
1.0,0.8971586112747659
1.0,0.7369246026357978
1.0,0.06815606315243203
1.0,0.1375142604942759
1.0,0.5387093831444075
1.0,0.848473614794315
1.0,0.49465875786764607
1.0,0.39725899445247487
1.0,0.8140401343325843
1.0,0.5731290539730483
1.0,0.2348999741088251
1.0,0.03177002253184888
1.0,0.6375722790617742
1.0,0.9965266658221356
1.0,0.3436515880306493
1.0,0.3597179844178853
1.0,0.9502727098332454
1.0,0.6855485364645204
1.0,0.01644172101233245
1.0,0.21858764241620332
1.0,0.6201208008676252
1.0,0.7668016753407602
1.0,0.4123413681718408
1.0,0.4467754471760927
1.0,0.8642017971309205
1.0,0.5227354493806828
1.0,0.1841685738827015
1.0,0.11579344604383497
1.0,0.7219342187101144
1.0,0.9138703359441774
1.0,0.2603493275753767
1.0,0.275008098304942
1.0,0.944237639365982
1.0,0.6952722800138913
1.0,0.10484076054244719
1.0,0.1613988690150444
1.0,0.5157364505751116
1.0,0.8670054894456299
1.0,0.4653491250502919
1.0,0.43683241190691724
1.0,0.7755224933488146
1.0,0.6072342169751449
1.0,0.18993059262916911
1.0,0.015309367686974136
1.0,0.6687071701118588
1.0,0.9707860576245406
1.0,0.364522559349409
1.0,0.31719241264962617
1.0,0.9858382265241399
1.0,0.6524261239928977
1.0,0.06239388304340386
1.0,0.23799853023463882
1.0,0.5919361127701598
1.0,0.7915576116676253
1.0,0.39048569496140967
1.0,0.48196904943321406
1.0,0.8200749233535211
1.0,0.563404991451174
1.0,0.14650112596221243
1.0,0.08895863457044723
1.0,0.7419569183058495
1.0,0.896323163184534
1.0,0.2906436322634608
1.0,0.2975188763047791
1.0,0.8874665707777735
1.0,0.7507997235952262
1.0,0.08206937825468379
1.0,0.15536649574174397
1.0,0.5565229589244589
1.0,0.826972724379759
1.0,0.47311967331026666
1.0,0.3835974068210096
1.0,0.8004013701218945
1.0,0.5830805035492335
1.0,0.24487471243037898
1.0,0.053545460085349106
1.0,0.6593248931944989
1.0,0.9789571321518468
1.0,0.3260587656149918
1.0,0.373381703536197
1.0,0.9639131251957178
1.0,0.6755987380401177
1.0,0.006469114177625072
1.0,0.1968139760982516
1.0,0.5983704383055128
1.0,0.7843734605816616
1.0,0.42993596182304683
1.0,0.4565079183760502
1.0,0.8738960891985255
1.0,0.508862579991867
1.0,0.17025703001599823
1.0,0.09794334228321343
1.0,0.7041222940818456
1.0,0.9353728775105159
1.0,0.28189054361960264
1.0,0.253476526488173
1.0,0.9227293562945817
1.0,0.7130938338591463
1.0,0.1226851378084776
1.0,0.1753046713766858
1.0,0.5296189641913844
1.0,0.8573054708834339
1.0,0.4556262830673205
1.0,0.41923207675064933
1.0,0.7579603523353702
1.0,0.6289788530426661
1.0,0.21171388816410697
1.0,0.025291618749138395
1.0,0.6786512270311996
1.0,0.9571552714790543
1.0,0.3508531137365062
1.0,0.33479487929274054
1.0,1.0034020186893668
1.0,0.630683139077159
1.0,0.04061271899531251
1.0,0.22801805040802306
1.0,0.5819943074214314
1.0,0.805190649383724
1.0,0.4041569118098611
1.0,0.5035023924855316
1.0,0.841585457995534
1.0,0.5455856891765314
1.0,0.12865851993173053
1.0,0.07505496369565234
1.0,0.7280760558413594
1.0,0.9060248328985125
1.0,0.3003686057332787
1.0,0.3022296939596895
1.0,0.9084085256745557
1.0,0.7303636816046024
1.0,0.07688146779745508
1.0,0.1265534214928076
1.0,0.5439417123990489
1.0,0.8400298628698275
1.0,0.5014241928101927
1.0,0.4020791924695862
1.0,0.8036355345930815
1.0,0.5803508109790129
1.0,0.22591343230416414
1.0,0.04243874276205124
1.0,0.632970284505338
1.0,1.005785231130346
1.0,0.33665548718408733
1.0,0.35292933202970606
1.0,0.9587088852226219
1.0,0.6802932224265432
1.0,0.027394735805922315
1.0,0.20988552276393124
1.0,0.6266893659810501
1.0,0.7555747982609541
1.0,0.41736912722586555
1.0,0.45376381387760073
1.0,0.8549203971440817
1.0,0.5273299574648324
1.0,0.17347678631157407
1.0,0.12478777453019751
1.0,0.7147353489194259
1.0,0.9242824897030852
1.0,0.2555522644463089
1.0,0.280243264538555
1.0,0.933264476768028
1.0,0.7020484774639656
1.0,0.09639213021496588
1.0,0.17263633973458234
1.0,0.5107192851608188
1.0,0.8757258956038931
1.0,0.4587988464428583
1.0,0.4322273702249189
1.0,0.7862037473220933
1.0,0.6002276238095287
1.0,0.1991937661518997
1.0,0.004917421774313525
1.0,0.6735244410871738
1.0,0.9618042441181659
1.0,0.37173394412008537
1.0,0.32376585616604475
1.0,0.97712534436434
1.0,0.6574662066434082
1.0,0.051164168984625995
1.0,0.24642406320025353
1.0,0.5851524588687403
1.0,0.8025079095660094
1.0,0.38524282460368425
1.0,0.4747655714280053
1.0,0.8290797441589379
1.0,0.5585953945790298
1.0,0.1569163268466825
1.0,0.07968760681889668
1.0,0.7489405567090714
1.0,0.8856343026552028
1.0,0.2952254865207681
1.0,0.28835264415476974
1.0,0.8944932967372832
1.0,0.7401001530950149
1.0,0.08657926480998011
1.0,0.148052398072343
1.0,0.5654788681109368
1.0,0.822183384137892
1.0,0.4836163885561447
1.0,0.3921335144194043
1.0,0.7936665527870602
1.0,0.5940104697649867
1.0,0.23955028267983336
1.0,0.060014032947872754
1.0,0.650568878446999
1.0,0.9840078797418251
1.0,0.3149009442058711
1.0,0.3628772016086174
1.0,0.9686795782223087
1.0,0.6666352748342349
1.0,0.01376007695898259
1.0,0.19231182368800923
1.0,0.6090928434843527
1.0,0.7773542210944384
1.0,0.4391252613139813
1.0,0.46764245479241995
1.0,0.8688376975263177
1.0,0.5175955574193835
1.0,0.16378058040894852
1.0,0.10329098947939164
1.0,0.6931999044012034
1.0,0.9421306796286861
1.0,0.2733622602290864
1.0,0.26242746720883264
1.0,0.915425871028001
1.0,0.723578135445714
1.0,0.11789848444087489
1.0,0.18234212982278178
1.0,0.5204478836593228
1.0,0.8618181643967604
1.0,0.4449144189915649
1.0,0.4104808203223771
1.0,0.764418522941664
1.0,0.6178337154813291
1.0,0.2167616786913476
1.0,0.01854627907430837
1.0,0.6871919728650561
1.0,0.951827764582005
1.0,0.36179564371627715
1.0,0.34551459759731606
1.0,0.9989122799384347
1.0,0.6398618261652732
1.0,0.03359844797390762
1.0,0.23279679701015818
1.0,0.5714869985358216
1.0,0.8124864605471338
1.0,0.395182716117392
1.0,0.4925829598676272
1.0,0.8469204213439284
1.0,0.537067808042245
1.0,0.13541156373067298
1.0,0.06998400825942677
1.0,0.7392136694042328
1.0,0.899543745056001
1.0,0.30911210550079093
1.0,0.31339107941745886
1.0,0.903822839056435
1.0,0.7356882811610984
1.0,0.06645849993252631
1.0,0.13875262526930618
1.0,0.5404087494971122
1.0,0.8423339110262255
1.0,0.48799656963369015
1.0,0.3984821085892231
1.0,0.8157854927676669
1.0,0.5669738593991447
1.0,0.22828401812477922
1.0,0.03792677631840161
1.0,0.6441905147610651
1.0,0.9953058351532502
1.0,0.3419077925608336
1.0,0.3575133055778523
1.0,0.9475453063598142
1.0,0.6907216860000753
1.0,0.022076112293093676
1.0,0.21341629601344725
1.0,0.6144884528871948
1.0,0.7690083937285063
1.0,0.41507057102545325
1.0,0.4416193514116186
1.0,0.8585234570681122
1.0,0.5249576585742429
1.0,0.1868515444864039
1.0,0.11357351656552005
1.0,0.7192528073190612
1.0,0.9190279946739184
1.0,0.266029951106048
1.0,0.26883753300899044
1.0,0.9376063126598881
1.0,0.6964800234285915
1.0,0.10657074825548178
1.0,0.16019340906820703
1.0,0.514008025827344
1.0,0.8731776139542307
1.0,0.471982731471631
1.0,0.4355807197101698
1.0,0.7738095594068609
1.0,0.6133603494013676
1.0,0.19657944968879018
1.0,0.00918503464093258
1.0,0.6620603525999509
1.0,0.9720397931216188
1.0,0.36623729642416164
1.0,0.31942999256523424
1.0,0.9885365678498902
1.0,0.6472853989504717
1.0,0.05673091370264346
1.0,0.24314081824233172
1.0,0.5976013655787831
1.0,0.7893223114672624
1.0,0.38778891284830846
1.0,0.48715756969081697
1.0,0.8257246853563304
1.0,0.561215683333189
1.0,0.14378909321082917
1.0,0.09114998223614529
1.0,0.744670750437414
1.0,0.8911364460597299
1.0,0.2849959135609824
1.0,0.29188472706785873
1.0,0.8822931829509955
1.0,0.7535268850248166
1.0,0.08427429538593986
1.0,0.1526370508442907
1.0,0.554316478827936
1.0,0.8326053144040302
1.0,0.4782907814217996
1.0,0.3809141941734664
1.0,0.7981793992195575
1.0,0.5887590856558828
1.0,0.2500305699036299
1.0,0.04786507859851869
1.0,0.6541669961735349
1.0,0.9816383014990591
1.0,0.3282789333845299
1.0,0.37507902846487956
1.0,0.9651496887142581
1.0,0.6689347485496718
1.0,0.0003273689855135024
1.0,0.20347640262343067
1.0,0.6045099000297616
1.0,0.7826738559377339
1.0,0.42869783909185744
1.0,0.46312411265131925
1.0,0.8800510417285882
1.0,0.5071169832655612
1.0,0.16903415792309084
1.0,0.09968689946180603
1.0,0.7053433667945718
1.0,0.928754880102448
1.0,0.27573354778920905
1.0,0.2591397378727742
1.0,0.9278698430457846
1.0,0.7103952504895551
1.0,0.12044779618409267
1.0,0.1780012114459462
1.0,0.5318545026829705
1.0,0.8516404601186515
1.0,0.45048375676840446
1.0,0.42194386745819173
1.0,0.7601498987445783
1.0,0.6233293330836978
1.0,0.20652512961528088
1.0,0.03093957949545763
1.0,0.6838377058647805
1.0,0.9544411973036491
1.0,0.34866200436203126
1.0,0.33306465328848284
1.0,1.0021945173185074
1.0,0.6373147040744761
1.0,0.04678304224742325
1.0,0.22138468227790714
1.0,0.5758219408689899
1.0,0.8069188358402686
1.0,0.4053626138005393
1.0,0.4968537737171337
1.0,0.8354590835254705
1.0,0.547298384827262
1.0,0.12991045417231878
1.0,0.07333998832967661
1.0,0.7268225623881219
1.0,0.9126718887016435
1.0,0.30649269673547946
1.0,0.30691157893222926
1.0,0.912560480987737
1.0,0.7266880985911434
1.0,0.07365896083311432
1.0,0.1302293666338735
1.0,0.5471638609884004
1.0,0.8353476157696809
1.0,0.49727259587200046
1.0,0.4057737505943821
1.0,0.806815053445503
1.0,0.5756797316691042
1.0,0.22171128010048588
1.0,0.04710970011188498
1.0,0.6371725549164734
1.0,1.0020907949656248
1.0,0.3334758501242086
1.0,0.3482508075263055
1.0,0.9545449196565317
1.0,0.6839798550227831
1.0,0.03061292163099591
1.0,0.20619853179270217
1.0,0.6234715422835833
1.0,0.7602536811393438
1.0,0.421532730664349
1.0,0.45006493461353764
1.0,0.851751927874441
1.0,0.5319890265218321
1.0,0.17768229898439147
1.0,0.12012882368065494
1.0,0.7105297142865337
1.0,0.9279812507596912
1.0,0.25872085567602443
1.0,0.27559139863120646
1.0,0.9290815379669097
1.0,0.7057545636302975
1.0,0.09958317710892346
1.0,0.16893037552832527
1.0,0.5075281200594041
1.0,0.8803776395511669
1.0,0.4629819034514337
1.0,0.42856331525299585
1.0,0.7829927683992886
1.0,0.6049287221846283
1.0,0.2033649348676411
1.0,0.0002159612716069271
1.0,0.6693536307464215
1.0,0.9654686612176958
1.0,0.374944564667901
1.0,0.32841339718150847
1.0,0.9813193289956214
1.0,0.6537481139767851
1.0,0.047976486312425265
1.0,0.25014203765941945
1.0,0.588340263501016
1.0,0.7978604867580028
1.0,0.381048718012328
1.0,0.4784329906216852
1.0,0.8322787165814515
1.0,0.5539053420340933
1.0,0.15274083323905627
1.0,0.08437801773882243
1.0,0.7531156881890908
1.0,0.8819665250865337
1.0,0.2920268762258613
1.0,0.285130377357961
1.0,0.8908174735562921
1.0,0.7442518682406642
1.0,0.09126138995005185
1.0,0.14390056096661877
1.0,0.5607968611783223
1.0,0.8254057728947757
1.0,0.48729209352967856
1.0,0.387931122048194
1.0,0.7889957136446836
1.0,0.5971902287849403
1.0,0.24324460063709727
1.0,0.05683463605552603
1.0,0.6468742021147459
1.0,0.9882099099854286
1.0,0.31957214172323684
1.0,0.36609514726615905
1.0,0.9723664509860805
1.0,0.6624715494356767
1.0,0.009081312288050009
1.0,0.1964756672940246
1.0,0.6137714861952104
1.0,0.7741361572294396
1.0,0.4354385105102842
1.0,0.47184820763276936
1.0,0.8734965264157853
1.0,0.5144268479822107
1.0,0.16008194131241746
1.0,0.1064593405415752
1.0,0.6968989056253413
1.0,0.9379252851633259
1.0,0.2687030692120118
1.0,0.2656187542703222
1.0,0.9191317170268009
1.0,0.7193949564770638
1.0,0.11324685870105833
1.0,0.18652494666382516
1.0,0.5250998677741285
1.0,0.8586272394628777
1.0,0.4412082146177758
1.0,0.4146517488705865
1.0,0.7691198614842958
1.0,0.6146229767260564
1.0,0.21309738355189253
1.0,0.02175713978965596
1.0,0.6908561497970539
1.0,0.9476567140737208
1.0,0.3570944233811026
1.0,0.3423266747575833
1.0,0.9951944274393436
1.0,0.6440560509640866
1.0,0.03824574882183933
1.0,0.22860293058633394
1.0,0.5668393355602831
1.0,0.8156740250118774
1.0,0.3989009307440899
1.0,0.48840770642753295
1.0,0.8422301286314599
1.0,0.5402665402972265
1.0,0.1390792230918849
1.0,0.06678515779698803
1.0,0.7355461320030958
1.0,0.9037191167035524
1.0,0.3138022762531847
1.0,0.30921582785367346
1.0,0.8991325482202752
1.0,0.7388870115397711
1.0,0.07012615741742936
1.0,0.1355537729305586
1.0,0.5367412102196663
1.0,0.8465092845500857
1.0,0.49268674226239273
1.0,0.39529418387318155
1.0,0.812067638392267
1.0,0.571168086074267
1.0,0.23293132084901977
1.0,0.033732911770886206
1.0,0.6395428536618355
1.0,0.9984933977416849
1.0,0.3456260053112227
1.0,0.3616842360023706
1.0,0.9522466467787548
1.0,0.6875109453684938
1.0,0.01841181527732978
1.0,0.21662715485248601
1.0,0.6181526279428838
1.0,0.7648373450965309
1.0,0.4103693525665875
1.0,0.4448106365967993
1.0,0.8622293011906033
1.0,0.5207744814819015
1.0,0.18219992062289617
1.0,0.1177563352828723
1.0,0.7239047933101758
1.0,0.9158370678637268
1.0,0.26232374485595006
1.0,0.2730432877256487
1.0,0.9422651434256647
1.0,0.69331131211511
1.0,0.10287210728264186
1.0,0.16336175825408175
1.0,0.517707025175173
1.0,0.8689722213651793
1.0,0.46732354233086526
1.0,0.43879866349140256
1.0,0.777496430294324
1.0,0.6091966258791183
1.0,0.19190068689416645
1.0,0.013348880123256813
1.0,0.6667389971871175
1.0,0.9688217273803112
1.0,0.36255054374415574
1.0,0.31522760207033285
1.0,0.9838657305838225
1.0,0.6504651560941164
1.0,0.06042522978359853
1.0,0.23996141947367614
1.0,0.5939066873702211
1.0,0.7935243435871746
1.0,0.392460112241983
1.0,0.4839353010176994
1.0,0.8220488602990305
1.0,0.5653674003551473
1.0,0.14847122022720977
1.0,0.0869981470067299
1.0,0.7399887453811083
1.0,0.8943588329403046
1.0,0.28867161665820745
1.0,0.29555214438522975
1.0,0.8854921534972001
1.0,0.7488368343561889
1.0,0.08009880365462246
1.0,0.15732746364052527
1.0,0.5584916121842642
1.0,0.8289375349590523
1.0,0.475092169250584
1.0,0.38556173706523894
1.0,0.8023733857271478
1.0,0.5850409911129508
1.0,0.2468428853551203
1.0,0.05158305118137578
1.0,0.6573547989295017
1.0,0.9769908805673614
1.0,0.32408482866948246
1.0,0.37141497161664766
1.0,0.9619387079151445
1.0,0.6736358488010804
1.0,0.004498539577563742
1.0,0.19877494399703294
1.0,0.6003390915653182
1.0,0.7863382711609549
1.0,0.4319084577633642
1.0,0.4584722486202796
1.0,0.8758681048037787
1.0,0.5108230675555844
1.0,0.17222520294073956
1.0,0.0959809333792401
1.0,0.7021521998168482
1.0,0.9334066259260306
1.0,0.2799166066740933
1.0,0.2554408567324023
1.0,0.924701371899835
1.0,0.7150543214228636
1.0,0.12465331073321893
1.0,0.17334226247271248
1.0,0.527648869926387
1.0,0.8553392192989485
1.0,0.45365234612181116
1.0,0.4172653448311
1.0,0.7559859350547968
1.0,0.6270159638036288
1.0,0.20974331356404563
1.0,0.02725258664791972
1.0,0.680619880291005
1.0,0.9591200820583476
1.0,0.3528256096768235
1.0,0.3367592095369699
1.0,1.0053740342946202
1.0,0.6326436266408764
1.0,0.04258089192005384
1.0,0.22605564150404972
1.0,0.5800242131564342
1.0,0.8032243977992387
1.0,0.4021829748643517
1.0,0.5015356605659823
1.0,0.8396110407149606
1.0,0.5436227999374941
1.0,0.1266879453316692
1.0,0.07701593159443368
1.0,0.7300447091011647
1.0,0.9079896434778059
1.0,0.30234110167359607
1.0,0.30026488338039614
1.0,0.9064360297342383
1.0,0.7284027137058211
1.0,0.07491281453764975
1.0,0.12851631073184494
1.0,0.5459122869991102
1.0,0.8419965947893768
1.0,0.503398610090766
1.0,0.4040454440540715
1.0,0.8056094715385907
1.0,0.5823132198829861
1.0,0.22788352656916147
1.0,0.040478255198333916
1.0,0.6310021115805967
1.0,1.0038209008861165
1.0,0.334683471578834
1.0,0.35096452145041274
1.0,0.9567363892823045
1.0,0.6783322545277619
1.0,0.025426082546116984
1.0,0.21184841200296856
1.0,0.6286599405811114
1.0,0.7575415301805034
1.0,0.4193435445064389
1.0,0.45573006546208605
1.0,0.856894334089591
1.0,0.5292923663688057
1.0,0.1754468805765714
1.0,0.1228272869664802
1.0,0.7127671759946846
1.0,0.9223181594588559
1.0,0.25358024884105557
1.0,0.28220951612304035
1.0,0.9352384137135373
1.0,0.704010886367939
1.0,0.09836222447996322
1.0,0.17067585217086503
1.0,0.5087511122360774
1.0,0.8737615653596639
1.0,0.45682683083760495
1.0,0.4302625596456256
1.0,0.784231251381776
1.0,0.5982666559107473
1.0,0.19722511289209438
1.0,0.00688031101335085
1.0,0.6754950156872351
1.0,0.9637709760377152
1.0,0.3737083614006587
1.0,0.3257321077505301
1.0,0.9790992813098494
1.0,0.6594286155473815
1.0,0.05313426324962332
1.0,0.2444635756365362
1.0,0.5831842859439991
1.0,0.8005435793217801
1.0,0.3832708089984309
1.0,0.472800760848712
1.0,0.8271072482186206
1.0,0.5566344266802485
1.0,0.15494767358687717
1.0,0.08165049605793401
1.0,0.7509111313091327
1.0,0.8876010345747521
1.0,0.29719990380134137
1.0,0.29031697439899906
1.0,0.8964653123425366
1.0,0.7420606406587321
1.0,0.08854743773472144
1.0,0.14608998916836965
1.0,0.5635087738459396
1.0,0.8202171325534067
1.0,0.48164245161063535
1.0,0.390166782499855
1.0,0.7916921355064869
1.0,0.5920475805259494
1.0,0.23757970807977202
1.0,0.061975000846654076
1.0,0.6525375317068043
1.0,0.9859726903211185
1.0,0.31687344014618846
1.0,0.3648415318528468
1.0,0.970651593827562
1.0,0.6685957623979522
1.0,0.01572824988372392
1.0,0.1903494147840359
1.0,0.6071227492193553
1.0,0.775387969509953
1.0,0.4371513243684719
1.0,0.4656757228728706
1.0,0.8668632802457443
1.0,0.5156326681803461
1.0,0.1618100058088872
1.0,0.10525195737817296
1.0,0.6951685576610087
1.0,0.9440954902079794
1.0,0.2753347561694037
1.0,0.2604607352892833
1.0,0.9134514537474276
1.0,0.7216152462066767
1.0,0.11592790984081357
1.0,0.18430309772156309
1.0,0.5224165369191281
1.0,0.8637829749760537
1.0,0.44688691493188226
1.0,0.4124451505666064
1.0,0.7663905385469174
1.0,0.6197942030450465
1.0,0.21872985161608893
1.0,0.016583870170335045
1.0,0.6852218786000587
1.0,0.9498615129975196
1.0,0.3598217067707678
1.0,0.34354786567776674
1.0,0.9969378626578613
1.0,0.6378989369262358
1.0,0.03162787337384628
1.0,0.23475776490893951
1.0,0.573455651795627
1.0,0.8144512711264271
1.0,0.3971552120577093
1.0,0.4945472901118565
1.0,0.8488924369491818
1.0,0.5390282956059623
1.0,0.1373797366554143
1.0,0.06802159935545345
1.0,0.7372435751392356
1.0,0.8975774934715157
1.0,0.3071381685552816
1.0,0.3114205048173976
1.0,0.9018599498173977
1.0,0.7337138638805251
1.0,0.06449176801297699
1.0,0.1407251212096235
1.0,0.5423735600764055
1.0,0.8443025642860308
1.0,0.4899575375324715
1.0,0.40045028151396445
1.0,0.8177459803313842
1.0,0.568945875004398
1.0,0.23024834836900854
1.0,0.03595283937289228
1.0,0.6422242631765799
1.0,0.9933357408882528
1.0,0.3399453836568602
1.0,0.355542730977791
1.0,0.9455824171207768
1.0,0.688747268719502
1.0,0.020109380373544348
1.0,0.2153887919537646
1.0,0.6164532634664882
1.0,0.7709770469883116
1.0,0.41703153892423456
1.0,0.44358752433635995
1.0,0.8604839446318294
1.0,0.5269296741794963
1.0,0.18881587473063322
1.0,0.11159957962001071
1.0,0.7172865557345759
1.0,0.917057900408921
1.0,0.2640675422020747
1.0,0.27080570593373177
1.0,0.9395668002236055
1.0,0.6984520390338449
1.0,0.1085350784997111
1.0,0.15821947212269769
1.0,0.5120417742428586
1.0,0.8712075196892333
1.0,0.47002032256765763
1.0,0.4336101451101085
1.0,0.7718466701678236
1.0,0.6113859321207943
1.0,0.19461271776924086
1.0,0.011157530581249912
1.0,0.6640251631792442
1.0,0.9740084463814241
1.0,0.36819826432294295
1.0,0.3213981654899756
1.0,0.9904970554136076
1.0,0.6492574145557249
1.0,0.05869524394687278
1.0,0.24116688129682237
1.0,0.5956351139942977
1.0,0.787352217202265
1.0,0.38582650394433515
1.0,0.48518699509075564
1.0,0.823761796117293
1.0,0.5592412660526157
1.0,0.14182236129127984
1.0,0.09312247817646262
1.0,0.7466355610167074
1.0,0.8931050993195352
1.0,0.2869568814597637
1.0,0.29385482133285606
1.0,0.8842555918549687
1.0,0.7555008219703259
1.0,0.08624054697042519
1.0,0.15066503523903735
1.0,0.5523521485837067
1.0,0.8306371414792889
1.0,0.4763302938580823
1.0,0.37894554091366106
1.0,0.7962184313207762
1.0,0.5867865897155654
1.0,0.24806575932433655
1.0,0.04983949587909202
1.0,0.6561337280930842
1.0,0.9836088760991204
1.0,0.3302418226235672
1.0,0.3770491227298769
1.0,0.9671120976182314
1.0,0.6709086854951811
1.0,0.0022936205699988304
1.0,0.20150438701817736
1.0,0.6025455697855323
1.0,0.7807056830129925
1.0,0.42673735152814013
1.0,0.4611554593915139
1.0,0.8780900738298069
1.0,0.5051444873252439
1.0,0.16706934734379753
1.0,0.10166131674237937
1.0,0.7073100987141211
1.0,0.9307254547025093
1.0,0.27769643702824637
1.0,0.2571710846129689
1.0,0.9259088751470033
1.0,0.7084227545492378
1.0,0.11848298560479933
1.0,0.17997562872651954
1.0,0.5338212346025198
1.0,0.8536110347187128
1.0,0.4524466460074418
1.0,0.42391396172318907
1.0,0.7621123076485515
1.0,0.625303270029207
1.0,0.2084913811997662
1.0,0.0289675638902043
1.0,0.6818733756205512
1.0,0.9524730243789078
1.0,0.34670151679831396
1.0,0.3310960000286775
1.0,1.000233549419726
1.0,0.6353422081341588
1.0,0.044818231668129926
1.0,0.2233590995584805
1.0,0.5777886727885392
1.0,0.8088894104403299
1.0,0.40732550303957665
1.0,0.498823867982131
1.0,0.8374214924294437
1.0,0.5492723217727713
1.0,0.13187670575680413
1.0,0.07136797272442329
1.0,0.7248582321438926
1.0,0.9107037157769022
1.0,0.3045322091717621
1.0,0.30302377037807116
1.0,0.9093181076653586
1.0,0.725259483604592
1.0,0.07189229503480209
1.0,0.13338127184904158
1.0,0.5506540571828615
1.0,0.8370240536283148
1.0,0.4983033583313227
1.0,0.4087720836833068
1.0,0.8104588217662074
1.0,0.5772023572339628
1.0,0.22289585485358346
1.0,0.04337546368397025
1.0,0.6337766094678517
1.0,1.000815992272849
1.0,0.331555372032121
1.0,0.348205619442267
1.0,0.953854266319772
1.0,0.6814754696185201
1.0,0.0284465570175524
1.0,0.20698340585435965
1.0,0.6239181553868893
1.0,0.7625140263101531
1.0,0.42443878125541146
1.0,0.45100341082238
1.0,0.8520449388305622
1.0,0.5344032140073582
1.0,0.18043450726073715
1.0,0.11993003344943161
1.0,0.7099926630969589
1.0,0.9253230230407113
1.0,0.2567083333772978
1.0,0.2792043673422407
1.0,0.9321105543343564
1.0,0.7069083350211073
1.0,0.10113648219968621
1.0,0.1655652296893737
1.0,0.5037632003529674
1.0,0.8784879648213672
1.0,0.4616764212327536
1.0,0.4252902586520956
1.0,0.7791357594548006
1.0,0.603131376860412
1.0,0.2019671232433777
1.0,0.003736840744589852
1.0,0.6724747363519195
1.0,0.9665301032029222
1.0,0.376590199164247
1.0,0.32873721149991747
1.0,0.9822271256785595
1.0,0.6565311218628009
1.0,0.050359990519429576
1.0,0.24957418310755677
1.0,0.5881721527956968
1.0,0.795817164849606
1.0,0.37842117357187
1.0,0.4777730168108297
1.0,0.8322027251351252
1.0,0.5517696606991717
1.0,0.15020564822512308
1.0,0.08479395131622426
1.0,0.7539313656130361
1.0,0.8848418923990744
1.0,0.2943180210063408
1.0,0.2854523134912174
1.0,0.8917233620331362
1.0,0.7470330016941451
1.0,0.09364298970357976
1.0,0.14333080196127967
1.0,0.5606268760404682
1.0,0.8233605427802847
1.0,0.484662670904068
1.0,0.38726927380480364
1.0,0.7889178177448809
1.0,0.595052669264866
1.0,0.24070750741707
1.0,0.05724866142683376
1.0,0.6476880013535387
1.0,0.9910833728444928
1.0,0.32186141207118146
1.0,0.36970623779204065
1.0,0.9753935591474331
1.0,0.6636234463939514
1.0,0.010632712925336353
1.0,0.19310861700159662
1.0,0.6100046920562389
1.0,0.7722445742935459
1.0,0.43413115010645154
1.0,0.46857327659933423
1.0,0.869637613017821
1.0,0.5126276244728417
1.0,0.15868222148205996
1.0,0.10997831180846403
1.0,0.7000181330456866
1.0,0.9389848226950759
1.0,0.270346829275823
1.0,0.2655716579801896
1.0,0.9184391855048887
1.0,0.7168886666193244
1.0,0.11107861965507991
1.0,0.18730794629294775
1.0,0.5255445764239581
1.0,0.8608857064485345
1.0,0.44411235700274426
1.0,0.4155883206259524
1.0,0.769410998007882
1.0,0.6170352560054885
1.0,0.2158477136430856
1.0,0.02155647137328003
1.0,0.6903171904013851
1.0,0.944996611922206
1.0,0.3550799966288995
1.0,0.3384369579973312
1.0,0.9919501759318127
1.0,0.6426255315240589
1.0,0.03647720859099218
1.0,0.23175296136896711
1.0,0.5703276273012677
1.0,0.8173485846853586
1.0,0.39992978499731807
1.0,0.49140413506298125
1.0,0.8458720225196293
1.0,0.541787257655991
1.0,0.1402619196598299
1.0,0.06304904318392071
1.0,0.7321482783483799
1.0,0.9024424395782416
1.0,0.31187989370762065
1.0,0.3085232813212905
1.0,0.8990854669406134
1.0,0.7367187574833219
1.0,0.06761988257016072
1.0,0.13599849659085894
1.0,0.537524194838318
1.0,0.8494134419455248
1.0,0.4949451942375787
1.0,0.39558530538629705
1.0,0.8130042251581037
1.0,0.5739184011549893
1.0,0.2353436151389226
1.0,0.03319396738568804
1.0,0.6393421702349887
1.0,0.9964789859999527
1.0,0.3429658881492372
1.0,0.35843996948436885
1.0,0.9483569450289734
1.0,0.6857423901271759
1.0,0.016981310847772862
1.0,0.2201154616039414
1.0,0.6213026437150463
1.0,0.7658662143602297
1.0,0.4120438972295981
1.0,0.4484525154744981
1.0,0.8652257448365223
1.0,0.5219571630393758
1.0,0.1837206529921314
1.0,0.11435849663862721
1.0,0.7201686636866377
1.0,0.9139147003286335
1.0,0.2610470527201685
1.0,0.2739491912129635
1.0,0.9425870645484504
1.0,0.6956929268791087
1.0,0.10565322572565203
1.0,0.16319175810575692
1.0,0.5171372811803047
1.0,0.8663427837290979
1.0,0.4652783272268451
1.0,0.43872078260207054
1.0,0.7768345670404628
1.0,0.6066595476695618
1.0,0.18976311236362145
1.0,0.014162664351578817
1.0,0.6671530375688959
1.0,0.9711109827177851
1.0,0.3654240216136907
1.0,0.3182547252421561
1.0,0.9874768060992334
1.0,0.6520165717418734
1.0,0.06157711173140261
1.0,0.2361946103242339
1.0,0.5905396520882639
1.0,0.7922169681728711
1.0,0.39056854431655996
1.0,0.48007640263020585
1.0,0.8187739142551246
1.0,0.5639676955352605
1.0,0.14667198170737
1.0,0.09011735941660447
1.0,0.7435077316584678
1.0,0.896002577993645
1.0,0.28973116920042824
1.0,0.2985811457422056
1.0,0.8891051372187052
1.0,0.7503901244364808
1.0,0.08125259005590295
1.0,0.15356255894455945
1.0,0.555126451334842
1.0,0.827632067750843
1.0,0.4732024795103135
1.0,0.3817047131102803
1.0,0.7991003441367183
1.0,0.5836431644782166
1.0,0.24504555504137465
1.0,0.05470417179734443
1.0,0.6608756633920138
1.0,0.9786365300741782
1.0,0.32514625564423816
1.0,0.37232275328911507
1.0,0.9622625372440242
1.0,0.6760193379976139
1.0,0.007281562474050324
1.0,0.19860684830218453
1.0,0.5997712220029848
1.0,0.7837107417309677
1.0,0.42986512084449663
1.0,0.45839624216348246
1.0,0.875208146003394
1.0,0.5082878675311804
1.0,0.17008953661628867
1.0,0.09679662581365621
1.0,0.7025681183837793
1.0,0.9356977857169808
1.0,0.2827919589761632
1.0,0.2521984984204947
1.0,0.9208135483352062
1.0,0.7132876706350222
1.0,0.12322468073619691
1.0,0.17683244365670278
1.0,0.530800790152026
1.0,0.8563699667478
1.0,0.45532879899091583
1.0,0.42090912816227516
1.0,0.7589842531332508
1.0,0.6282005535671972
1.0,0.21126592411843345
1.0,0.023856626188827224
1.0,0.676885658873561
1.0,0.9571995889557894
1.0,0.35155082199451837
1.0,0.33606857121068096
1.0,1.005328831200111
1.0,0.6304772770379036
1.0,0.0400764915053201
1.0,0.22650223959688498
1.0,0.5808091022285623
1.0,0.8061304333798305
1.0,0.4044433350456318
1.0,0.5018286865325742
1.0,0.8405495019133322
1.0,0.5463750232243105
1.0,0.12910211780672462
1.0,0.07647886539438811
1.0,0.7298459338804121
1.0,0.9059771061686084
1.0,0.299682888965087
1.0,0.3018162671309029
1.0,0.907587879784792
1.0,0.7314298087330117
1.0,0.07852386190842799
1.0,0.12720890717290884
1.0,0.5440206909290545
1.0,0.8382297537426842
1.0,0.5000315429115585
1.0,0.4026457110895521
1.0,0.8038102048741184
1.0,0.5784542895982423
1.0,0.2246085486280052
1.0,0.04212196835442398
1.0,0.6320616322255671
1.0,1.0069400851513586
1.0,0.3382024297115609
1.0,0.35334610431716107
1.0,0.9595174758280645
1.0,0.6792381298704441
1.0,0.025747975524270002
1.0,0.20921894622225456
1.0,0.6266146973324586
1.0,0.7573714981349282
1.0,0.4187737686143202
1.0,0.45319295910789686
1.0,0.8547567314144134
1.0,0.5292144535822233
1.0,0.1747849854254599
1.0,0.12511651040670368
1.0,0.7156406219669692
1.0,0.9231319155425453
1.0,0.2539942610782014
1.0,0.2804409289844721
1.0,0.9338078773867301
1.0,0.7007665917053045
1.0,0.09447249458554914
1.0,0.17170469328993127
1.0,0.5104256287544554
1.0,0.8772498402138689
1.0,0.459976814712517
1.0,0.43144521305846717
1.0,0.7857519556063786
1.0,0.6019085028911957
1.0,0.20022152464076312
1.0,0.004957911581007255
1.0,0.6742182916542032
1.0,0.9603731092488375
1.0,0.369972203632488
1.0,0.3235638217968306
1.0,0.9765929745653303
1.0,0.6587360408703659
1.0,0.05308715382532884
1.0,0.24736770488734272
1.0,0.5854427097745524
1.0,0.8009882710848301
1.0,0.3840537617198324
1.0,0.4755510477848016
1.0,0.8295195143638907
1.0,0.5569255162961136
1.0,0.1558842284554635
1.0,0.07963605241895134
1.0,0.7482509822498968
1.0,0.8870620620449213
1.0,0.29699919222986204
1.0,0.28815065669327666
1.0,0.8939609438250532
1.0,0.7413700304770758
1.0,0.08850226278484487
1.0,0.14899605289359408
1.0,0.5657691621718522
1.0,0.8206637625434923
1.0,0.4824273725800139
1.0,0.39291903393130406
1.0,0.794106336126175
1.0,0.5923406383897917
1.0,0.23851820117539396
1.0,0.05996249543470702
1.0,0.6498793508955455
1.0,0.9854356522657055
1.0,0.3166746930700685
1.0,0.36307491296225564
1.0,0.9692229957277904
1.0,0.6653534322306772
1.0,0.011840454463727747
1.0,0.19138019037752005
1.0,0.6087992302330927
1.0,0.7788781825911938
1.0,0.44030327649136114
1.0,0.46686034078107164
1.0,0.8683859189447648
1.0,0.5192764834087716
1.0,0.16480835578459152
1.0,0.10333149617286497
1.0,0.693893801875954
1.0,0.9406995578935197
1.0,0.2716005628965924
1.0,0.2628442563830672
1.0,0.9162345085411646
1.0,0.7225230560237768
1.0,0.11625176731432599
1.0,0.1816755964362085
1.0,0.5203732281448932
1.0,0.8636149111784557
1.0,0.44631907726679915
1.0,0.40990997868683515
1.0,0.7642549003670992
1.0,0.6197182284854997
1.0,0.21806992471295453
1.0,0.01887506185853564
1.0,0.688097262799379
1.0,0.9506772335765684
1.0,0.36023765348233155
1.0,0.3451011876553091
1.0,0.9980916809563922
1.0,0.6409279664278443
1.0,0.03524088523998393
1.0,0.23345232584536282
1.0,0.5715659901999891
1.0,0.8106863983277116
1.0,0.3937900831055373
1.0,0.49314949162175503
1.0,0.8470951347800688
1.0,0.5351713035482539
1.0,0.13410672696223516
1.0,0.0696672807595206
1.0,0.7383050340112415
1.0,0.900698642232117
1.0,0.3106590611624264
1.0,0.31420354460066374
1.0,0.9042434859216523
1.0,0.7340377063435667
1.0,0.06539959284054779
1.0,0.13868182744585933
1.0,0.5397460437805801
1.0,0.8437347416314184
1.0,0.48978945872440266
1.0,0.3983146283236755
1.0,0.8152108234620837
1.0,0.5682859330907929
1.0,0.23017238881993254
1.0,0.03882823858268327
1.0,0.6445154398543097
1.0,0.9937517026102873
1.0,0.34076108922543824
1.0,0.3566965342658511
1.0,0.9471357541087899
1.0,0.6923602655751689
1.0,0.023138424885623596
1.0,0.21349914536859751
1.0,0.6151478093924407
1.0,0.7676119330466104
1.0,0.41326665111504834
1.0,0.4417902071567762
1.0,0.8590861611521987
1.0,0.5236566494758463
1.0,0.18495889768339566
1.0,0.11266105350248748
1.0,0.7189322221281723
1.0,0.9205788080265366
1.0,0.2671886759522052
1.0,0.2683013524267191
1.0,0.9374004675074123
1.0,0.698406879094439
1.0,0.10784445330758409
1.0,0.16047984543813967
1.0,0.5149478529785537
1.0,0.8719924256481412
1.0,0.470466967568214
1.0,0.4360243607402673
1.0,0.7745989065888019
1.0,0.6123244402268869
1.0,0.19490576062261233
1.0,0.008499334759520413
1.0,0.6620126727777679
1.0,0.9738096842948335
1.0,0.3676612412780008
1.0,0.31996958240067463
1.0,0.9887304215125456
1.0,0.6453696341461995
1.0,0.05545289876912705
1.0,0.24284334730008897
1.0,0.5966659045982526
1.0,0.7905041543146835
1.0,0.38931673203604655
1.0,0.48670964880024686
1.0,0.8249463990150233
1.0,0.5622396310387908
1.0,0.1454661615092346
1.0,0.09184770738093705
1.0,0.74471511482187
1.0,0.8893708910362531
1.0,0.28356096415577464
1.0,0.292424269995578
1.0,0.8824870197268713
1.0,0.7516110770654411
1.0,0.08299626731826154
1.0,0.15233956676788604
1.0,0.5533809746923022
1.0,0.8337871403646717
1.0,0.4798185537018166
1.0,0.3804662301277929
1.0,0.7974010997440886
1.0,0.5897829864537634
1.0,0.2517076213152557
1.0,0.048562786856530864
1.0,0.6542113136502699
1.0,0.9798727333414204
1.0,0.3268439408242187
1.0,0.3745428009748872
1.0,0.9649438266750027
1.0,0.6708615610604158
1.0,0.0016010609034539094
1.0,0.2037628258592014
1.0,0.6054496840258681
1.0,0.7814886507448647
1.0,0.4271820282807194
1.0,0.46356771052631335
1.0,0.8808403757763673
1.0,0.5060810271833595
1.0,0.1673604519701334
1.0,0.09900118269361427
1.0,0.7052956400646677
1.0,0.9305247581415008
1.0,0.2771574494879448
1.0,0.2583229496739934
1.0,0.9274602438870393
1.0,0.7120338169304867
1.0,0.12151006562151918
1.0,0.17808401764599305
1.0,0.5325138460540545
1.0,0.8502439525290345
1.0,0.4486798199712199
1.0,0.4221147100691874
1.0,0.7607125596735614
1.0,0.6220283070985215
1.0,0.20463243590455155
1.0,0.030027069524703968
1.0,0.6835171037871121
1.0,0.955991967501164
1.0,0.3498207160740266
1.0,0.3338771015849081
1.0,1.0026151172760036
1.0,0.6356641161227825
1.0,0.04572409200034134
1.0,0.2213138412993569
1.0,0.575159222018296
1.0,0.8083196195377405
1.0,0.4071554860044722
1.0,0.4966862803174241
1.0,0.8348843710647839
1.0,0.5486104416321306
1.0,0.131798777959751
1.0,0.07424140368623718
1.0,0.7271474705945868
1.0,0.9111177130035774
1.0,0.30534598026592225
1.0,0.30569579271967023
1.0,0.9115057271053841
1.0,0.7274970410044941
1.0,0.07462965607926714
1.0,0.13120306772679402
1.0,0.5479765297511148
1.0,0.8342888953704323
1.0,0.4960521226399498
1.0,0.40652901556433074
1.0,0.8077164603586737
1.0,0.5745329936219953
1.0,0.22071044382906704
1.0,0.04610465715603845
1.0,0.6360213700174049
1.0,1.0029954478930954
1.0,0.334234601275989
1.0,0.34946323139341645
1.0,0.9556116819154845
1.0,0.6831598649029604
1.0,0.029646549400419102
1.0,0.20523587840625368
1.0,0.622654550505293
1.0,0.7613157638840403
1.0,0.4227411955197996
1.0,0.449313992659165
1.0,0.8508394732547983
1.0,0.533147772945541
1.0,0.1786797729103623
1.0,0.12112185825990146
1.0,0.7116842615310502
1.0,0.9270722748166447
1.0,0.2579731522307161
1.0,0.27653123610211494
1.0,0.9299213456607401
1.0,0.704669184634997
1.0,0.09839800850407682
1.0,0.16774076757675432
1.0,0.5064385418849111
1.0,0.8812209259215936
1.0,0.4639249794314065
1.0,0.4275316137010973
1.0,0.781876888127424
1.0,0.6057995114900868
1.0,0.2041508249505375
1.0,0.0010055701986316167
1.0,0.6702274183934123
1.0,0.9643481014315749
1.0,0.37390890410434213
1.0,0.327477882726176
1.0,0.980468473595319
1.0,0.6548455013486857
1.0,0.04915829257182391
1.0,0.25131963723439044
1.0,0.5894332040209569
1.0,0.7970128773720001
1.0,0.38011668973882723
1.0,0.4794613298281357
1.0,0.833406605229916
1.0,0.5530235050221628
1.0,0.15195926617173589
1.0,0.08359945651826975
1.0,0.7522375775265241
1.0,0.8830904472181026
1.0,0.29305052841282014
1.0,0.28419486665524624
1.0,0.8899666219086074
1.0,0.7453492518599472
1.0,0.09244319245683282
1.0,0.1450781642942074
1.0,0.5618898054508809
1.0,0.8245581597561552
1.0,0.4863600615035601
1.0,0.3889594575020269
1.0,0.7901235985405305
1.0,0.5963083955256275
1.0,0.2424630373223946
1.0,0.056056071082355656
1.0,0.6459960876995614
1.0,0.9893338358696151
1.0,0.3205957976628134
1.0,0.3670349809844498
1.0,0.9732062549272933
1.0,0.6613861741929937
1.0,0.007896147435821052
1.0,0.19528605558983597
1.0,0.6126819042680998
1.0,0.774979447352484
1.0,0.4363815902428747
1.0,0.47081650983348855
1.0,0.8723806498965384
1.0,0.5152976335350514
1.0,0.16086782764269614
1.0,0.10724895322121758
1.0,0.6977726970249497
1.0,0.9368047216245873
1.0,0.2676674048958353
1.0,0.26683118189005084
1.0,0.9201984830383715
1.0,0.7185749626046234
1.0,0.11228048271786384
1.0,0.18556229702999436
1.0,0.5242828797484558
1.0,0.8596893184549566
1.0,0.4424166757206088
1.0,0.4139008031635961
1.0,0.7682074031120354
1.0,0.6157817269023831
1.0,0.21409486123048105
1.0,0.022750170616284787
1.0,0.6920106932889529
1.0,0.946747741883292
1.0,0.3563467236884119
1.0,0.3411108847924067
1.0,0.9941396698043731
1.0,0.644864997130055
1.0,0.03921644782060983
1.0,0.22957662792663674
1.0,0.5676520005703798
1.0,0.8146153083652464
1.0,0.39768046126465695
1.0,0.4891629751500993
1.0,0.8431315392972483
1.0,0.5391197984974999
1.0,0.13807838306784836
1.0,0.0657801185937592
1.0,0.7343949508566449
1.0,0.9046237658784052
1.0,0.31456102365234734
1.0,0.31027850726458234
1.0,0.9003413695744062
1.0,0.7379247221572384
1.0,0.06930976981058666
1.0,0.1347331786392882
1.0,0.5357744739851737
1.0,0.8477213519185164
1.0,0.4937529078551333
1.0,0.3943858121015828
1.0,0.8113202989508743
1.0,0.5721614771521938
1.0,0.2340864647597487
1.0,0.03489106152838283
1.0,0.640539971089126
1.0,0.9977420917833966
1.0,0.3447129465201322
1.0,0.36062587960703774
1.0,0.9510267777181518
1.0,0.6884852431276266
1.0,0.019224840538724485
1.0,0.21743574076715638
1.0,0.6191227265228244
1.0,0.7636209547125242
1.0,0.40931423468031897
1.0,0.4457156460229501
1.0,0.8629886490085958
1.0,0.5197700426975027
1.0,0.18104909972774325
1.0,0.11660923323184769
1.0,0.7229033528673092
1.0,0.9165917361674631
1.0,0.2632247952704405
1.0,0.2721960348383263
1.0,0.9413337118183763
1.0,0.6944895158615286
1.0,0.10396541180649845
1.0,0.16445878162206665
1.0,0.518888227263124
1.0,0.8680361102436345
1.0,0.4664723304318825
1.0,0.43992294962688716
1.0,0.7785206866527306
1.0,0.6084186613247778
1.0,0.19102293273028
1.0,0.01246668661264606
1.0,0.6659568334535848
1.0,0.9698494624153141
1.0,0.36367806838870465
1.0,0.31607149261220724
1.0,0.984809170567711
1.0,0.6492759046412258
1.0,0.05933624827531795
1.0,0.23887544381216325
1.0,0.5927211622666941
1.0,0.7944638170541674
1.0,0.3932993157643658
1.0,0.4828153378977908
1.0,0.821013556234152
1.0,0.5661573732860876
1.0,0.1493456120456482
1.0,0.08786833214074065
1.0,0.7407742714600889
1.0,0.8933267748897258
1.0,0.2875551397201306
1.0,0.2963960311744865
1.0,0.8864355897284709
1.0,0.7476475866559159
1.0,0.07900982589895957
1.0,0.1562414842263947
1.0,0.5573060833281196
1.0,0.8298770121786628
1.0,0.4759313765255844
1.0,0.3844417776979481
1.0,0.8013380854148869
1.0,0.5858309602912735
1.0,0.24771727342094108
1.0,0.05245324006800421
1.0,0.6581403287611
1.0,0.9759588187641649
1.0,0.3229683479787879
1.0,0.3705677224819429
1.0,0.9610072800604736
1.0,0.6748140487948814
1.0,0.005591840348802636
1.0,0.19987197111763552
1.0,0.6015202974058869
1.0,0.7854021562867924
1.0,0.43105724211176377
1.0,0.45959653100314646
1.0,0.8768923574095676
1.0,0.5100451067538616
1.0,0.1713474525294708
1.0,0.09509873611601168
1.0,0.7013700323306978
1.0,0.9344343647136512
1.0,0.2810441350712599
1.0,0.2543824965844518
1.0,0.9234814990866144
1.0,0.7160286229346141
1.0,0.12546633974723131
1.0,0.17415084463476518
1.0,0.52861896475371
1.0,0.8541228326675595
1.0,0.45259723198816026
1.0,0.41817035800986846
1.0,0.7567452866254072
1.0,0.6260115212666123
1.0,0.20859248891627502
1.0,0.02610548834951279
1.0,0.6796184436007561
1.0,0.9598747466094664
1.0,0.35372665633869627
1.0,0.33782189270049645
1.0,1.0065828594013688
1.0,0.6316813335057259
1.0,0.04176450056059344
1.0,0.225235050965397
1.0,0.5790574806745593
1.0,0.8044364614150517
1.0,0.4032491367044746
1.0,0.5006272850417658
1.0,0.8388636975209504
1.0,0.5446161947680386
1.0,0.1278430929950158
1.0,0.07817407759931261
1.0,0.7310418227758375
1.0,0.9072383412721352
1.0,0.3014280466351233
1.0,0.2990794783606352
1.0,0.9053508946590874
1.0,0.7292427578145658
1.0,0.07585240808840854
1.0,0.12945963063196742
1.0,0.5467553369546225
1.0,0.8409067726947342
1.0,0.5022092385541094
1.0,0.4048315705518822
1.0,0.8064800169238995
1.0,0.5811971031962072
1.0,0.2268520689374126
1.0,0.039442350714625374
1.0,0.6298817882093901
1.0,1.004694932453257
1.0,0.33547284409094436
1.0,0.3521465641247257
1.0,0.9578335327340555
1.0,0.6774811627125452
1.0,0.0244908120109342
1.0,0.2109161398093181
1.0,0.627812567610023
1.0,0.758634714620594
1.0,0.4205209076664955
1.0,0.4549482619798514
1.0,0.8560127409978103
1.0,0.5304204914321846
1.0,0.17647497586287225
1.0,0.12385118307358874
1.0,0.7138908617113392
1.0,0.9214398048761395
1.0,0.2528019240354172
1.0,0.2831799749542788
1.0,0.9360476000470377
1.0,0.7029563689005004
1.0,0.09714619434725455
1.0,0.16945562285896404
1.0,0.5076921554219146
1.0,0.8745739902022286
1.0,0.45780076834543976
1.0,0.4292619597891211
1.0,0.7830842694145174
1.0,0.5991678264090038
1.0,0.19798062178219272
1.0,0.007638818244981519
1.0,0.6763999050296199
1.0,0.9626200350587962
1.0,0.3727030820298979
1.0,0.3247659719348676
1.0,0.9782790472698769
1.0,0.6604951413914201
1.0,0.05434693103688399
1.0,0.2456717965718372
1.0,0.5842466051036099
1.0,0.7997268314636393
1.0,0.38230791919706814
1.0,0.4737979983597685
1.0,0.8282662385624792
1.0,0.5557222084755201
1.0,0.1541964877123548
1.0,0.08090303653277535
1.0,0.750001918951172
1.0,0.888755337899119
1.0,0.2981931747955022
1.0,0.28935084233595426
1.0,0.8956450820551819
1.0,0.743127162750153
1.0,0.08976010176936443
1.0,0.14729821385628833
1.0,0.5645710967581681
1.0,0.8194003809426483
1.0,0.48067955805665485
1.0,0.39116401625829383
1.0,0.7928511220977278
1.0,0.5911353660738387
1.0,0.23682852595786735
1.0,0.06122753756887773
1.0,0.6516283155962258
1.0,0.9871269973981031
1.0,0.317866714892967
1.0,0.3658119869314676
1.0,0.9714607764084447
1.0,0.6675412486831314
1.0,0.014512223503632942
1.0,0.18912918171951723
1.0,0.6060637886525748
1.0,0.7762003981051355
1.0,0.43812526562892445
1.0,0.4646751267689838
1.0,0.8657163020311034
1.0,0.5165338349259849
1.0,0.16256551094636787
1.0,0.10601046836242133
1.0,0.6960734507560111
1.0,0.9429445454764429
1.0,0.27432947304602523
1.0,0.2616427817162139
1.0,0.9145486009517962
1.0,0.7207641506388422
1.0,0.11499263555301309
1.0,0.1833708292805303
1.0,0.5215691677006574
1.0,0.8648761556635266
1.0,0.44806427433932117
1.0,0.41166334333175403
1.0,0.7655089417025189
1.0,0.6209223318610431
1.0,0.21975795065500747
1.0,0.017607762524825894
1.0,0.6863455605640957
1.0,0.948983162167421
1.0,0.35904338571774713
1.0,0.34236245690538814
1.0,0.9958527238300928
1.0,0.6387389847875983
1.0,0.032567470677222765
1.0,0.2357010810564443
1.0,0.5742986979985217
1.0,0.8133614527844022
1.0,0.3959658442736704
1.0,0.4953334203622849
1.0,0.8497629860871082
1.0,0.5379121751665656
1.0,0.1363482752710478
1.0,0.06698569862436259
1.0,0.7361232555206466
1.0,0.8984515212860384
1.0,0.3079275373147743
1.0,0.3125140457561685
1.0,0.9030379096436666
1.0,0.7327821958583223
1.0,0.06364475904580426
1.0,0.1398736653904911
1.0,0.541437685369775
1.0,0.8454840102941314
1.0,0.4910543244855421
1.0,0.3995722909351637
1.0,0.8169682596971936
1.0,0.5699703677777188
1.0,0.23137239058434347
1.0,0.03708060793759089
1.0,0.6432517617966683
1.0,0.9925533332345705
1.0,0.3390634265611638
1.0,0.3544535130545961
1.0,0.9443934095880359
1.0,0.6896909451183049
1.0,0.020953026995269075
1.0,0.21622823939629698
1.0,0.6173925005185666
1.0,0.769791277964635
1.0,0.415945799677636
1.0,0.44446215256971267
1.0,0.8612736736426202
1.0,0.5258941336997034
1.0,0.1876961555308743
1.0,0.11048285876178413
1.0,0.7162547340989114
1.0,0.9178436704080514
1.0,0.2649374909211711
1.0,0.26998955474180336
1.0,0.938604266920923
1.0,0.6996606239730615
1.0,0.10959800183076966
1.0,0.15928539379528858
1.0,0.5132540780262036
1.0,0.8702410273748905
1.0,0.4691994918614729
1.0,0.4347650526059231
1.0,0.7728403051659001
1.0,0.6106388290943159
1.0,0.1937041020774924
1.0,0.010244715710309138
1.0,0.6632736208060415
1.0,0.975005319888565
1.0,0.3693566504953539
1.0,0.32221095433645597
1.0,0.99147159709289
1.0,0.6480377819100364
1.0,0.057636643631390226
1.0,0.2401120073307035
1.0,0.5944184871953767
1.0,0.7883220718620558
1.0,0.38663532627391983
1.0,0.48403641061051705
1.0,0.8227571134127445
1.0,0.5600003774556941
1.0,0.1427276146375803
1.0,0.09402328467080338
1.0,0.747390465735358
1.0,0.8921039027968184
1.0,0.2858095429938248
1.0,0.29466760642671874
1.0,0.8852301297816336
1.0,0.7542811930772549
1.0,0.08518195040756031
1.0,0.1496101575203008
1.0,0.5511355180321681
1.0,0.8316069998916974
1.0,0.4771391199402847
1.0,0.37779496018604014
1.0,0.7952137523688454
1.0,0.587545697366026
1.0,0.24897100891801932
1.0,0.050740306126050475
1.0,0.6568886365643526
1.0,0.9826076758237859
1.0,0.3290944804050106
1.0,0.3762329752905662
1.0,0.9661495680681665
1.0,0.6721172666817801
1.0,0.0033565401484397044
1.0,0.2025703124433859
1.0,0.603757877321495
1.0,0.7797391869460321
1.0,0.4259165170693377
1.0,0.46231036313471086
1.0,0.8790837050752657
1.0,0.5043973880513832
1.0,0.16616073540466675
1.0,0.1007484981188209
1.0,0.7065585525883008
1.0,0.931722331962268
1.0,0.278854826953275
1.0,0.25608186293715635
1.0,0.9247198638616446
1.0,0.7093664347006582
1.0,0.11932663597914175
1.0,0.18081507241643424
1.0,0.5347604679019806
1.0,0.8524252694476538
1.0,0.4513609105134609
1.0,0.4247885937091595
1.0,0.76290204041196
1.0,0.6242677257967965
1.0,0.20737165824738962
1.0,0.02785084678459539
1.0,0.6808415577375043
1.0,0.9532587906254205
1.0,0.3475714617647927
1.0,0.33218954472006607
1.0,1.0014115129986128
1.0,0.6344105363593382
1.0,0.04397121894833951
1.0,0.22250764749196575
1.0,0.5768528018345264
1.0,0.8100708526958129
1.0,0.4084222862400295
1.0,0.4979458736507126
1.0,0.8366437680426354
1.0,0.5502968182987099
1.0,0.13300075172475673
1.0,0.07249573753650419
1.0,0.7258857270113634
1.0,0.9099213118758376
1.0,0.3036502558286834
1.0,0.3041749552771398
1.0,0.9103231506212052
1.0,0.7245007324528118
1.0,0.07098764210733163
1.0,0.13247986493587083
1.0,0.5498987922129128
1.0,0.8380248898997337
1.0,0.49945009637843163
1.0,0.4079594149205924
1.0,0.8094851206732869
1.0,0.5784228304660135
1.0,0.22395457525283202
1.0,0.04443021756632312
1.0,0.6349923956804107
1.0,0.9998452970266961
1.0,0.3307464296187703
1.0,0.3470510721977504
1.0,0.9528612317405255
1.0,0.6822231730638285
1.0,0.029355532960598858
1.0,0.2078958604740024
1.0,0.624669097341262
1.0,0.7615165523841823
1.0,0.4232800348317025
1.0,0.4518204026006704
1.0,0.8530075922170106
1.0,0.5331947491519076
1.0,0.17937242451604057
1.0,0.11886327119047874
1.0,0.7087802392298479
1.0,0.9262893952712882
1.0,0.2575283234971205
1.0,0.27833057969524994
1.0,0.9313209454073317
1.0,0.7079439955846661
1.0,0.10225704198580712
1.0,0.1666811099612383
1.0,0.504794901904866
1.0,0.8777020747384708
1.0,0.4608056319272952
1.0,0.4263798368265885
1.0,0.7803253674063716
1.0,0.6021883008804392
1.0,0.201123836872951
1.0,0.002897033050759441
1.0,0.671534898881011
1.0,0.9677152718077688
1.0,0.3776755781595476
1.0,0.32961532216248424
1.0,0.9830056868991123
1.0,0.6555074696758421
1.0,0.04923606838786066
1.0,0.2484462944590922
1.0,0.5871438135892463
1.0,0.7965987319169263
1.0,0.37930301058380045
1.0,0.4766800762908888
1.0,0.8310251255601542
1.0,0.5527016889726725
1.0,0.1510532576111258
1.0,0.08564480671652668
1.0,0.7548668800683687
1.0,0.8836600861396757
1.0,0.29322063363444023
1.0,0.28633042790640184
1.0,0.8925019270063066
1.0,0.7460093457545686
1.0,0.09251906381939316
1.0,0.14220291706543275
1.0,0.5595985405866354
1.0,0.8241421060949874
1.0,0.48554450416338074
1.0,0.38617632953224507
1.0,0.7877402144172923
1.0,0.5959847012909845
1.0,0.24155512055569042
1.0,0.058099513074518494
1.0,0.6486235120562535
1.0,0.9899015703377118
1.0,0.32076402845189855
1.0,0.36883244639243223
1.0,0.9746039464677907
1.0,0.664659110710128
1.0,0.011753276464074954
1.0,0.19422449352084353
1.0,0.6110363898555198
1.0,0.7714586879632671
1.0,0.4332603645536108
1.0,0.4696628585264448
1.0,0.8708272247220097
1.0,0.5116845447402513
1.0,0.15783893135901556
1.0,0.10913850786725131
1.0,0.6990782993273958
1.0,0.9401699875473049
1.0,0.27143220451850586
1.0,0.2644171144882907
1.0,0.9174461546782599
1.0,0.7176363663120151
1.0,0.11198759184550869
1.0,0.1882204046652082
1.0,0.5262955221309484
1.0,0.8598882287699459
1.0,0.4429536068264176
1.0,0.4164053086516251
1.0,0.7703736476417129
1.0,0.6158267949026556
1.0,0.21478563465100672
1.0,0.020489705361709465
1.0,0.6891047627816563
1.0,0.9459629879054005
1.0,0.3558999905013399
1.0,0.3395881391437821
1.0,0.9929552151350415
1.0,0.6418667841248963
1.0,0.03557255941613942
1.0,0.23085155070317864
1.0,0.5695723585787014
1.0,0.8183494247093952
1.0,0.4010765267970447
1.0,0.49059147005288456
1.0,0.8448983251793265
1.0,0.543007727135424
1.0,0.14132063630646077
1.0,0.06410380081889126
1.0,0.7333640683135566
1.0,0.9014717405794711
1.0,0.31107094754165227
1.0,0.30752616389399995
1.0,0.8979273171831168
1.0,0.7376318162744124
1.0,0.06837118852844908
1.0,0.1367458360322516
1.0,0.5384325666099168
1.0,0.8482582980347959
1.0,0.4939518031596519
1.0,0.39655204162078955
1.0,0.813824819449374
1.0,0.5728522355622486
1.0,0.23413154777049194
1.0,0.031985146031557075
1.0,0.6382794908240799
1.0,0.9972953736067953
1.0,0.34392817753176996
1.0,0.3594414099272354
1.0,0.9495040470799979
1.0,0.6848413397126855
1.0,0.016226642544036506
1.0,0.21935611378594874
1.0,0.6203976342888955
1.0,0.7670170352553827
1.0,0.41304833601399693
1.0,0.4474824168945576
1.0,0.8644171589218519
1.0,0.5230122809256443
1.0,0.18493704337613806
1.0,0.11557836569923019
1.0,0.7212270200819706
1.0,0.9131016750672388
1.0,0.26007275496103566
1.0,0.2747313549464962
1.0,0.9434692580590611
1.0,0.6945654022345596
1.0,0.10462549069064918
1.0,0.1621675017473504
1.0,0.5160129950448201
1.0,0.8672205378929844
1.0,0.46605629178118546
1.0,0.4375395805141196
1.0,0.7757375436724779
1.0,0.6075107595685445
1.0,0.19069922348516624
1.0,0.015094095958867288
1.0,0.6680002904562183
1.0,0.9700176781939285
1.0,0.36424581786727206
1.0,0.3174691991631754
1.0,0.9866066209652227
1.0,0.6531330486799504
1.0,0.06260916978198146
1.0,0.23722991438911242
1.0,0.5916596152081726
1.0,0.7913425763544327
1.0,0.38977857138561955
1.0,0.4812619277337328
1.0,0.8198598899166374
1.0,0.5631284920128778
1.0,0.1457325082403772
1.0,0.08917391943271598
1.0,0.7426638411165934
1.0,0.8970915595019257
1.0,0.29092042065331886
1.0,0.29779561591060727
1.0,0.8882349483320767
1.0,0.7515066051271754
1.0,0.08228465185909949
1.0,0.1545978592568203
1.0,0.5562464107021329
1.0,0.8267576796850222
1.0,0.47241251033199083
1.0,0.38289024196642496
1.0,0.8001863235508488
1.0,0.5828039572032162
1.0,0.24410607782176416
1.0,0.053760735566073636
1.0,0.660031776602757
1.0,0.9797255078298411
1.0,0.3263355033445111
1.0,0.37310492077526547
1.0,0.9631447345072527
1.0,0.6748918096004474
1.0,0.006253823686429787
1.0,0.19758259569639566
1.0,0.5986469396201178
1.0,0.7845884921422364
1.0,0.4306430816462193
1.0,0.4572150363229138
1.0,0.8741111188827915
1.0,0.5091390831827808
1.0,0.17102565149045115
1.0,0.09772805366832699
1.0,0.703415367518484
1.0,0.934604484945742
1.0,0.28161375898236224
1.0,0.2531999351107435
1.0,0.9219606466336131
1.0,0.7123866239731493
1.0,0.12247001618507825
1.0,0.17607309208609243
1.0,0.5298957769732575
1.0,0.8575207913955707
1.0,0.45633324152793237
1.0,0.41993903333495236
1.0,0.7581756709711981
1.0,0.629255667700848
1.0,0.21248231074982243
1.0,0.02507649900204789
1.0,0.6779440190215116
1.0,0.956386559941777
1.0,0.35057652048276783
1.0,0.33507145753600814
1.0,1.004170685195232
1.0,0.6313903320763763
1.0,0.04082779371099076
1.0,0.22724958279089533
1.0,0.5817174777527788
1.0,0.8049752857164838
1.0,0.4034499402150873
1.0,0.502795419014449
1.0,0.841370092451985
1.0,0.5453088613841877
1.0,0.12789005419091165
1.0,0.07527004028763945
1.0,0.7287832507168855
1.0,0.9067934975280688
1.0,0.30064518210023744
1.0,0.3029365905021095
1.0,0.9086237842685005
1.0,0.7306404362209012
1.0,0.07764983034128756
1.0,0.1263383617876001
1.0,0.5432345644312437
1.0,0.839261211374433
1.0,0.5011476595983374
1.0,0.4018026611340397
1.0,0.8028668849739958
1.0,0.579643661134899
1.0,0.22569837072264778
1.0,0.04320710342957487
1.0,0.633247037245328
1.0,1.0060004916005998
1.0,0.3373623856028162
1.0,0.35222241860050646
1.0,0.9584935797209558
1.0,0.6800164546760824
1.0,0.026626330106986437
1.0,0.21010053931403533
1.0,0.6273965008146932
1.0,0.7563434028486273
1.0,0.4176456435509413
1.0,0.4540403320789853
1.0,0.8556890036080639
1.0,0.5280370904221667
1.0,0.17369180098536932
1.0,0.12401936695495279
1.0,0.7144585792926563
1.0,0.9240671860777281
1.0,0.2548453528934181
1.0,0.27953603964208734
1.0,0.9330493701550994
1.0,0.7017718710760654
1.0,0.09562343556446808
1.0,0.1728516752571899
1.0,0.5114262286109599
1.0,0.8764943313237705
1.0,0.45907564421426056
1.0,0.43250416987263
1.0,0.7869721849182795
1.0,0.6009345653833609
1.0,0.1994090997981984
1.0,0.004148725247506865
1.0,0.6732478328229647
1.0,0.9615891393815461
1.0,0.37102672109992657
1.0,0.32447303415479134
1.0,0.977340434090489
1.0,0.6577427698762051
1.0,0.051932850500961907
1.0,0.2462087145434841
1.0,0.5844454722634959
1.0,0.8017394569593524
1.0,0.38496597992456083
1.0,0.47448872862519076
1.0,0.8283112934285898
1.0,0.5578884060974765
1.0,0.15670097631360422
1.0,0.08045628645892375
1.0,0.7492171180655594
1.0,0.8858493942576606
1.0,0.2959326663858235
1.0,0.28905987280385514
1.0,0.8947084071028295
1.0,0.7403767557302974
1.0,0.08734795570786025
1.0,0.14783706630235313
1.0,0.5647719284134134
1.0,0.821414944665397
1.0,0.4833395870321247
1.0,0.3918567110190755
1.0,0.7928981114382563
1.0,0.5933035319437722
1.0,0.23933495278615236
1.0,0.060782725722061726
1.0,0.6508454829585903
1.0,0.9842229882310626
1.0,0.31560817097864763
1.0,0.36217001986725317
1.0,0.968464484743542
1.0,0.6663587153540558
1.0,0.012991399195264368
1.0,0.19252716859216099
1.0,0.6097998263369795
1.0,0.7781226774537131
1.0,0.43940210974572236
1.0,0.4679193013478522
1.0,0.8696061520092835
1.0,0.5183025421483192
1.0,0.1639959271894091
1.0,0.10252231359198226
1.0,0.6929233467973331
1.0,0.9419155842736107
1.0,0.2726550766114133
1.0,0.2617205744190303
1.0,0.9152106161866738
1.0,0.7233013770767974
1.0,0.11713011814442474
1.0,0.18255719328060696
1.0,0.5211550353797456
1.0,0.8625868121395371
1.0,0.44519094845080254
1.0,0.4107573479053059
1.0,0.765187168808132
1.0,0.6185408690780608
1.0,0.21697674402548162
1.0,0.017777914654167053
1.0,0.6869152163724483
1.0,0.9516125078643689
1.0,0.36108874905016597
1.0,0.346221507273898
1.0,0.9991275816874831
1.0,0.6401385976683517
1.0,0.03436685742546118
1.0,0.2325817767074364
1.0,0.5707798599495608
1.0,0.8117178597120781
1.0,0.39490620354493394
1.0,0.4923064454188603
1.0,0.846151818632564
1.0,0.5363606713322929
1.0,0.13519654530426004
1.0,0.07075241958728917
1.0,0.7394904427836202
1.0,0.8997590449287405
1.0,0.309819013301064
1.0,0.3131760459805752
1.0,0.9031157173569537
1.0,0.7349196634392632
1.0,0.06618200049423018
1.0,0.13945954808005
1.0,0.5406240343593809
1.0,0.8426106994160835
1.0,0.4887649659510818
1.0,0.39925050303030596
1.0,0.8160622792812161
1.0,0.5671891461377223
1.0,0.2289909428118319
1.0,0.03765027875641432
1.0,0.6434218989155388
1.0,0.99459871157746
1.0,0.34169275724764103
1.0,0.35772835590151564
1.0,0.9482524749670166
1.0,0.6914903168560724
1.0,0.022352654886493222
1.0,0.21270941635780682
1.0,0.614273181159088
1.0,0.7687316522463693
1.0,0.41430219159484116
1.0,0.4408509701046977
1.0,0.8582467137096663
1.0,0.5247423887224449
1.0,0.1861446667070723
1.0,0.11385006103522845
1.0,0.7200214400513671
1.0,0.9197351614048118
1.0,0.2662449995534024
1.0,0.2690528947999218
1.0,0.9383132823783531
1.0,0.6972484929220281
1.0,0.10684757980044327
1.0,0.15948621044006317
1.0,0.5137929454827391
1.0,0.8729010413398895
1.0,0.47121407059469234
1.0,0.4348120569569223
1.0,0.773532984916211
1.0,0.6131452709330717
1.0,0.19587225293695515
1.0,0.009461868062202906
1.0,0.6628288239696962
1.0,0.972746760963775
1.0,0.36645265633878416
1.0,0.319214677682024
1.0,0.9878296150182049
1.0,0.6465169726121385
1.0,0.05645409529184388
1.0,0.24384803000463748
1.0,0.5978164890784913
1.0,0.789598900968383
1.0,0.38855762063296817
1.0,0.48792627559916785
1.0,0.8260012729811421
1.0,0.5614308087092061
1.0,0.1444963068494438
1.0,0.09087316570165455
1.0,0.7439023259753896
1.0,0.8904294913517357
1.0,0.28478059680146334
1.0,0.29166936152430967
1.0,0.8815862094799128
1.0,0.7527584192839977
1.0,0.08399746759359607
1.0,0.15334424571981686
1.0,0.5545315554199232
1.0,0.832881890770989
1.0,0.4790594460513559
1.0,0.38168286067933155
1.0,0.7984559774628252
1.0,0.588974160371561
1.0,0.2507377629028472
1.0,0.047588248929866045
1.0,0.6533985285564071
1.0,0.9809313299042853
1.0,0.32806356971728967
1.0,0.3752943471007075
1.0,0.9658566452985611
1.0,0.6697031711353872
1.0,0.0006041836436953925
1.0,0.2027691946137426
1.0,0.6042947802826711
1.0,0.7823972626839955
1.0,0.42792912755458
1.0,0.4623554029903507
1.0,0.8797744503511588
1.0,0.5069018616421619
1.0,0.16832694803709392
1.0,0.09996371224367907
1.0,0.7061117875039784
1.0,0.9294618385630599
1.0,0.27594886830134585
1.0,0.25935476755704023
1.0,0.9285769609926482
1.0,0.711163871964008
1.0,0.12072429937500649
1.0,0.17729428488258467
1.0,0.531639214068084
1.0,0.851363675481411
1.0,0.44971536420363045
1.0,0.4211754767697266
1.0,0.7598731159836467
1.0,0.6231140425925025
1.0,0.2058182011756105
1.0,0.031216080810062614
1.0,0.6846063254629247
1.0,0.9551483171268216
1.0,0.3488770359226061
1.0,0.33284960671743724
1.0,1.0014873524639227
1.0,0.6365460694658612
1.0,0.04650649590140602
1.0,0.22209156568616528
1.0,0.5760372163497144
1.0,0.8071955735697879
1.0,0.4061309894785337
1.0,0.4976221512714369
1.0,0.8357358231312986
1.0,0.5475136584316777
1.0,0.13061733570426806
1.0,0.07306344010735054
1.0,0.7260539259031983
1.0,0.9119647257233677
1.0,0.3062776520407427
1.0,0.30638612051684555
1.0,0.9120425953548467
1.0,0.7262240067328034
1.0,0.07320266691432899
1.0,0.1307567501421309
1.0,0.5476836717141644
1.0,0.8358136252156592
1.0,0.4977308073784241
1.0,0.40623976754559576
1.0,0.8072732574466913
1.0,0.5762071076721262
1.0,0.22223109833148524
1.0,0.04664560074830963
1.0,0.6367162685029235
1.0,1.0015653440554766
1.0,0.3329579569860829
1.0,0.3487704944156858
1.0,0.9550724194959374
1.0,0.6844381903655905
1.0,0.031078814745825883
1.0,0.20568076249096015
1.0,0.6229459600318159
1.0,0.7597972708894102
1.0,0.4210687626423927
1.0,0.44960853186883937
1.0,0.8512879523472494
1.0,0.5314712497148547
1.0,0.17715672423785947
1.0,0.12058715151822691
1.0,0.710995614906599
1.0,0.9285009451543068
1.0,0.25924834801019475
1.0,0.27611871459234544
1.0,0.9296012961560262
1.0,0.7062205205396282
1.0,0.10004132106822874
1.0,0.16840498466005996
1.0,0.5070102869631613
1.0,0.8799136002294745
1.0,0.4625256770797667
1.0,0.42809928343653886
1.0,0.7825365345223863
1.0,0.6044033238111277
1.0,0.2028471092766338
1.0,0.0006819106757022105
1.0,0.6698117822109623
1.0,0.9659959846840701
1.0,0.375464315351782
1.0,0.3278956804164141
1.0,0.9807938142909723
1.0,0.6532917712739699
1.0,0.04751257082711661
1.0,0.25066167201215217
1.0,0.5888676957933032
1.0,0.7983187545536918
1.0,0.3815145585905103
1.0,0.47889126592260955
1.0,0.8327445496543985
1.0,0.5544249688815905
1.0,0.15326827303657894
1.0,0.08392166753077178
1.0,0.7526517802090175
1.0,0.8814488158266747
1.0,0.29150135401597693
1.0,0.2846107505104637
1.0,0.8902900337587695
1.0,0.7437935929397399
1.0,0.09079555687710489
1.0,0.14441827022647777
1.0,0.5613223833882066
1.0,0.8258621231028263
1.0,0.48775600150975185
1.0,0.3883874647510093
1.0,0.7894596291299922
1.0,0.5977079455500347
1.0,0.24377011534174628
1.0,0.056376368259837065
1.0,0.6464083615365636
1.0,0.9876902756326958
1.0,0.31904470943094954
1.0,0.36662054563965973
1.0,0.9728842765770879
1.0,0.6629355812521336
1.0,0.009537546164952348
1.0,0.19594834382765022
1.0,0.6132517355113294
1.0,0.7736702078253443
1.0,0.43498035904574356
1.0,0.4713822507234387
1.0,0.87303838245648
1.0,0.5138995320210717
1.0,0.15956218312330106
1.0,0.10692337986326754
1.0,0.6973551319970083
1.0,0.9384506760315913
1.0,0.2692209023082545
1.0,0.26613653107729957
1.0,0.9196572917733329
1.0,0.719851359221762
1.0,0.11371083422824999
1.0,0.18600525226920947
1.0,0.5245723754399582
1.0,0.8581689116253057
1.0,0.44074231399771047
1.0,0.4141934135277791
1.0,0.7686539683694659
1.0,0.6141032898366761
1.0,0.21256988371248683
1.0,0.02221355003958961
1.0,0.6913201178190103
1.0,0.9481744833754627
1.0,0.35762000563286994
1.0,0.34179929875456133
1.0,0.9946746092083443
1.0,0.643590034012873
1.0,0.03778754482065105
1.0,0.22912838149648226
1.0,0.5673572286984088
1.0,0.8161381243754526
1.0,0.3993572171576399
1.0,0.4888717982858729
1.0,0.8426864225502452
1.0,0.5407919987126103
1.0,0.1395971087247752
1.0,0.06631914835100974
1.0,0.7350879204966722
1.0,0.903191733195295
1.0,0.3132824655274207
1.0,0.3097414063528232
1.0,0.8996503137693995
1.0,0.7393509833143451
1.0,0.0705825714199807
1.0,0.1350262693385352
1.0,0.5362215195776683
1.0,0.8460433951878734
1.0,0.4922284106722031
1.0,0.3948282870057339
1.0,0.8116093143073128
1.0,0.5706405899874789
1.0,0.2324116227017864
1.0,0.03419689105069555
1.0,0.6399992601591514
1.0,0.9990189687355993
1.0,0.34614377836558236
1.0,0.36116442902922424
1.0,0.951719267023115
1.0,0.6870527301094524
1.0,0.017945802078733808
1.0,0.217145044237994
1.0,0.6186780901108853
1.0,0.7652936352626986
1.0,0.41083344067230976
1.0,0.4452669192577316
1.0,0.8626933968015609
1.0,0.521292378372645
1.0,0.18272537528566218
1.0,0.11729812752906633
1.0,0.7234387726063444
1.0,0.9153172533853451
1.0,0.2617963726055457
1.0,0.27251585168074366
1.0,0.9417455053203143
1.0,0.6928454752895453
1.0,0.10241384323957058
1.0,0.16388726920611307
1.0,0.5182247381876497
1.0,0.8694361406031056
1.0,0.4677798887862982
1.0,0.4392625752240935
1.0,0.7779527842549924
1.0,0.6097221443363849
1.0,0.19241839240140776
1.0,0.01288305080292753
1.0,0.6662807256388108
1.0,0.9682942838301709
1.0,0.36203091314404073
1.0,0.3157454389191932
1.0,0.9843911252047055
1.0,0.6509213787131657
1.0,0.06088926535267319
1.0,0.23944166503717745
1.0,0.5933793751616998
1.0,0.7930661958752516
1.0,0.3919941515800347
1.0,0.4834771458005411
1.0,0.8215829071423175
1.0,0.564847653423884
1.0,0.14794390051345307
1.0,0.08745437713101455
1.0,0.7404527734449475
1.0,0.8948766622839296
1.0,0.28919701878432585
1.0,0.2960718913164931
1.0,0.8860194732109569
1.0,0.7492949895733472
1.0,0.08056475681133543
1.0,0.15680963429690026
1.0,0.557966210058146
1.0,0.8284813048347677
1.0,0.47462814118674473
1.0,0.3851055144461897
1.0,0.8019093501580732
1.0,0.5845231542640904
1.0,0.2463174907342373
1.0,0.052041198893298744
1.0,0.6578207595914499
1.0,0.97751063500386
1.0,0.3246121408780038
1.0,0.370889453159381
1.0,0.9614210024079032
1.0,0.6731719370683894
1.0,0.004042185616895402
1.0,0.1993023875471733
1.0,0.6008587221654332
1.0,0.7868041004812841
1.0,0.43236672931167086
1.0,0.4589380854458442
1.0,0.8763263688468501
1.0,0.5113505036004894
1.0,0.17274484104608995
1.0,0.09551701414131376
1.0,0.7016958533614153
1.0,0.9328811149739993
1.0,0.2793988936616166
1.0,0.2549229598416589
1.0,0.924175917237069
1.0,0.7145980387619314
1.0,0.12418921512226128
1.0,0.17386207695109415
1.0,0.5281762421767914
1.0,0.8557974270527545
1.0,0.4541183668256425
1.0,0.41772356009014133
1.0,0.7564519482533928
1.0,0.6275357707767751
1.0,0.21027069331968534
1.0,0.026796296481752066
1.0,0.6801557921852827
1.0,0.9586021926728396
1.0,0.3523001475088221
1.0,0.3372867056237579
1.0,1.0058937324418535
1.0,0.633109523508324
1.0,0.04303921600500812
1.0,0.2255300705101354
1.0,0.5795064401020744
1.0,0.8027604185194294
1.0,0.4017265683670358
1.0,0.5010716887914083
1.0,0.8391546267124094
1.0,0.5430972214383444
1.0,0.12617017978254488
1.0,0.07748182095664596
1.0,0.7305030406913543
1.0,0.9085171470698292
1.0,0.3028607923155941
1.0,0.3007211097520631
1.0,0.9069000690559306
1.0,0.7289205468020638
1.0,0.07543820540591507
1.0,0.12805816677253964
1.0,0.5454463300897795
1.0,0.8414768366002604
1.0,0.5028712941296271
1.0,0.4035256933701905
1.0,0.8050821480722163
1.0,0.5818550684184455
1.0,0.2274175771650662
1.0,0.040996080789341235
1.0,0.6315275099540975
1.0,1.004277134763019
1.0,0.335147503395291
1.0,0.3504986808722304
1.0,0.9562781214866156
1.0,0.6778048222354746
1.0,0.024906448193384292
1.0,0.21231232748827722
1.0,0.6291162832839267
1.0,0.7580670448851524
1.0,0.4198612612715333
1.0,0.45625558767197044
1.0,0.8574120433494501
1.0,0.529756274348879
1.0,0.17590323078462206
1.0,0.12229984716895749
1.0,0.7122475491471872
1.0,0.921852326385909
1.0,0.2531219735401312
1.0,0.2817513046166167
1.0,0.934772404267559
1.0,0.703491075642175
1.0,0.09783484097170583
1.0,0.17113214608965036
1.0,0.5092152040944175
1.0,0.8742794509925542
1.0,0.45735228925298865
1.0,0.43078045278375127
1.0,0.7847567022919243
1.0,0.5987229423242972
1.0,0.19768921225566974
1.0,0.006360492782351468
1.0,0.6749676396842131
1.0,0.9633127720365269
1.0,0.37324234444944504
1.0,0.3261960757724864
1.0,0.979555691559783
1.0,0.6599541977991489
1.0,0.05365203255136533
1.0,0.24399768252170623
1.0,0.5827259506011917
1.0,0.8000160794823744
1.0,0.3827511221090506
1.0,0.47227326851454166
1.0,0.8265875538240048
1.0,0.5561685260601832
1.0,0.1544893457493052
1.0,0.08217607080446603
1.0,0.7514289081161101
1.0,0.8880650101019437
1.0,0.2976563065460397
1.0,0.2907828750190644
1.0,0.8969236401801085
1.0,0.7425881329929025
1.0,0.08906713212933715
1.0,0.145626013641178
1.0,0.5630523711012413
1.0,0.8196915578068747
1.0,0.48112467480365795
1.0,0.38964120024808757
1.0,0.7911743662047449
1.0,0.591583612503993
1.0,0.23712329782983838
1.0,0.06250250068605978
1.0,0.6530572185961846
1.0,0.9864385834359484
1.0,0.31733177548899577
1.0,0.3643852454392968
1.0,0.9701874944639867
1.0,0.6680778692598265
1.0,0.015202798973575597
1.0,0.19080761878522418
1.0,0.607588766170569
1.0,0.7759077877409525
1.0,0.437678700371494
1.0,0.46619553359863464
1.0,0.8673906637540016
1.0,0.5160908796867698
1.0,0.16227601525486549
1.0,0.10473407174528264
1.0,0.6946430992456251
1.0,0.9436391962891941
1.0,0.2748706643110638
1.0,0.25999682730921003
1.0,0.912995103539377
1.0,0.7210897239967924
1.0,0.11541020058095455
1.0,0.18476893079451007
1.0,0.5228748122200525
1.0,0.8643104147735765
1.0,0.44740654177937955
1.0,0.4129725828588937
1.0,0.7669101728996501
1.0,0.6202600436232288
1.0,0.21918811941177788
1.0,0.016058355465686035
1.0,0.6847041618349643
1.0,0.949397597512211
1.0,0.35936536406795255
1.0,0.3440060171423074
1.0,0.9974038120619567
1.0,0.6384186876101169
1.0,0.032155196840220675
1.0,0.23430153103203719
1.0,0.57299161997917
1.0,0.8139334455354198
1.0,0.39662981368420863
1.0,0.4940294570156138
1.0,0.8483670460809165
1.0,0.5385720692342953
1.0,0.13691569733372197
1.0,0.06854135754456983
1.0,0.7377708911003745
1.0,0.8980356374308209
1.0,0.30760412546461224
1.0,0.3109641583619646
1.0,0.9013960305794713
1.0,0.7331961508680483
1.0,0.06396625706094566
1.0,0.14118338525269478
1.0,0.5428393969019701
1.0,0.8448222023913812
1.0,0.4904849735773765
1.0,0.40096991211407945
1.0,0.8182734238815246
1.0,0.5694041465527047
1.0,0.23071417768933783
1.0,0.03543513386565097
1.0,0.6416987447193131
1.0,0.9928793869275845
1.0,0.3394814719241693
1.0,0.35600869163973936
1.0,0.9460405648326998
1.0,0.6892745809280233
1.0,0.020629134810043043
1.0,0.21492475638468994
1.0,0.6159970408474389
1.0,0.7704516523674285
1.0,0.4165137020753742
1.0,0.44306212221024155
1.0,0.8599661152882044
1.0,0.5264656461156569
1.0,0.18835964460634858
1.0,0.11212689933376742
1.0,0.7178063026658392
1.0,0.9175238535656339
1.0,0.264525697419233
1.0,0.2712640375239214
1.0,0.9400326895858178
1.0,0.6989717296758429
1.0,0.10906258209173449
1.0,0.15776305812014635
1.0,0.5115778024682847
1.0,0.870689754140109
1.0,0.46949474406850794
1.0,0.4330923720557488
1.0,0.7713210991739093
1.0,0.6109295256234784
1.0,0.1941487384894315
1.0,0.011677228728483294
1.0,0.6645526592660322
1.0,0.9744667704663784
1.0,0.36866416119039064
1.0,0.3209340773842533
1.0,0.9900407652474399
1.0,0.6487319523877236
1.0,0.05817735456136478
1.0,0.24163289449541833
1.0,0.596093329253339
1.0,0.7878795969579047
1.0,0.38634631091748145
1.0,0.48571436734115997
1.0,0.8242816105956747
1.0,0.5597072867564471
1.0,0.14228056904508582
1.0,0.0925970235136966
1.0,0.7461176641259639
1.0,0.8926410037085776
1.0,0.28650059879883144
1.0,0.2933888006290247
1.0,0.8837973841011628
1.0,0.7549734497199215
1.0,0.0857207324920435
1.0,0.15112913084999502
1.0,0.552808431244639
1.0,0.8311625961420549
1.0,0.4768481907488257
1.0,0.3794710030816625
1.0,0.7967363207062842
1.0,0.5872506778212877
1.0,0.24852204949050422
1.0,0.04931211612345232
1.0,0.6556139211199379
1.0,0.9831428629005244
1.0,0.3297836073645259
1.0,0.3775055292271929
1.0,0.9675760768980407
1.0,0.6714264585495409
1.0,0.002819191563913154
1.0,0.20104606293322308
1.0,0.6020796729180846
1.0,0.7801859848657591
1.0,0.4262098554413521
1.0,0.46063576874951595
1.0,0.8775625702377835
1.0,0.5046861557350543
1.0,0.16660345798158524
1.0,0.10217908229150369
1.0,0.7078356772132708
1.0,0.9311818687050607
1.0,0.27816040880282034
1.0,0.25763511267680816
1.0,0.9263651052712879
1.0,0.7089481566753562
1.0,0.11900081494842435
1.0,0.17950967556980654
1.0,0.5333630793853615
1.0,0.8530837150049561
1.0,0.45192689907617845
1.0,0.42338664951466776
1.0,0.7615925532120529
1.0,0.6248373093672587
1.0,0.20803323348784325
1.0,0.02949295851108731
1.0,0.6823912124694116
1.0,0.9529370599479824
1.0,0.3471577394173632
1.0,0.3306377284803708
1.0,0.9997677200993969
1.0,0.6348225775340437
1.0,0.04429078811798954
1.0,0.22381545351914883
1.0,0.5782525845212302
1.0,0.8094071159475712
1.0,0.4078510214968433
1.0,0.4993415809946077
1.0,0.8379470033814751
1.0,0.5497286682282043
1.0,0.13234062499473045
1.0,0.0708483346190729
1.0,0.7243307960989875
1.0,0.910245451733831
1.0,0.3040663723461975
1.0,0.3034800567916211
1.0,0.909782207028934
1.0,0.7257773767427178
1.0,0.07241774594495042
1.0,0.13292306784785332
1.0,0.5501880402316478
1.0,0.8365042353973154
1.0,0.49777598232830067
1.0,0.4082522729575428
1.0,0.80993143825795
1.0,0.5767441457275392
1.0,0.2224298454076052
1.0,0.04389334931686057
1.0,0.6343020678832354
1.0,1.0012722861916343
1.0,0.332019463890461
1.0,0.34773971882220167
1.0,0.9533959384822001
1.0,0.6809479772843499
1.0,0.027926862622936706
1.0,0.2074473813815513
1.0,0.6243745581315876
1.0,0.7630396010566851
1.0,0.42495655806238886
1.0,0.4515289930741474
1.0,0.8525627081323042
1.0,0.5348671820293146
1.0,0.1808909175106708
1.0,0.11940253361002591
1.0,0.7094729762075785
1.0,0.9248571299258813
1.0,0.25624999803449044
1.0,0.27874621587770004
1.0,0.931644604930261
1.0,0.7063885843372263
1.0,0.10060915873331183
1.0,0.16602146356627603
1.0,0.5042272321694244
1.0,0.8790057904123745
1.0,0.4622018196062543
1.0,0.4258080917483383
1.0,0.7796611503230659
1.0,0.6035876032320789
1.0,0.20243116256507004
1.0,0.0032170825554734698
1.0,0.6719474203907805
1.0,0.9660719592436169
1.0,0.37612424225491636
1.0,0.32920111947999076
1.0,0.9826834758866102
1.0,0.6570566440726853
1.0,0.050877699779288584
1.0,0.24910835003460982
1.0,0.5877138774947724
1.0,0.7952897250520833
1.0,0.3779015467243727
1.0,0.4772455845185424
1.0,0.8316830907823924
1.0,0.5513038201209893
1.0,0.1497473804294341
1.0,0.08531946602087327
1.0,0.7544490823781306
1.0,0.8853058078843831
1.0,0.2947743637091561
1.0,0.28591815406939974
1.0,0.8921816298288252
1.0,0.7475604339864325
1.0,0.09416262405631246
1.0,0.142866886475971
1.0,0.5601705333376529
1.0,0.8228350280756357
1.0,0.4841449541389736
1.0,0.38674375159491925
1.0,0.7884001084850218
1.0,0.5945887612847928
1.0,0.24025115720901935
1.0,0.05777610122435646
1.0,0.648207628201036
1.0,0.9915492059174398
1.0,0.32231968737210576
1.0,0.3692500114203737
1.0,0.9749295198257407
1.0,0.6631056132977088
1.0,0.01010732205707103
1.0,0.19356676096090192
1.0,0.6104706489655696
1.0,0.7727643324826622
1.0,0.43465846606759057
1.0,0.4690930272832152
1.0,0.8701649364841955
1.0,0.5130857759373824
1.0,0.15914817088615524
1.0,0.10946048621745672
1.0,0.6994927346721859
1.0,0.9385285888181736
1.0,0.269882797459366
1.0,0.26510768995823336
1.0,0.917982775254955
1.0,0.716363084367557
1.0,0.1105608503533379
1.0,0.18777383940777773
1.0,0.5260029117667655
1.0,0.8614132062879402
1.0,0.4446320438921246
1.0,0.41611581296012273
1.0,0.7699306924024978
1.0,0.6175011566255538
1.0,0.21630604148065757
1.0,0.02103089662674802
1.0,0.6897994135944077
1.0,0.9445326363950144
1.0,0.3546235938842012
1.0,0.3388951695037548
1.0,0.992416185377791
1.0,0.6431453422498229
1.0,0.03700459209924957
1.0,0.23129666745018176
1.0,0.5698635354429278
1.0,0.8168306990524684
1.0,0.39940432658193437
1.0,0.4908862419248556
1.0,0.845346571609481
1.0,0.5413309712424411
1.0,0.13979782029625454
1.0,0.06356886141492009
1.0,0.7326756543514019
1.0,0.9029006435794299
1.0,0.3123459106588343
1.0,0.3080668748239745
1.0,0.8986214876608041
1.0,0.7362009844289623
1.0,0.0670943115762464
1.0,0.13645682067581322
1.0,0.5379900917057657
1.0,0.8499331400927582
1.0,0.49547269032436675
1.0,0.3961049960282951
1.0,0.813531728750127
1.0,0.5743767327451789
1.0,0.2358095045011349
1.0,0.03267620183656372
1.0,0.638816591735839
1.0,0.9960225719974013
1.0,0.3425019163746632
1.0,0.3589059901882002
1.0,0.9488151527827793
1.0,0.6862697623775802
1.0,0.017501125326154554
1.0,0.21965136599298374
1.0,0.6208463610541141
1.0,0.7653407596974637
1.0,0.4115260003388547
1.0,0.44792705330649674
1.0,0.8647078554510143
1.0,0.5214930749336535
1.0,0.18326436282596376
1.0,0.11488587639426691
1.0,0.720688470659784
1.0,0.9143807135272295
1.0,0.2615052679792098
1.0,0.27440746276127015
1.0,0.9430528938687797
1.0,0.6962125574792236
1.0,0.10618066927579242
1.0,0.16273540414508858
1.0,0.5166733694476137
1.0,0.8658250782218566
1.0,0.46475280876957836
1.0,0.4382030695895939
1.0,0.7763090560884315
1.0,0.6062032012141287
1.0,0.1892991931256951
1.0,0.014682302456929197
1.0,0.6676804736138009
1.0,0.9715692467608564
1.0,0.36588985843925537
1.0,0.3177906971783168
1.0,0.9870205759749487
1.0,0.651491169615755
1.0,0.0610592823877776
1.0,0.23666056348094686
1.0,0.5909978073054223
1.0,0.7927442878866279
1.0,0.3910882912478233
1.0,0.48060371483872716
1.0,0.8192936686916232
1.0,0.5644336561972089
1.0,0.14713012941929296
1.0,0.08959196479572144
1.0,0.7429898948096074
1.0,0.8955385424245704
1.0,0.289274946581379
1.0,0.29811518508025725
1.0,0.8886469895067822
1.0,0.7498628122279595
1.0,0.08073283561940425
1.0,0.1540265945136341
1.0,0.5555826739538913
1.0,0.8281574623717259
1.0,0.4737203163591739
1.0,0.3822301152363987
1.0,0.7996181734803433
1.0,0.5841071925420559
1.0,0.2455017851656593
1.0,0.05417685208358773
1.0,0.6603559164607504
1.0,0.9781705769174652
1.0,0.3246881004270798
1.0,0.37277909974454804
1.0,0.9627264564819505
1.0,0.6765370510100907
1.0,0.007807073426081648
1.0,0.19814858425911325
1.0,0.5993053851774202
1.0,0.7831911036256173
1.0,0.4293376847995916
1.0,0.45787661156336745
1.0,0.8746807024532537
1.0,0.5078295959828738
1.0,0.1696237072959594
1.0,0.09731433132089752
1.0,0.703093636841046
1.0,0.9361541396776492
1.0,0.28325587070885416
1.0,0.2526625865262169
1.0,0.9212698385013739
1.0,0.7138131328030235
1.0,0.12374257012170492
1.0,0.17636643045810682
1.0,0.5303425748929845
1.0,0.8558425869921603
1.0,0.45480899201776953
1.0,0.4203817559118708
1.0,0.7584644386548691
1.0,0.6277345328633658
1.0,0.2108077163646275
1.0,0.024382080851593234
1.0,0.6774035557643043
1.0,0.957663684566747
1.0,0.35200710465545065
1.0,0.3356102396204913
1.0,1.0048629418378987
1.0,0.6299575863959056
1.0,0.03954898791329671
1.0,0.22695865359943632
1.0,0.5812730740031363
1.0,0.8066481989289548
1.0,0.4049689135447815
1.0,0.5023464595869338
1.0,0.8410750729072466
1.0,0.5468314297216265
1.0,0.12956609708653397
1.0,0.07595916724715472
1.0,0.729318437793624
1.0,0.9055187820836541
1.0,0.2992169920976393
1.0,0.30129086875740224
1.0,0.9070700541937847
1.0,0.7309657769165547
1.0,0.07806762803152564
1.0,0.12773623063928322
1.0,0.5445404416129355
1.0,0.8386957031467794
1.0,0.5004896943760991
1.0,0.40311166799888276
1.0,0.8042683488334237
1.0,0.5789816055593813
1.0,0.2251283068171216
1.0,0.04165792903273163
1.0,0.6316054058539001
1.0,1.0064146942830932
1.0,0.33768459661531824
1.0,0.35386573116465836
1.0,0.9600449156255871
1.0,0.6796964051713684
1.0,0.026213808597216972
1.0,0.20870123696239556
1.0,0.6260891751225741
1.0,0.7569151479268775
1.0,0.41830986063424697
1.0,0.4527366164050816
1.0,0.8542928159291048
1.0,0.5286967368171289
1.0,0.17425947072081088
1.0,0.12557477820239266
1.0,0.7161064625451515
1.0,0.923651549895278
1.0,0.2545216933704887
1.0,0.2809683049874941
1.0,0.9343276956177294
1.0,0.7012326086565183
1.0,0.09493069858673742
1.0,0.17117924237978294
1.0,0.5099077356163296
1.0,0.8767857408502936
1.0,0.45952052829896706
1.0,0.4309811212001272
1.0,0.7852956616875932
1.0,0.601383044475812
1.0,0.1997036390078728
1.0,0.005423921026985539
1.0,0.6746765031606269
1.0,0.9609004927570949
1.0,0.370492014358252
1.0,0.3230460449898532
1.0,0.9760673998187983
1.0,0.6582796381256676
1.0,0.05262317829813718
1.0,0.2478873992819584
1.0,0.5859702021087227
1.0,0.801446598922402
1.0,0.38451966233989776
1.0,0.47600938312760893
1.0,0.8299854074787207
1.0,0.557445203185494
1.0,0.1564117282948692
1.0,0.0791796421690177
1.0,0.7477870142279406
1.0,0.8865442927431793
1.0,0.2964736099780947
1.0,0.28763096980389635
1.0,0.8934334439856475
1.0,0.7409116951342686
1.0,0.0880363696700149
1.0,0.14951382219533607
1.0,0.5662947444236196
1.0,0.821120172793426
1.0,0.4828913406019702
1.0,0.39337543667600233
1.0,0.7945703116533666
1.0,0.592858415196769
1.0,0.23904377592192597
1.0,0.059504167597135046
1.0,0.6494134502754801
1.0,0.9849159578710899
1.0,0.3161472007358982
1.0,0.36360037137763934
1.0,0.9697408813606807
1.0,0.6658175240890172
1.0,0.012296748382513087
1.0,0.19085280686926265
1.0,0.6082794195073287
1.0,0.7784121731452155
1.0,0.4398450649849375
1.0,0.46639432382985796
1.0,0.8679277149435765
1.0,0.5187491074057496
1.0,0.16428853755359213
1.0,0.10379559553644031
1.0,0.6943500882895038
1.0,0.941225008803668
1.0,0.2721184560347181
1.0,0.26336197314816157
1.0,0.9167600232458136
1.0,0.7229793987265921
1.0,0.11671568279963464
1.0,0.1811559620834758
1.0,0.5198457958526059
1.0,0.8631566433827668
1.0,0.4458532366886168
1.0,0.4094517033859108
1.0,0.7637890672941522
1.0,0.6191986016380024
1.0,0.21754248491543182
1.0,0.01933141206658629
1.0,0.6885611707794522
1.0,0.9511949428364275
1.0,0.36076317569221594
1.0,0.3445738716941701
1.0,0.9975719227672758
1.0,0.6404620095185136
1.0,0.034782741280678646
1.0,0.23397771671362816
1.0,0.5720838232962319
1.0,0.811150437649404
1.0,0.3942463094772043
1.0,0.49361352343821197
1.0,0.8475513686569711
1.0,0.5356967019217547
1.0,0.1346245525532425
1.0,0.06920133135542532
1.0,0.7378468825467008
1.0,0.9001713187657426
1.0,0.3101393104785454
1.0,0.3147290630579304
1.0,0.9047611914288937
1.0,0.7345016180762577
1.0,0.06585594680121613
1.0,0.13815438389571894
1.0,0.5392264131804652
1.0,0.8432689123110891
1.0,0.489331187176096
1.0,0.3978487914981108
1.0,0.8147525594190125
1.0,0.5677584970458879
1.0,0.22965275071458216
1.0,0.039292157820609616
1.0,0.6449717863097426
1.0,0.9942772135623187
1.0,0.34127880223791496
1.0,0.3561767873345878
1.0,0.9466084343950333
1.0,0.6919021103580105
1.0,0.022672471728910626
1.0,0.21401697471222253
1.0,0.6156732115185591
1.0,0.768068163170895
1.0,0.4137306791788876
1.0,0.44224642977582546
1.0,0.8595501967212734
1.0,0.5241744863247068
1.0,0.18548429230427868
1.0,0.11220290579056452
1.0,0.7184662614662239
1.0,0.9200590535900379
1.0,0.2666613637436839
1.0,0.2677738563399311
1.0,0.9368807693601789
1.0,0.6979409822269914
1.0,0.10738612922262981
1.0,0.161005416432054
1.0,0.5154656260329135
1.0,0.8724564049279505
1.0,0.47092337406553
1.0,0.43648833251484126
1.0,0.7750553205913533
1.0,0.6128500187260366
1.0,0.19542352617173667
1.0,0.00803344539730813
1.0,0.6615543411875782
1.0,0.9732821807028101
1.0,0.3671415506360028
1.0,0.320487479291418
1.0,0.9892558761753116
1.0,0.6458259168071319
1.0,0.055916994380084704
1.0,0.24232353282170727
1.0,0.5961385323478483
1.0,0.7900459465608775
1.0,0.38885071133221516
1.0,0.48625143354120554
1.0,0.8244803858164274
1.0,0.5617198240656445
1.0,0.1449387817535949
1.0,0.09230399754710471
1.0,0.7451792029275923
1.0,0.8898887804217611
1.0,0.284086426323776
1.0,0.2929440769687244
1.0,0.8830143994825109
1.0,0.7520692923244824
1.0,0.08346228051685751
1.0,0.15182167738237803
1.0,0.5528555125243009
1.0,0.8333308501985041
1.0,0.4793544655960943
1.0,0.3800099474668606
1.0,0.796937004133131
1.0,0.58926508956302
1.0,0.2511821666524897
1.0,0.04902099461033683
1.0,0.6546773343541012
1.0,0.9803925478198021
1.0,0.327371313074623
1.0,0.3740172224757375
1.0,0.9644260611258783
1.0,0.6703975892858419
1.0,0.00114464690090257
1.0,0.2042903294512248
1.0,0.605969374667866
1.0,0.781954540107077
1.0,0.42764035987090904
1.0,0.46403360739376104
1.0,0.8812986998613216
1.0,0.5066085232701475
1.0,0.1678801501173668
1.0,0.09853720341380492
1.0,0.7048392335673518
1.0,0.9299991871475864
1.0,0.2766396764335851
1.0,0.257805112825133
1.0,0.9269348492661562
1.0,0.7115775943114374
1.0,0.12104603005244452
1.0,0.17860377208249173
1.0,0.5330411582625758
1.0,0.8507021002409574
1.0,0.4491457806331683
1.0,0.42257286528634574
1.0,0.7611785128302744
1.0,0.6225480540297849
1.0,0.20515975561830826
1.0,0.029570839400419317
1.0,0.6830530757232728
1.0,0.9554741381575389
1.0,0.3492953139479082
1.0,0.3344045376298131
1.0,1.003134755381354
1.0,0.6361299529483472
1.0,0.046182356043412615
1.0,0.2207883303473256
1.0,0.5746415090058192
1.0,0.8078557002998141
1.0,0.40669913954903925
1.0,0.4962223685847331
1.0,0.8344280171041155
1.0,0.5480849231748639
1.0,0.1312810724525097
1.0,0.07470723300656645
1.0,0.7276057421428935
1.0,0.9116451565537177
1.0,0.30586561086603725
1.0,0.3052393787171189
1.0,0.9110417553308101
1.0,0.7269792754553697
1.0,0.07410407758011744
1.0,0.13166139931698367
1.0,0.5484424191133271
1.0,0.8348085860124304
1.0,0.49657962623197316
1.0,0.40704871371156415
1.0,0.8082439564454618
1.0,0.5749913177069496
1.0,0.2211763406965147
1.0,0.04558688410167876
1.0,0.6354957990234905
1.0,1.0025390413957793
1.0,0.33377062199617963
1.0,0.34992924459201247
1.0,0.956069897174526
1.0,0.6836872446586001
1.0,0.030166356373565423
1.0,0.2047717903005314
1.0,0.6221982603391253
1.0,0.760790301716039
1.0,0.4222233061342916
1.0,0.448788537996399
1.0,0.8503215763640549
1.0,0.5326836773345833
1.0,0.17822349024943004
1.0,0.1216492305103058
1.0,0.7122040760094319
1.0,0.9275382955204761
1.0,0.25843135998452205
1.0,0.2769895001451862
1.0,0.9303871824863048
1.0,0.7051888227403473
1.0,0.09892544454898183
1.0,0.16728442112132136
1.0,0.5059746226469848
1.0,0.8807032129091169
1.0,0.46339946847937513
1.0,0.427013908193856
1.0,0.7813513696701573
1.0,0.6053431575294185
1.0,0.20368691321784652
1.0,0.001525200798746624
1.0,0.6707548619435527
1.0,0.9648063729798815
1.0,0.3743747334246714
1.0,0.32701384715710136
1.0,0.9800122509762696
1.0,0.6543201067278027
1.0,0.04864045572296352
1.0,0.25178559789633875
1.0,0.5898913517328798
1.0,0.7975401895805214
1.0,0.3806364441753259
1.0,0.4799886495418924
1.0,0.8339263521611794
1.0,0.5534894581788758
1.0,0.15241742138889422
1.0,0.08307405439215136
1.0,0.751719748182899
1.0,0.8826264191542633
1.0,0.2925942982885355
1.0,0.28372891349853324
1.0,0.8895084666914491
1.0,0.7448219321461904
1.0,0.0919234455255695
1.0,0.1455421923580467
1.0,0.5623460355751655
1.0,0.8250835618822736
1.0,0.48687789084718514
1.0,0.3894848521229099
1.0,0.7906414353893909
1.0,0.5967724310947021
1.0,0.24291925994144387
1.0,0.055528758873834336
1.0,0.6454763332630628
1.0,0.9888678752076667
1.0,0.3201376499508904
1.0,0.36749133494511815
1.0,0.9736701666599843
1.0,0.661903879700235
1.0,0.008421665893087751
1.0,0.1948277840415293
1.0,0.6122160749477705
1.0,0.7744598167523691
1.0,0.4358541466927343
1.0,0.47029687172813817
1.0,0.8718532138516334
1.0,0.5148393694919802
1.0,0.16040199081713147
1.0,0.10776666623369427
1.0,0.6982982079769811
1.0,0.9372610680800203
1.0,0.2681313241337616
1.0,0.2672952775010085
1.0,0.9206547656993037
1.0,0.7191004172673894
1.0,0.11279837960860721
1.0,0.18509627632616302
1.0,0.5238246719946499
1.0,0.8591619462045522
1.0,0.4418968612422271
1.0,0.4133734234079564
1.0,0.767687596138889
1.0,0.6153157137037871
1.0,0.21363664597143972
1.0,0.023275632784286175
1.0,0.6925285826744609
1.0,0.9472118299890142
1.0,0.3568030138545796
1.0,0.3406525607074524
1.0,0.9936737729369254
1.0,0.6443452989828216
1.0,0.03868895173382182
1.0,0.2300330344239527
1.0,0.5681159798501891
1.0,0.8151330814196062
1.0,0.39820603225857126
1.0,0.4896807406992236
1.0,0.843657117796398
1.0,0.5395762125000513
1.0,0.13854235484242233
1.0,0.0652604279517612
1.0,0.7338674472646215
1.0,0.9041654342882155
1.0,0.314095134290135
1.0,0.3107348011833677
1.0,0.9008054614327462
1.0,0.7384426077901286
1.0,0.06983522822597035
1.0,0.13427496713286455
1.0,0.5353084645391954
1.0,0.8472015411927524
1.0,0.49322552434687594
1.0,0.3938659938705834
1.0,0.8107929229478523
1.0,0.5717032731510054
1.0,0.23362044780853505
1.0,0.03540895466650853
1.0,0.6410654219992743
1.0,0.9981983781969466
1.0,0.34517704588370757
1.0,0.36015998649220776
1.0,0.9505684423753444
1.0,0.6879577432882209
1.0,0.018705153649344164
1.0,0.21789970878911266
1.0,0.619579136772758
1.0,0.7641465369642916
1.0,0.40983200398206093
1.0,0.44624122076948214
1.0,0.8635064258155732
1.0,0.5202340182246944
1.0,0.18150550247244152
1.0,0.11608174089767735
1.0,0.7223836584726936
1.0,0.9161258355473978
1.0,0.2627664674328685
1.0,0.271737890879021
1.0,0.9408677549090456
1.0,0.6939697576724122
1.0,0.10343809584535943
1.0,0.1649150079937336
1.0,0.5193522665848163
1.0,0.8685539433398771
1.0,0.46699772130014783
1.0,0.4404407752178945
1.0,0.7790460850262313
1.0,0.6088748952016801
1.0,0.19148696454673697
1.0,0.011946935928765053
1.0,0.6654295099872104
1.0,0.9693913109507735
1.0,0.36321211898460937
1.0,0.3165354080975159
1.0,0.9852655132705262
1.0,0.6498014193458748
1.0,0.059853965040412335
1.0,0.2384096032339809
1.0,0.5922628944710052
1.0,0.7939363847618801
1.0,0.39277968141163305
1.0,0.48228789810026806
1.0,0.8204939293866546
1.0,0.5656915402131407
1.0,0.14888733674472385
1.0,0.08839385435062504
1.0,0.741291980719948
1.0,0.893790682869799
1.0,0.2880114899281812
1.0,0.2968618642474335
1.0,0.8868938650293953
1.0,0.7481750264534386
1.0,0.07952945274645688
1.0,0.1557775762463214
1.0,0.556849733120069
1.0,0.8293514899687784
1.0,0.4754136672657254
1.0,0.38391626299329906
1.0,0.8008203686497926
1.0,0.5853670448059648
1.0,0.2472609307181258
1.0,0.05298067236029153
1.0,0.6586599631138327
1.0,0.9764246593423472
1.0,0.32342661577447684
1.0,0.3701114886050406
1.0,0.9605432482440167
1.0,0.6742962232038741
1.0,0.005066441975301938
1.0,0.20033012258217617
1.0,0.6019862468099821
1.0,0.7859219069706734
1.0,0.4315845655781382
1.0,0.46011628919226283
1.0,0.8774196733707066
1.0,0.5105032507131669
1.0,0.1718134094388015
1.0,0.09458090301976897
1.0,0.7008446414624325
1.0,0.9339781383419842
1.0,0.28058009574956755
1.0,0.2539185210572601
1.0,0.9230250963419161
1.0,0.7155030481880821
1.0,0.12494856294025394
1.0,0.1746167452548305
1.0,0.5290772925912819
1.0,0.8546503250017299
1.0,0.45311692638277595
1.0,0.41869785784927416
1.0,0.7572649735147875
1.0,0.6264774143814422
1.0,0.20905082425908236
1.0,0.0255799060977454
1.0,0.6791006742990141
1.0,0.9594107785875101
1.0,0.3532702460887626
1.0,0.33828009670168474
1.0,1.0070488763525824
1.0,0.6322011517367252
1.0,0.04229187656361545
1.0,0.22477876455184706
1.0,0.5785933813109839
1.0,0.803918568276926
1.0,0.40272368579432627
1.0,0.5001093994088754
1.0,0.8383382391055666
1.0,0.5441599008492533
1.0,0.12737900113667586
1.0,0.07869388832507662
1.0,0.7315692062840949
1.0,0.9076965527785588
1.0,0.3018940560811016
1.0,0.29960498931266655
1.0,0.9058686076715641
1.0,0.7297066770524921
1.0,0.0763087545438415
1.0,0.1289321945870624
1.0,0.5462356988492721
1.0,0.8404409358691696
1.0,0.5017509745110381
1.0,0.4043657412315529
1.0,0.8060217453755929
1.0,0.5806696596460669
1.0,0.2263324383372976
1.0,0.03990626244731634
1.0,0.6303381421700585
1.0,1.0052204509105238
1.0,0.3359905495981857
1.0,0.351626809688227
1.0,0.9573062205255342
1.0,0.6770230150006222
1.0,0.02402485134898585
1.0,0.21143397665817845
1.0,0.628337962230906
1.0,0.7590909372396433
1.0,0.4209849432355702
1.0,0.455404492104136
1.0,0.8564767690616496
1.0,0.5309383207758096
1.0,0.17700037798899063
1.0,0.12339302785643039
1.0,0.7134249085546263
1.0,0.9209200579448762
1.0,0.2522746043216605
1.0,0.28265247136225546
1.0,0.9355279094050397
1.0,0.7024904795382881
1.0,0.0966878627570649
1.0,0.16998120135811376
1.0,0.5082099209710389
1.0,0.8750379619768025
1.0,0.45825718234799107
1.0,0.4297259390689304
1.0,0.7835406759118333
1.0,0.599693397402918
1.0,0.19849839483655243
1.0,0.007172921377533861
1.0,0.6759415809446656
1.0,0.9620925389720083
1.0,0.37218338388266453
1.0,0.32528386132037557
1.0,0.9788045094378783
1.0,0.6609514315575877
1.0,0.05481101914260627
1.0,0.24515198959869086
1.0,0.5837192253479703
1.0,0.799268616204598
1.0,0.3818419059984721
1.0,0.47333979060596254
1.0,0.8278002178586479
1.0,0.5552023939971383
1.0,0.1536691154619505
1.0,0.08135931919370762
1.0,0.7504660145621296
1.0,0.8892732347898624
1.0,0.2987186294582682
1.0,0.289870656814336
1.0,0.8961724543055861
1.0,0.743585370503959
1.0,0.09022612247319577
1.0,0.14678031696554494
1.0,0.5640456420954021
1.0,0.818944098281716
1.0,0.4802154624456972
1.0,0.3907077260921262
1.0,0.7923870339920055
1.0,0.5906174766883306
1.0,0.23630306378986599
1.0,0.06168575282791907
1.0,0.6520943287948218
1.0,0.9876468043712494
1.0,0.3183940946486067
1.0,0.36528641593755323
1.0,0.970943003354085
1.0,0.667077269403322
1.0,0.014055817006316978
1.0,0.18965667780630524
1.0,0.6065834867998081
1.0,0.7766662949725831
1.0,0.43858358971387873
1.0,0.4651410161311961
1.0,0.866174633621293
1.0,0.5170613385180083
1.0,0.16308520158836587
1.0,0.10554649658784734
1.0,0.6956170367534599
1.0,0.9424189669772932
1.0,0.27381170749690087
1.0,0.2611249523725889
1.0,0.9140231988256778
1.0,0.7203079205145576
1.0,0.1145286074891738
1.0,0.18389057621179364
1.0,0.5220964874144142
1.0,0.865334310880685
1.0,0.44853022749603416
1.0,0.412121491043677
1.0,0.7659749023644673
1.0,0.6214420862975418
1.0,0.22028526286352879
1.0,0.017151539905776617
1.0,0.685881524995021
1.0,0.9484653253185605
1.0,0.3585179910968641
1.0,0.3428899004555285
1.0,0.9963723544302078
1.0,0.6392048141079275
1.0,0.03302574222552942
1.0,0.2351755625991776
1.0,0.5737809924912803
1.0,0.8128975410517112
1.0,0.39550949031300203
1.0,0.4948695011243585
1.0,0.8493066396316753
1.0,0.5373866642145344
1.0,0.1358305622585711
1.0,0.06745153544992724
1.0,0.7365815195637179
1.0,0.8989789573309435
1.0,0.3084471754201247
1.0,0.3119886548879031
1.0,0.9025200765474239
1.0,0.7323181565366299
1.0,0.0631885326741373
1.0,0.1404009813516301
1.0,0.5419574435588914
1.0,0.845949967203462
1.0,0.49151246844484736
1.0,0.400038240339259
1.0,0.8174264111617342
1.0,0.5704976912440932
1.0,0.23189214126822447
1.0,0.03661657612113392
1.0,0.642795527919766
1.0,0.9920279348610698
1.0,0.3385456009701565
1.0,0.3549731474073288
1.0,0.9449208418803232
1.0,0.6901492129139938
1.0,0.02141886757345142
1.0,0.2157105226312026
1.0,0.6168669858139176
1.0,0.7693349352618196
1.0,0.41548188419232734
1.0,0.44400580236166204
1.0,0.8608097656625469
1.0,0.5253764244398444
1.0,0.18717063332098993
1.0,0.11094113406270846
1.0,0.7167205671718583
1.0,0.9183632972555487
1.0,0.26546493071869376
1.0,0.27051693825006073
1.0,0.939124077646687
1.0,0.7001266334190398
1.0,0.11005621333719331
1.0,0.15875993537990488
1.0,0.5127361923933133
1.0,0.8697769355165506
1.0,0.4687431979426876
1.0,0.43430095324234774
1.0,0.7723840187523502
1.0,0.6101133781841677
1.0,0.1931862089393667
1.0,0.010710732661522797
1.0,0.6637318248072298
1.0,0.9755326958915871
1.0,0.36987646872635327
1.0,0.32169318503471395
1.0,0.9909460148411227
1.0,0.6475813716601027
1.0,0.05717267560943395
1.0,0.24063169422008382
1.0,0.5949459870347824
1.0,0.7887804072048632
1.0,0.3871012193887498
1.0,0.484494738448089
1.0,0.8232230140328098
1.0,0.5605200718503097
1.0,0.14325510697175065
1.0,0.0935668819261051
1.0,0.7469264902081664
1.0,0.891586125989841
1.0,0.2852839682472928
1.0,0.29414791203210305
1.0,0.8847026374474632
1.0,0.753822865239683
1.0,0.08471604978749497
1.0,0.15012793432727817
1.0,0.5516610927787001
1.0,0.8320634026363957
1.0,0.4776030954674763
1.0,0.3782513704359738
1.0,0.7956777203908016
1.0,0.5880634666677681
1.0,0.24949659116978673
1.0,0.05028197078324313
1.0,0.6564227434495226
1.0,0.9820879889344056
1.0,0.3285669805656049
1.0,0.37675842620071454
1.0,0.9666674612062922
1.0,0.6725813660453555
1.0,0.003812826561989669
1.0,0.2020429364403639
1.0,0.6032380590904955
1.0,0.7792731699948183
1.0,0.42545831306814946
1.0,0.4618443536887326
1.0,0.878625493568842
1.0,0.5038700045431259
1.0,0.16564092467890273
1.0,0.10121258997716087
1.0,0.7070148465070861
1.0,0.9322477903776516
1.0,0.2793727125861653
1.0,0.25659957219701535
1.0,0.925245386071529
1.0,0.7098227849087089
1.0,0.11979054395921504
1.0,0.18029544556893692
1.0,0.5342330281044579
1.0,0.8519669941467295
1.0,0.4508950774405139
1.0,0.42433032591347053
1.0,0.7624361998337776
1.0,0.6237480914440638
1.0,0.2068442259551023
1.0,0.028307189487410667
1.0,0.681305473222813
1.0,0.9537765073905149
1.0,0.3480969764694417
1.0,0.33166222125369166
1.0,1.0008917623147318
1.0,0.6339445869552429
1.0,0.04351306748379886
1.0,0.22303304586546646
1.0,0.5773706274255337
1.0,0.8105348845122698
1.0,0.4088785201169319
1.0,0.4984099129724049
1.0,0.8370999944143024
1.0,0.5508222091669752
1.0,0.1335185848209994
1.0,0.07202978062717354
1.0,0.7254275830520581
1.0,0.9093939959146985
1.0,0.303130497639567
1.0,0.3047005262710541
1.0,0.9108409236755648
1.0,0.7249647117326211
1.0,0.07144404860464759
1.0,0.13195236884908282
1.0,0.5493790940656794
1.0,0.837558993032286
1.0,0.49899177229347735
1.0,0.40749352555838014
1.0,0.8090267890830972
1.0,0.5778953268739901
1.0,0.22343488461083402
1.0,0.04489418934089709
1.0,0.635448809682962
1.0,1.0003708755258458
1.0,0.3312641951678946
1.0,0.3465312577193687
1.0,0.9523338594901212
1.0,0.6817649653100225
1.0,0.028889512256767513
1.0,0.2084137573647458
1.0,0.625194552004028
1.0,0.7619728350451146
1.0,0.4237441304426602
1.0,0.452276692766838
1.0,0.8534716803227329
1.0,0.5337126385374156
1.0,0.17989788668404197
1.0,0.1184050559314374
1.0,0.7083142260312519
1.0,0.9257695882981418
1.0,0.2570009437414808
1.0,0.27780313614510954
1.0,0.9308013148072166
1.0,0.7074781662643369
1.0,0.10179877043750048
1.0,0.167206628418505
1.0,0.5053126074121073
1.0,0.8781659864711617
1.0,0.4612619858879635
1.0,0.42684375606451486
1.0,0.7807817138618046
1.0,0.6027138118324705
1.0,0.20164154988542768
1.0,0.0024311962251947826
1.0,0.6710766348379397
1.0,0.9671878357628638
1.0,0.3771559400541972
1.0,0.3301331515061092
1.0,0.9835310890252307
1.0,0.6559636998001267
1.0,0.04970009645169994
1.0,0.24792654752782886
1.0,0.5866164938754895
1.0,0.796140576699768
1.0,0.3788370574270875
1.0,0.47622192857896584
1.0,0.8305591648982058
1.0,0.5521819345361737
1.0,0.1505259454026045
1.0,0.08610102933557595
1.0,0.7553309156374433
1.0,0.8841779229885361
1.0,0.29374602825532325
1.0,0.28685018234290055
1.0,0.8930292392148279
1.0,0.7464674934664915
1.0,0.09298502448134151
1.0,0.14168508021657236
1.0,0.5590731459657523
1.0,0.8236858834759381
1.0,0.4850804685943061
1.0,0.3857200994079604
1.0,0.787276186353453
1.0,0.5954668719473595
1.0,0.24102971842957205
1.0,0.05855766829167683
1.0,0.6490894652129664
1.0,0.9904213172689751
1.0,0.32129134816565524
1.0,0.36830693544040094
1.0,0.974086233455314
1.0,0.6641951914722016
1.0,0.01129693000864199
1.0,0.19475192956574855
1.0,0.6115560279608702
1.0,0.7719245247888318
1.0,0.4337186285966821
1.0,0.4701286878467741
1.0,0.8712854962703164
1.0,0.5122119882903916
1.0,0.15835856195913056
1.0,0.10867459613456033
1.0,0.6986219453667275
1.0,0.9396444690900382
1.0,0.2709144990112646
1.0,0.2638992251027827
1.0,0.9169206925102584
1.0,0.7171800761458474
1.0,0.11152350373978641
1.0,0.18874021163835453
1.0,0.5268229018865882
1.0,0.8603464440289873
1.0,0.44341962002501356
1.0,0.41686351640543107
1.0,0.7708396683455442
1.0,0.6163466093810372
1.0,0.21531300690141106
1.0,0.02003342270077719
1.0,0.6886406671706987
1.0,0.9454450910146571
1.0,0.35537453583857387
1.0,0.3401156427358055
1.0,0.9934749057770395
1.0,0.6423326734871085
1.0,0.03603089100632907
1.0,0.23032597220402895
1.0,0.5690545930295771
1.0,0.8178854529348212
1.0,0.40062011279449333
1.0,0.4901274907730752
1.0,0.8444419186820106
1.0,0.5424821561415096
1.0,0.14080286325210106
1.0,0.06456969768633893
1.0,0.7338223923985109
1.0,0.9019992366662591
1.0,0.31159064568888567
1.0,0.3070007129838516
1.0,0.8974094240449911
1.0,0.737167716910837
1.0,0.0679149021148991
1.0,0.1372732120352736
1.0,0.5389523848409162
1.0,0.8487243149860095
1.0,0.49441000716084016
1.0,0.39701805106676785
1.0,0.8142830309557977
1.0,0.573379619070506
1.0,0.23465135849625596
1.0,0.0315210541732171
1.0,0.6378231969052945
1.0,0.9967699151914117
1.0,0.34341029189887967
1.0,0.3599611043218511
1.0,0.9500315394141683
1.0,0.6852996675502574
1.0,0.016692543164101854
1.0,0.21883833697897134
1.0,0.6198720595423636
1.0,0.7665606325106844
1.0,0.41258436048680525
1.0,0.44702600664462394
1.0,0.8639531908998956
1.0,0.5224945116239024
1.0,0.18441146112437068
1.0,0.11603670104203753
1.0,0.7216929131968005
1.0,0.9136213619566191
1.0,0.26060025480044136
1.0,0.27525867841287055
1.0,0.9439890087429422
1.0,0.695031351638655
1.0,0.10508364215518984
1.0,0.16164210337384968
1.0,0.5154951694538128
1.0,0.8667565060765273
1.0,0.4656000579042831
1.0,0.43707554119242725
1.0,0.775281317300811
1.0,0.6069853687002791
1.0,0.19018139038892354
1.0,0.015560052868197947
1.0,0.6684584344155237
1.0,0.9705449941550676
1.0,0.36476557605638843
1.0,0.3169514899033164
1.0,0.9860810987553382
1.0,0.6526766984718997
1.0,0.06214526180190818
1.0,0.23774954123660974
1.0,0.5921870550056952
1.0,0.7918008516553571
1.0,0.39024440445856656
1.0,0.48172019552942175
1.0,0.8203257304948197
1.0,0.5636481263656105
1.0,0.14625994053266453
1.0,0.0887175767299007
1.0,0.7421999256312848
1.0,0.8965738427368313
1.0,0.29039490594866985
1.0,0.29727598155787455
1.0,0.8877075160397894
1.0,0.7510483373314865
1.0,0.08181881128091714
1.0,0.15511557602191467
1.0,0.5567719254067819
1.0,0.8272140223878375
1.0,0.4728764258172995
1.0,0.3833465921744756
1.0,0.8006502315309222
1.0,0.5833216664630753
1.0,0.24463160003164855
1.0,0.0533024602651493
1.0,0.6595659435298101
1.0,0.9792058809823437
1.0,0.3258080635469884
1.0,0.3736303116435308
1.0,0.9636625676034953
1.0,0.6753558489221396
1.0,0.006710050058096751
1.0,0.19705527973525666
1.0,0.5981271814310015
1.0,0.7841225352329058
1.0,0.430184937686914
1.0,0.45674908691881855
1.0,0.8736529674182508
1.0,0.5086117597164065
1.0,0.17050590080657016
1.0,0.09819208548478396
1.0,0.7038716013953864
1.0,0.9351298833192426
1.0,0.28213158457336956
1.0,0.2537177044124855
1.0,0.9224862288853806
1.0,0.712843034223083
1.0,0.12293398420703454
1.0,0.17555340519671211
1.0,0.5293682771338518
1.0,0.8570624560527633
1.0,0.4558673484131024
1.0,0.41948070549738037
1.0,0.7577097703511327
1.0,0.6287359733062323
1.0,0.2119548184156521
1.0,0.02553290174674617
1.0,0.6784079945487032
1.0,0.9569043367487543
1.0,0.35110209522929986
1.0,0.33454407402775077
1.0,1.003650874469468
1.0,0.630924322630398
1.0,0.04036958220456711
1.0,0.22777504120627903
1.0,0.5822353633856692
1.0,0.8054393775748238
1.0,0.4039062341338726
1.0,0.5032595183780243
1.0,0.8418263788655349
1.0,0.545834312294336
1.0,0.12840794732903735
1.0,0.07480402333642579
1.0,0.7283250467156972
1.0,0.9062661215250468
1.0,0.3001253638692381
1.0,0.3024802365414412
1.0,0.9081598725358095
1.0,0.73012273071366
1.0,0.07712431188402086
1.0,0.12679663333590674
1.0,0.543700393751573
1.0,0.839780841974548
1.0,0.5016751031484777
1.0,0.40232229923939006
1.0,0.8033943210189008
1.0,0.5801019251779702
1.0,0.22616420754821245
1.0,0.042689390417098176
1.0,0.6327215262932968
1.0,1.0055441451451668
1.0,0.33689846636488985
1.0,0.35268837175721945
1.0,0.9589517349381143
1.0,0.6805437743898392
1.0,0.027146077038249755
1.0,0.20963651125019606
1.0,0.6269402706904086
1.0,0.755818000722509
1.0,0.4171278142073163
1.0,0.4535149374581023
1.0,0.8551711667592036
1.0,0.527573054853092
1.0,0.17323557836632003
1.0,0.12454667916347412
1.0,0.714978333729155
1.0,0.9245331467396763
1.0,0.25530350060534107
1.0,0.2799943637270416
1.0,0.9335152670225471
1.0,0.7022915692232988
1.0,0.09615093165125609
1.0,0.17239526875987393
1.0,0.5109622493311505
1.0,0.8759765582694109
1.0,0.45855007322034624
1.0,0.4319864043235057
1.0,0.7864466064191298
1.0,0.6004781513808096
1.0,0.19894512802362443
1.0,0.004668415889504872
1.0,0.6737753364149881
1.0,0.9620474709717358
1.0,0.37149261046213883
1.0,0.32400893854383367
1.0,0.9768841514295568
1.0,0.657217315213439
1.0,0.05141495361021852
1.0,0.24667473524731542
1.0,0.5849036800173019
1.0,0.8022668292097568
1.0,0.38548579440294256
1.0,0.47501610838083047
1.0,0.8288311004017361
1.0,0.5583544192960724
1.0,0.15715919157264555
1.0,0.07993082429092237
1.0,0.7486992286800513
1.0,0.8853853061519383
1.0,0.29547637621965583
1.0,0.28859385960525913
1.0,0.8942501918437882
1.0,0.7398493759746577
1.0,0.08682814873471392
1.0,0.14830115440807543
1.0,0.565228218579581
1.0,0.8219404068333983
1.0,0.4838574764176327
1.0,0.3923821656818415
1.0,0.7934160083289997
1.0,0.5937676275547298
1.0,0.23979123544708464
1.0,0.0602553534716574
1.0,0.6503256684802087
1.0,0.9837569675272312
1.0,0.3151499632248417
1.0,0.3626264338698045
1.0,0.968928456518116
1.0,0.6668764809031801
1.0,0.013516977694414067
1.0,0.19206883700197133
1.0,0.6093339369747672
1.0,0.777602986811715
1.0,0.43887460615369894
1.0,0.4673996032006188
1.0,0.8690786559224954
1.0,0.5178442180633649
1.0,0.16353003032196148
1.0,0.10304008664634196
1.0,0.6934489177912474
1.0,0.9423719907709266
1.0,0.27311905589122265
1.0,0.26218460998810494
1.0,0.915666838805723
1.0,0.7238267716976805
1.0,0.11764795499328512
1.0,0.18209123261865862
1.0,0.5206968876678226
1.0,0.8620594999310158
1.0,0.4446711940143038
1.0,0.4102300281915492
1.0,0.7646674218768686
1.0,0.6180749159213478
1.0,0.21651858880832328
1.0,0.01830331678028544
1.0,0.6874330457160733
1.0,0.9520765359282082
1.0,0.3615449791744506
1.0,0.34576324323082674
1.0,0.9986617448619184
1.0,0.6396189595630013
1.0,0.03383942138055617
1.0,0.23303812316286937
1.0,0.5712437791874871
1.0,0.8122355727245548
1.0,0.39543171449696524
1.0,0.4928241509261016
1.0,0.8466773370898307
1.0,0.5368170252929613
1.0,0.135660457036951
1.0,0.07023278898717417
1.0,0.7389629992334797
1.0,0.8993007733804339
1.0,0.30935318398073475
1.0,0.31363227985747755
1.0,0.9035797491734107
1.0,0.7354374890302705
1.0,0.06670739886773087
1.0,0.13900139661550936
1.0,0.5401580849552856
1.0,0.8420909487322025
1.0,0.4882376424847074
1.0,0.39873074484118953
1.0,0.8155349633200771
1.0,0.566731002178417
1.0,0.22852498590250125
1.0,0.03816811185265701
1.0,0.6439472897838041
1.0,0.995054937949127
1.0,0.3421567965693334
1.0,0.3572625228285687
1.0,0.9477941996660922
1.0,0.6909628770585498
1.0,0.0218330280389959
1.0,0.2131733243378801
1.0,0.6147295313671386
1.0,0.7692571744562536
1.0,0.4148199008547002
1.0,0.4413764848093467
1.0,0.8587644304747607
1.0,0.5252063042077536
1.0,0.18660100940988758
1.0,0.11332262874294112
1.0,0.7195018056986345
1.0,0.9192693208266295
1.0,0.26578673175771345
1.0,0.2685946907987335
1.0,0.9378472654271395
1.0,0.6967286746910287
1.0,0.10632020379742124
1.0,0.15994249685361311
1.0,0.5142570448463145
1.0,0.8734189344780153
1.0,0.47173952150484066
1.0,0.43532994258981267
1.0,0.7740584433315948
1.0,0.613601564851857
1.0,0.19633634479529513
1.0,0.008942057336438899
1.0,0.6623014404614389
1.0,0.9722885494573513
1.0,0.36598664689280586
1.0,0.3196786532092156
1.0,0.9882860177629031
1.0,0.6470425473586705
1.0,0.05697187209882126
1.0,0.24338212938457213
1.0,0.5973581612409192
1.0,0.7890714086342127
1.0,0.3880379262383525
1.0,0.48739877575976215
1.0,0.8254815860917618
1.0,0.5609649155943761
1.0,0.14403797150663647
1.0,0.09139874795342194
1.0,0.7444200952771317
1.0,0.890893459373692
1.0,0.285237007051397
1.0,0.29213525463913964
1.0,0.8820445448227201
1.0,0.7532859191234034
1.0,0.08451715448297638
1.0,0.15288027769786058
1.0,0.5540751451699895
1.0,0.8323563085192216
1.0,0.4785416767496139
1.0,0.38115728593279957
1.0,0.7979382006558478
1.0,0.5885101848443693
1.0,0.25028136015814895
1.0,0.04811574126403637
1.0,0.6539182229510229
1.0,0.9813972305243507
1.0,0.32852189755486166
1.0,0.37483805318192215
1.0,0.9653925534402211
1.0,0.6691852855024969
1.0,7.87252283116938e-05
1.0,0.20322740612016624
1.0,0.6047607897286494
1.0,0.7829170734097595
1.0,0.42845651106283744
1.0,0.4628752212213501
1.0,0.8803018263541807
1.0,0.5073600656433502
1.0,0.16879296498830756
1.0,0.09944581910555339
1.0,0.7055863365938301
1.0,0.92900555214951
1.0,0.27548476893777046
1.0,0.25889085207173157
1.0,0.9281206182898329
1.0,0.710638357259359
1.0,0.12020658260991211
1.0,0.17776012546076703
1.0,0.532097481863773
1.0,0.8518911077736984
1.0,0.4502349985563632
1.0,0.4217029165672493
1.0,0.760392742831144
1.0,0.6235798756654494
1.0,0.20627647647653485
1.0,0.03069055860017823
1.0,0.6840886162030656
1.0,0.9546844091467482
1.0,0.3484206857145555
1.0,0.3333077506767425
1.0,1.0019533093732533
1.0,0.6370658276549777
1.0,0.04703381186254503
1.0,0.2216353393144983
1.0,0.575573177028022
1.0,0.8066777404735452
1.0,0.40560559861026835
1.0,0.49710432568042956
1.0,0.8352104247577978
1.0,0.5470574245547754
1.0,0.1301533038878111
1.0,0.07358319079123155
1.0,0.7265812493695727
1.0,0.9124228771879084
1.0,0.306743601444838
1.0,0.3066629351750274
1.0,0.9128110179405622
1.0,0.7269309633171064
1.0,0.07341798555015693
1.0,0.12998803860485347
1.0,0.5474070784604261
1.0,0.8355985054685686
1.0,0.497023599368736
1.0,0.40553255765959884
1.0,0.807058135823292
1.0,0.5759305162946968
1.0,0.22146238867051668
1.0,0.046860921260446414
1.0,0.6374232269635354
1.0,1.0023337647648831
1.0,0.33323476976795596
1.0,0.348493666623342
1.0,0.9543039537551186
1.0,0.6837312168945079
1.0,0.030863449202276846
1.0,0.20644942712051648
1.0,0.6232225363987747
1.0,0.7600123474813972
1.0,0.42177595751791885
1.0,0.4503157248680567
1.0,0.8515030270629276
1.0,0.5317478279581223
1.0,0.17792539074372463
1.0,0.12037178785098672
1.0,0.7102886433118252
1.0,0.9277324775371791
1.0,0.25897151834154214
1.0,0.27584216824632823
1.0,0.9288326615474113
1.0,0.7055133556850436
1.0,0.09982627449718315
1.0,0.16917336033805433
1.0,0.5072870246926806
1.0,0.880128875710199
1.0,0.4632325604880248
1.0,0.42880616496848817
1.0,0.7827518081268019
1.0,0.6046800634169558
1.0,0.203615486830937
1.0,0.00046686598096545596
1.0,0.6691046192326864
1.0,0.9652273481991465
1.0,0.3751877671294559
1.0,0.3281721836073279
1.0,0.9815624357654253
1.0,0.6539988892208334
1.0,0.04772760051138261
1.0,0.24989327944737819
1.0,0.5885909111560629
1.0,0.7981034659388053
1.0,0.3808076320271488
1.0,0.47818433748293915
1.0,0.8325292591632032
1.0,0.5541481861206591
1.0,0.15249988234811382
1.0,0.08413669909134662
1.0,0.75335890003219
1.0,0.8822174354248188
1.0,0.2917778553305819
1.0,0.28488729310386324
1.0,0.8910586646147666
1.0,0.7445007615469422
1.0,0.09101060720076817
1.0,0.1436498907958657
1.0,0.5610456419060696
1.0,0.8256468513747195
1.0,0.4870491218541114
1.0,0.38768058697167773
1.0,0.7892443592781943
1.0,0.5974312021915889
1.0,0.2430017340348254
1.0,0.056591416707191505
1.0,0.647115528267457
1.0,0.9884589083650018
1.0,0.3193212539006579
1.0,0.36634404620136357
1.0,0.9721156588552526
1.0,0.6622284595526523
1.0,0.009322512728068656
1.0,0.19671674014504187
1.0,0.6135285239011875
1.0,0.7738854926876131
1.0,0.4356872818564874
1.0,0.4720891754104914
1.0,0.8732536691950576
1.0,0.514176318534621
1.0,0.16033057756438387
1.0,0.10670834455007501
1.0,0.6966480084212181
1.0,0.9376820601860648
1.0,0.26894440474626724
1.0,0.2658597126665
1.0,0.9188888654349998
1.0,0.7191444063900767
1.0,0.11349551934503974
1.0,0.1867739600538692
1.0,0.5248489649410788
1.0,0.8583840351250139
1.0,0.4414495257600163
1.0,0.41490062716639375
1.0,0.7688690937454828
1.0,0.6143798774614879
1.0,0.2133385896208377
1.0,0.021998233280070514
1.0,0.6906131631110161
1.0,0.9474060589134384
1.0,0.3573431890983792
1.0,0.34207613029952283
1.0,0.9954430787017808
1.0,0.6442970037313378
1.0,0.0380029066115824
1.0,0.22835972061954363
1.0,0.5670806560840678
1.0,0.8159230440308479
1.0,0.398650018529496
1.0,0.4881646015340379
1.0,0.8424713440819492
1.0,0.5405154242219603
1.0,0.13882844597152774
1.0,0.06653450826563224
1.0,0.7357948883388282
1.0,0.9039602045650404
1.0,0.313559298948691
1.0,0.30897272858910496
1.0,0.8993737542892204
1.0,0.7391358898355784
1.0,0.06987538967861642
1.0,0.1353031177702763
1.0,0.5369899759369429
1.0,0.8467503780405002
1.0,0.49244375557635484
1.0,0.3950436337861945
1.0,0.8123162990362484
1.0,0.5714090444704447
1.0,0.23268846925721864
1.0,0.03348970743302243
1.0,0.6397841648040758
1.0,0.998742411131729
1.0,0.345375102478173
1.0,0.3619331199271044
1.0,0.9519958696583977
1.0,0.6872678404749987
1.0,0.018653030727819177
1.0,0.21686824271397404
1.0,0.6179096506383902
1.0,0.7645866955651751
1.0,0.4106181089023199
1.0,0.4450515893640506
1.0,0.8619864589803463
1.0,0.520523937023841
1.0,0.18244857188533337
1.0,0.11800535430184286
1.0,0.7236538810955818
1.0,0.9155938578969365
1.0,0.2625650653797347
1.0,0.27328426113229726
1.0,0.9420222768233929
1.0,0.6930607770385937
1.0,0.10312075291615251
1.0,0.163610756633655
1.0,0.5174561373525941
1.0,0.8687290020168447
1.0,0.4675648684835764
1.0,0.4390475567976806
1.0,0.7772456475450403
1.0,0.6089535416250205
1.0,0.19214187795264087
1.0,0.013589958603200617
1.0,0.6664960255115503
1.0,0.9685710572095582
1.0,0.3627993244719031
1.0,0.31497707262274305
1.0,0.9841143668357889
1.0,0.6507061238718383
1.0,0.06018237256287085
1.0,0.23971819449641507
1.0,0.5941480229044765
1.0,0.7937733475956744
1.0,0.3922092150378599
1.0,0.4836922111346751
1.0,0.8222900607390491
1.0,0.5656162992903518
1.0,0.14822042809638186
1.0,0.08674748246490337
1.0,0.7402375167273114
1.0,0.8945999057913219
1.0,0.2884286543641845
1.0,0.2953034856175572
1.0,0.885742705460496
1.0,0.7490796840716811
1.0,0.0798578433821358
1.0,0.157086150621976
1.0,0.5587348146458192
1.0,0.8291884396684108
1.0,0.4748431577368488
1.0,0.38532052911998493
1.0,0.8026164831154075
1.0,0.5852917607280725
1.0,0.2465940089356219
1.0,0.05133428734040797
1.0,0.6576054559660928
1.0,0.9772338653770904
1.0,0.32384373330275906
1.0,0.37165781570321343
1.0,0.961697757024202
1.0,0.6733871956623344
1.0,0.004749082159315426
1.0,0.199025854335318
1.0,0.6000900706700388
1.0,0.7860969525134791
1.0,0.43215166960646334
1.0,0.45872302386432784
1.0,0.8756192190027361
1.0,0.5105818539814038
1.0,0.17246830971054347
1.0,0.09622391256004263
1.0,0.701911113831669
1.0,0.9331578677139893
1.0,0.28016725432914025
1.0,0.2556916413579948
1.0,0.9244524804698658
1.0,0.7148131284880803
1.0,0.12489639311100786
1.0,0.17358523227197079
1.0,0.5274077895701345
1.0,0.8550904404475099
1.0,0.4539030181688731
1.0,0.4175082095570631
1.0,0.7557449597718394
1.0,0.626767320046427
1.0,0.20999385051687078
1.0,0.0275034763468075
1.0,0.6803708837877405
1.0,0.9588787540293277
1.0,0.3530688271488492
1.0,0.33651801097326006
1.0,1.0056171260539533
1.0,0.6328944168953954
1.0,0.04233199110854043
1.0,0.2258068682815377
1.0,0.5802748758219518
1.0,0.8034673619695705
1.0,0.4019419038896433
1.0,0.501287022437707
1.0,0.8398615682862416
1.0,0.5438656590345307
1.0,0.126446979430256
1.0,0.07677459793648712
1.0,0.7302879359547346
1.0,0.9082405388056202
1.0,0.30209209578878743
1.0,0.30050581926086783
1.0,0.9061931406162602
1.0,0.7281521561135986
1.0,0.07516142264498353
1.0,0.12876528659571207
1.0,0.5456613616503544
1.0,0.8417533379148654
1.0,0.5036399137277711
1.0,0.4042943148446434
1.0,0.8053586512631302
1.0,0.5820700981027115
1.0,0.22812469511192976
1.0,0.04071929615210085
1.0,0.6307591173893234
1.0,1.0035702081996574
1.0,0.3349322147804045
1.0,0.3507139544766461
1.0,0.9569850030185649
1.0,0.6785731997897778
1.0,0.02518318779921243
1.0,0.2116051645100014
1.0,0.6289012385891899
1.0,0.7577904966628263
1.0,0.41909262478660964
1.0,0.4554869530633556
1.0,0.8571354970034328
1.0,0.5295412277778334
1.0,0.17519606593003736
1.0,0.1225765848984768
1.0,0.7130159248251816
1.0,0.9225592097941671
1.0,0.25333724902085575
1.0,0.28196637933229496
1.0,0.9354795972667764
1.0,0.7042597421480401
1.0,0.0981114192149734
1.0,0.1704251744948766
1.0,0.5089998404271772
1.0,0.8740026213239015
1.0,0.4565838216358609
1.0,0.43001198704293236
1.0,0.7844798744995805
1.0,0.5985075767807483
1.0,0.19698223878458712
1.0,0.006637069149310201
1.0,0.6757363043137694
1.0,0.964019966912053
1.0,0.37345742104143215
1.0,0.325980954149087
1.0,0.978848481673786
1.0,0.6591854881381803
1.0,0.05337544117393585
1.0,0.24470464098231812
1.0,0.5829412711133285
1.0,0.8002928922642474
1.0,0.38351954281845724
1.0,0.4730416911002571
1.0,0.8268643684821868
1.0,0.5563838446960111
1.0,0.15519630233360823
1.0,0.0818994775507277
1.0,0.7506601965788327
1.0,0.8873578020922557
1.0,0.29744118679894915
1.0,0.2905677965507685
1.0,0.8962164434282734
1.0,0.741819470239655
1.0,0.08879055763868725
1.0,0.1463329814833341
1.0,0.5632677310158638
1.0,0.819968391228145
1.0,0.4818931461734034
1.0,0.39040966974152413
1.0,0.7914511977497063
1.0,0.5917989742949245
1.0,0.2378302675483033
1.0,0.062225928071718735
1.0,0.652288557719246
1.0,0.9857313848078045
1.0,0.317116695144391
1.0,0.3646003708153138
1.0,0.9708947081026013
1.0,0.6688465751681774
1.0,0.015479386598387393
1.0,0.19010066407723
1.0,0.6073734494110499
1.0,0.7756309712064617
1.0,0.4369102759094696
1.0,0.4654271072603015
1.0,0.8671138453432021
1.0,0.5158755648035596
1.0,0.16156906242318014
1.0,0.10501066124640329
1.0,0.6954118070302847
1.0,0.9443464080514999
1.0,0.275085787810772
1.0,0.2602121140477876
1.0,0.9137020282264297
1.0,0.7218581184378752
1.0,0.1156869870945038
1.0,0.18406180721871995
1.0,0.5226597769068599
1.0,0.8640339172115892
1.0,0.4466379259338532
1.0,0.4122039651370585
1.0,0.7666336734613539
1.0,0.6200450101863452
1.0,0.21848099771229662
1.0,0.01633514385554411
1.0,0.685472558152356
1.0,0.9501045203229549
1.0,0.3595806489302213
1.0,0.3437907472905094
1.0,0.9966969342826251
1.0,0.637650306303196
1.0,0.03187845348177484
1.0,0.2350086977629307
1.0,0.5732066684265245
1.0,0.8142099900051282
1.0,0.39739844641651456
1.0,0.49479808787161095
1.0,0.848643588674316
1.0,0.5387871195579587
1.0,0.13762286594092435
1.0,0.06826461606243284
1.0,0.7370025116697625
1.0,0.8973287577751805
1.0,0.3073888537365054
1.0,0.3116713119586962
1.0,0.9016110959136053
1.0,0.7334726784509772
1.0,0.06473490292741353
1.0,0.1409681285350587
1.0,0.542132502235859
1.0,0.8440538379712398
1.0,0.49020821708476875
1.0,0.4006931537451629
1.0,0.8175050575850745
1.0,0.5686972537629024
1.0,0.23049892284801057
1.0,0.03620378160842769
1.0,0.6419752741785508
1.0,0.9930944503854098
1.0,0.34018862364459207
1.0,0.3553015549297873
1.0,0.9458255464062869
1.0,0.6889980664792564
1.0,0.01986053209867857
1.0,0.21514005625742944
1.0,0.6167039486477119
1.0,0.771220063695291
1.0,0.4167904754547615
1.0,0.44333889371332
1.0,0.860734524739758
1.0,0.5271725557922389
1.0,0.18857494635539693
1.0,0.11135829849871179
1.0,0.7175297900933811
1.0,0.9173088332629122
1.0,0.2638185588329721
1.0,0.2705570997027068
1.0,0.9398173596921368
1.0,0.698694926275514
1.0,0.10829414074293058
1.0,0.1579781666093838
1.0,0.5122850292410611
1.0,0.871458446914298
1.0,0.46977134858009933
1.0,0.4333689746910313
1.0,0.7720897900717895
1.0,0.6116367542725637
1.0,0.1943638488549778
1.0,0.010908789255988227
1.0,0.6642758577420123
1.0,0.9742514386963886
1.0,0.3679572214928672
1.0,0.321641062113189
1.0,0.9902561120279005
1.0,0.6490087989431558
1.0,0.0589458090443306
1.0,0.2414177991403428
1.0,0.5953861456356659
1.0,0.7871109210704953
1.0,0.38606975331361115
1.0,0.48543780786098084
1.0,0.8235129328319565
1.0,0.5590001050150828
1.0,0.14206547556631913
1.0,0.09336547987297127
1.0,0.7463945125577051
1.0,0.8928563486127293
1.0,0.2872075816514583
1.0,0.294095742202857
1.0,0.8840127177474615
1.0,0.7552502493676327
1.0,0.08648917008822972
1.0,0.15091402611337526
1.0,0.5521012082244802
1.0,0.8303938996152482
1.0,0.47657158248461656
1.0,0.3791943966937622
1.0,0.7959676260557864
1.0,0.58654345292482
1.0,0.24830694287757563
1.0,0.0500805518433297
1.0,0.6558907188913402
1.0,0.983358198423132
1.0,0.330490550814667
1.0,0.3767985407456395
1.0,0.9673607263649624
1.0,0.6711496157467263
1.0,0.0020507408335650257
1.0,0.20126115453568091
1.0,0.60278685278314
1.0,0.7809546645057862
1.0,0.4264864167978401
1.0,0.46091233198231274
1.0,0.8783312517541194
1.0,0.5053933337238008
1.0,0.16681854770773424
1.0,0.10141062968484671
1.0,0.7075588325341474
1.0,0.9309665200482913
1.0,0.2774534221975758
1.0,0.25692796283269426
1.0,0.9261500436897716
1.0,0.7086716253398097
1.0,0.11823216532933878
1.0,0.17972493604006035
1.0,0.5340699778040904
1.0,0.8538520756724797
1.0,0.4522036518161685
1.0,0.42366340413096665
1.0,0.7623609157558854
1.0,0.6255442059096787
1.0,0.2082484920817882
1.0,0.0287243070156929
1.0,0.6821146792575563
1.0,0.952722000242775
1.0,0.34645059144955814
1.0,0.3313448614377052
1.0,0.9999827347731921
1.0,0.6350990957354283
1.0,0.0450593945819717
1.0,0.22360014989379162
1.0,0.5775456729683394
1.0,0.8086387083723265
1.0,0.4075742518700737
1.0,0.4990648132441469
1.0,0.8371785976825392
1.0,0.5490217547990047
1.0,0.1321253194930644
1.0,0.07161693920674622
1.0,0.7246073124240633
1.0,0.910460468283935
1.0,0.30477350717984064
1.0,0.3032649614365456
1.0,0.9090750234112608
1.0,0.7250087008553084
1.0,0.07214118834108012
1.0,0.13363005257678898
1.0,0.5504033870121084
1.0,0.8367810819527477
1.0,0.49854443681126653
1.0,0.4090207293168175
1.0,0.8102082866896911
1.0,0.5769594906316909
1.0,0.223136828260232
1.0,0.04361678983668143
1.0,0.6335333901195171
1.0,1.0005651044502701
1.0,0.3318043704116943
1.0,0.3479548273114391
1.0,0.9541031652549766
1.0,0.6817166700585388
1.0,0.028203467134528096
1.0,0.20674044356033672
1.0,0.6241592282379066
1.0,0.7627627976563564
1.0,0.4241881167135849
1.0,0.4507605536016523
1.0,0.8522859066082842
1.0,0.5346518502593247
1.0,0.18018397781314735
1.0,0.11967913624530846
1.0,0.7102416671054587
1.0,0.9255643585749668
1.0,0.2564651084000367
1.0,0.27896151575043954
1.0,0.9323515127305342
1.0,0.7071569956650887
1.0,0.10088593211269915
1.0,0.16531432685632402
1.0,0.5040122137430114
1.0,0.8787292759636076
1.0,0.4614332168948898
1.0,0.42503949091328264
1.0,0.779384637750608
1.0,0.6033725829293571
1.0,0.20172402397880917
1.0,0.0034938540585519534
1.0,0.672715829842334
1.0,0.9667788689201988
1.0,0.37633954400396474
1.0,0.3289858627623547
1.0,0.981976581220499
1.0,0.656288279652544
1.0,0.05060094328668085
1.0,0.24981550363134145
1.0,0.5879289428289065
1.0,0.7955662526350121
1.0,0.37867019259084056
1.0,0.4780142322613191
1.0,0.8319596202416301
1.0,0.5515188835788145
1.0,0.1504545321498569
1.0,0.08504270765195669
1.0,0.7536807160816804
1.0,0.8845989150945807
1.0,0.2945591088678288
1.0,0.2857028504440426
1.0,0.8914747182759344
1.0,0.7467920264111877
1.0,0.09388585442954282
1.0,0.14357401943330536
1.0,0.5603855480114481
1.0,0.8231115462770203
1.0,0.48491356060295576
1.0,0.38751235618259255
1.0,0.7886766248100976
1.0,0.5948037778348968
1.0,0.24095829204266253
1.0,0.057499333473895665
1.0,0.6474392225021001
1.0,0.9908422924882401
1.0,0.3221043818704397
1.0,0.3694652718906275
1.0,0.9756364182444696
1.0,0.6638739739652324
1.0,0.010384074797061077
1.0,0.19285961111678798
1.0,0.6102555873840532
1.0,0.7724878011471157
1.0,0.433889816448505
1.0,0.4683243757878208
1.0,0.8698884032723401
1.0,0.5128707162321748
1.0,0.15844102291835016
1.0,0.1097372408337556
1.0,0.7002610972160184
1.0,0.9392354853605936
1.0,0.27009805605331094
1.0,0.26532278156069117
1.0,0.9186899551200104
1.0,0.717131764007584
1.0,0.11083741170982589
1.0,0.18706685092622435
1.0,0.5257875612336872
1.0,0.8611363634851256
1.0,0.4438635931617764
1.0,0.41534736035346576
1.0,0.7696538477233744
1.0,0.6172858079687844
1.0,0.21559905487541303
1.0,0.021307459859544846
1.0,0.6905680951107436
1.0,0.9452398143837609
1.0,0.3548386836103502
1.0,0.3386800647671351
1.0,0.9917089623576321
1.0,0.6423766457230162
1.0,0.036727983835040494
1.0,0.23200360902401404
1.0,0.5700788690892264
1.0,0.8171074987001795
1.0,0.4001727641781206
1.0,0.491654677644733
1.0,0.8456233693808833
1.0,0.5415463067650486
1.0,0.14050476374639567
1.0,0.06329225502701986
1.0,0.7319069597009041
1.0,0.9021934186829622
1.0,0.3121308040459057
1.0,0.30877383328458635
1.0,0.8988368081729409
1.0,0.7364777972108353
1.0,0.06786273228565302
1.0,0.13624169905241387
1.0,0.5372828818197688
1.0,0.8491644304317897
1.0,0.4951960989469373
1.0,0.3958284027745567
1.0,0.8127630172128496
1.0,0.5736695247354908
1.0,0.2355943847540444
1.0,0.0334446244222792
1.0,0.6390934063940209
1.0,0.9962378906332292
1.0,0.34320887295896624
1.0,0.3581990185934264
1.0,0.9485997891155391
1.0,0.6859929327089276
1.0,0.016732657709026832
1.0,0.21986644070866201
1.0,0.6215535540533313
1.0,0.7661094262033289
1.0,0.41180257858212227
1.0,0.44820362967345545
1.0,0.8654765200805706
1.0,0.5222002698091797
1.0,0.18347943941795083
1.0,0.11411741065344803
1.0,0.7204116428674402
1.0,0.9141653479836804
1.0,0.2607982945081272
1.0,0.2737002997829943
1.0,0.9428378491740429
1.0,0.6959360092568976
1.0,0.10541203279086876
1.0,0.16295067774950428
1.0,0.517380250979563
1.0,0.8665934557761598
1.0,0.4650295483754065
1.0,0.4384798073191132
1.0,0.777077431766426
1.0,0.6069100846223868
1.0,0.18951446860641963
1.0,0.013913667848314382
1.0,0.6674039272677837
1.0,0.9713542001898108
1.0,0.3651826935846707
1.0,0.3184978170014892
1.0,0.9872356075355236
1.0,0.65176767093036
1.0,0.06182790198592167
1.0,0.23644527298975157
1.0,0.5902908788657519
1.0,0.7919758971981627
1.0,0.3908115084868917
1.0,0.48032693020148676
1.0,0.8185252761268492
1.0,0.5637267296338474
1.0,0.14691484080440653
1.0,0.09036058627017436
1.0,0.7432663980005213
1.0,0.8957535721088364
1.0,0.28998206452824254
1.0,0.2988223518111508
1.0,0.8888620379541367
1.0,0.7501393566976678
1.0,0.08150146835171022
1.0,0.15381132466183609
1.0,0.5548757961745596
1.0,0.8273890810648051
1.0,0.4734435730007281
1.0,0.3819533737542617
1.0,0.7988497940497312
1.0,0.5834003128864155
1.0,0.24528651343755245
1.0,0.05494548293958486
1.0,0.66063245905415
1.0,0.9783856272411285
1.0,0.3253952690342822
1.0,0.3720719761687579
1.0,0.962511421168758
1.0,0.6762605534481033
1.0,0.007038457580555269
1.0,0.19836387099769084
1.0,0.6000123098644728
1.0,0.7839594980667001
1.0,0.42961447131314084
1.0,0.4581533999532255
1.0,0.8754490987706454
1.0,0.5085365187936176
1.0,0.16983899215822815
1.0,0.0965457135990623
1.0,0.7028171374027499
1.0,0.9359391062407655
1.0,0.2825487490093729
1.0,0.2519556318182228
1.0,0.9210545217418548
1.0,0.7135363162685328
1.0,0.12297414565968061
1.0,0.17658155583412385
1.0,0.5310497885315992
1.0,0.8566112929005112
1.0,0.4550855796425813
1.0,0.42065834541299146
1.0,0.7592331464395289
1.0,0.6284417446256716
1.0,0.21102283986433568
1.0,0.023613654513260075
1.0,0.6771267373535048
1.0,0.9574483696835367
1.0,0.3513001518237653
1.0,0.3363172074626474
1.0,1.005078301752521
1.0,0.6302344198171759
1.0,0.040317459283042124
1.0,0.22674357513114038
1.0,0.5805658772513013
1.0,0.8058795361757073
1.0,0.4046923390541316
1.0,0.5020698869725928
1.0,0.840306412030308
1.0,0.5461242310934826
1.0,0.12935101674192917
1.0,0.0767276367405913
1.0,0.7295952693385855
1.0,0.9057341438745855
1.0,0.29992396181610426
1.0,0.30156739821663986
1.0,0.9078387019365614
1.0,0.7316729286369774
1.0,0.07828269148935084
1.0,0.12696786434283308
1.0,0.5442636832440189
1.0,0.8384804483054522
1.0,0.4997828015862968
1.0,0.4024047733327716
1.0,0.8040530921157876
1.0,0.5787048490667736
1.0,0.22435994239698026
1.0,0.04187299436686567
1.0,0.6323125594506318
1.0,1.0071833401495611
1.0,0.33796112419824703
1.0,0.3535892185922003
1.0,0.9592763147905314
1.0,0.6789892665851075
1.0,0.025998788294495184
1.0,0.20946964641394913
1.0,0.6263659466256527
1.0,0.7571304496759259
1.0,0.41901677031082885
1.0,0.4534435242053547
1.0,0.8545081158018443
1.0,0.5289735101965163
1.0,0.17502788204867328
1.0,0.1253597597759797
1.0,0.7153993258351996
1.0,0.9228829471839135
1.0,0.2542451789217218
1.0,0.28069150346347416
1.0,0.9335592561452344
1.0,0.7005256689589948
1.0,0.09471536681674757
1.0,0.17194793327766308
1.0,0.5101843382516122
1.0,0.8770008512158398
1.0,0.4602277569480524
1.0,0.43168834797290373
1.0,0.7855107701768307
1.0,0.6016596489874034
1.0,0.20047233178206175
1.0,0.0052085911333045335
1.0,0.6739695653394123
1.0,0.9601320514082909
1.0,0.3702152109579232
1.0,0.32332289342159426
1.0,0.976835856178073
1.0,0.6589866209782944
1.0,0.05283852320228894
1.0,0.2471187215182402
1.0,0.5856936426285435
1.0,0.8012315054436353
1.0,0.38381248059853346
1.0,0.47530219950993585
1.0,0.8297703121236452
1.0,0.5571686455816237
1.0,0.15564305240745982
1.0,0.0793949889494783
1.0,0.7484939989568763
1.0,0.8873127472261451
1.0,0.2967504565335269
1.0,0.2879077675752986
1.0,0.8942018797055248
1.0,0.7416186385844097
1.0,0.08825170519262243
1.0,0.14874512754483826
1.0,0.5660181380357194
1.0,0.8209050661804974
1.0,0.4821841157055025
1.0,0.3926682136558435
1.0,0.7943552069167469
1.0,0.5925818069325599
1.0,0.2382750793951193
1.0,0.05971950124343374
1.0,0.6501203918493125
1.0,0.985684395467276
1.0,0.31642400038360935
1.0,0.3633235266985159
1.0,0.9689724287540237
1.0,0.6651105374837727
1.0,0.012081399725743644
1.0,0.19162148838559856
1.0,0.6085559827401255
1.0,0.7786272628713644
1.0,0.44055224297368406
1.0,0.46710150369491343
1.0,0.8681428065460344
1.0,0.5190256687622375
1.0,0.1650572171936192
1.0,0.10358024500336202
1.0,0.6936430998079505
1.0,0.9404565580733198
1.0,0.27184161323190353
1.0,0.26308543993630623
1.0,0.9159913717504192
1.0,0.722272250758787
1.0,0.11650062309442714
1.0,0.1819243246273083
1.0,0.5201225504689048
1.0,0.8633719019767117
1.0,0.4465601332310368
1.0,0.41015860180463964
1.0,0.764004327764406
1.0,0.6194753543779925
1.0,0.21831084558295544
1.0,0.019116350485069943
1.0,0.6878540209353383
1.0,0.9504262932173418
1.0,0.36048664435666944
1.0,0.34485038801924583
1.0,0.9983405273549492
1.0,0.6411691443521569
1.0,0.034997757830782746
1.0,0.23320931101469228
1.0,0.571807055545771
1.0,0.8109351321477379
1.0,0.3935393960480047
1.0,0.4929066118853212
1.0,0.847336065031614
1.0,0.5354199322949851
1.0,0.13385614497799775
1.0,0.06941634602922057
1.0,0.7385540155040352
1.0,0.9009399252297248
1.0,0.31041582867993
1.0,0.31396067049315646
1.0,0.9044844067916532
1.0,0.7342863294613713
1.0,0.06514902023785461
1.0,0.13843088708663276
1.0,0.539995034654918
1.0,0.8439760302579528
1.0,0.48954621686036204
1.0,0.39806382305868565
1.0,0.8154596792421849
1.0,0.5685271166440319
1.0,0.22992925202918715
1.0,0.03858522938093925
1.0,0.6447564958185473
1.0,0.9940004308013871
1.0,0.34051041154944983
1.0,0.35694516301258217
1.0,0.9468851721245526
1.0,0.692117385838735
1.0,0.023379355137168743
1.0,0.2137404283662053
1.0,0.6149045769099443
1.0,0.7673609983163103
1.0,0.413515632607842
1.0,0.4420313850810887
1.0,0.8588430337429975
1.0,0.5234058498397831
1.0,0.1852077440819526
1.0,0.11290978732251379
1.0,0.7186815350706396
1.0,0.920335793195866
1.0,0.26742974129798713
1.0,0.2685425209694874
1.0,0.9371573457271377
1.0,0.6981560588189785
1.0,0.10809332409815599
1.0,0.1607285886397102
1.0,0.5146971602920946
1.0,0.8717494314568679
1.0,0.4707080085219809
1.0,0.4362729688476011
1.0,0.7743483489965794
1.0,0.6120815511089089
1.0,0.19514669650308403
1.0,0.008740638396525465
1.0,0.6617694159032564
1.0,0.9735587589460777
1.0,0.36791021714186795
1.0,0.31971876775414065
1.0,0.9889792829215733
1.0,0.6456107970600413
1.0,0.05520978637039662
1.0,0.24260034747988915
1.0,0.5969069549335637
1.0,0.7907529031451805
1.0,0.3890660299680431
1.0,0.48646675405334233
1.0,0.8251873442770392
1.0,0.5624882447750511
1.0,0.14521559453546795
1.0,0.09159678766110778
1.0,0.744964081304193
1.0,0.8896121890443317
1.0,0.2833177166628075
1.0,0.2921754160917857
1.0,0.8827378268681699
1.0,0.7518542119798777
1.0,0.08275508188871364
1.0,0.1520985089273395
1.0,0.5536239820177374
1.0,0.834037819916969
1.0,0.47956982738702564
1.0,0.38022530738148314
1.0,0.797643971975287
1.0,0.5900335609327654
1.0,0.25145900007376004
1.0,0.0483137978585018
1.0,0.6544622558858053
1.0,0.9801159733291522
1.0,0.3266026503213756
1.0,0.3747859302603972
1.0,0.9647026506269989
1.0,0.6706127127855501
1.0,0.0018518586632083444
1.0,0.20401351104042523
1.0,0.6052009483295329
1.0,0.7812475872753917
1.0,0.4274250449876988
1.0,0.4638182906342419
1.0,0.8805917451533274
1.0,0.5058400988081232
1.0,0.16760333358287607
1.0,0.09924441705241954
1.0,0.7050543589433688
1.0,0.9302757747723983
1.0,0.277408382341936
1.0,0.25857350914252464
1.0,0.9272116376560143
1.0,0.7117928791737062
1.0,0.12175295286318837
1.0,0.1783272726441956
1.0,0.5322725405407406
1.0,0.8499949785414761
1.0,0.44893074719628456
1.0,0.4223578299731532
1.0,0.7604713892544842
1.0,0.6217794381842585
1.0,0.20488325805632096
1.0,0.030277764087471997
1.0,0.6832683624618503
1.0,0.9557509246710882
1.0,0.35006370838899104
1.0,0.333636158199201
1.0,1.0028580138992171
1.0,0.6359146812202403
1.0,0.04547547638777218
1.0,0.22106487294072513
1.0,0.5754101398618164
1.0,0.8085628689070166
1.0,0.40691418987270256
1.0,0.4964374170320876
1.0,0.8351351838350091
1.0,0.5488535559071699
1.0,0.1315576169222181
1.0,0.07400035522723487
1.0,0.7273904722910955
1.0,0.9113684131952718
1.0,0.30509722955911633
1.0,0.30545447407219445
1.0,0.9117489389484833
1.0,0.7277479513427791
1.0,0.07438063518398774
1.0,0.130954414588048
1.0,0.5482270723328665
1.0,0.8345317394569981
1.0,0.49581117174900735
1.0,0.40628025735228945
1.0,0.8079671080137207
1.0,0.5747759728027979
1.0,0.22046935784388785
1.0,0.0458634435818579
1.0,0.6362644767872088
1.0,1.0032462231371437
1.0,0.3339857154749463
1.0,0.349714136102775
1.0,0.9553626704017494
1.0,0.6829185518844112
1.0,0.029889751861974033
1.0,0.20547872812174597
1.0,0.6224135902328063
1.0,0.7610671051163678
1.0,0.42299174748309554
1.0,0.44955697746889406
1.0,0.8505983778880749
1.0,0.5328990091045732
1.0,0.17893042994695346
1.0,0.12137262787502325
1.0,0.7114353851115518
1.0,0.9268310668713907
1.0,0.25821624961897577
1.0,0.2767742002724467
1.0,0.9296802746860318
1.0,0.704420411412485
1.0,0.0986486711695945
1.0,0.16799155783127337
1.0,0.5061896410733977
1.0,0.8809797273578839
1.0,0.4641680711907396
1.0,0.42778250902891163
1.0,0.7816278822426153
1.0,0.6055581778321403
1.0,0.20439405180410739
1.0,0.00124842929566814
1.0,0.6699864524919992
1.0,0.9640994633032995
1.0,0.37415943167562304
1.0,0.3272291038747374
1.0,0.9807191456423808
1.0,0.655088471147944
1.0,0.04891721221557126
1.0,0.25107844429960713
1.0,0.5896762863987458
1.0,0.7972636619975926
1.0,0.37986779830885803
1.0,0.4792200017991157
1.0,0.8336498227019418
1.0,0.5532743947210507
1.0,0.15171026966847145
1.0,0.08335081276106794
1.0,0.7524881144793492
1.0,0.8833333119440657
1.0,0.2928095531298628
1.0,0.28394421712389045
1.0,0.8902153782443398
1.0,0.7455903397214352
1.0,0.09220021515233913
1.0,0.14483505940071234
1.0,0.5621310209013702
1.0,0.824807043680889
1.0,0.48610928438320294
1.0,0.3887162475352366
1.0,0.7903649190643152
1.0,0.5965574145445981
1.0,0.24221212510780069
1.0,0.05580552662429513
1.0,0.6462447389619986
1.0,0.9895747886368664
1.0,0.32035295545255643
1.0,0.3672760744748644
1.0,0.9729632682412555
1.0,0.6611355190327114
1.0,0.008144913153097705
1.0,0.19553493388564325
1.0,0.6124311365292869
1.0,0.7747363480879156
1.0,0.4366227963118199
1.0,0.47106552322353257
1.0,0.8721297470634888
1.0,0.5150544291971877
1.0,0.16110913878493657
1.0,0.10748991161739538
1.0,0.6975298454331486
1.0,0.9365541715376002
1.0,0.2679160655398167
1.0,0.26708018589855065
1.0,0.9199475858342483
1.0,0.7183317376273624
1.0,0.11252181825211924
1.0,0.1858032648077164
1.0,0.5240400225277282
1.0,0.8594387890073668
1.0,0.44266531197257525
1.0,0.4141418760146134
1.0,0.7679644408180124
1.0,0.6155310623605565
1.0,0.21434363257668423
1.0,0.022999069551489348
1.0,0.691759901158125
1.0,0.9465046520002677
1.0,0.35658792412843054
1.0,0.34086766544407215
1.0,0.9943809959570843
1.0,0.6451139955096282
1.0,0.0389655599980309
1.0,0.22932609285012043
1.0,0.5679006462038905
1.0,0.8148562817718951
1.0,0.39743759466238504
1.0,0.48891230497934624
1.0,0.8433803200249957
1.0,0.5393608769774437
1.0,0.13783541139228123
1.0,0.06553703433966142
1.0,0.7346361419151193
1.0,0.9048726591846832
1.0,0.31431024090306364
1.0,0.31002784272275585
1.0,0.9005901409206094
1.0,0.7381657950082556
1.0,0.06906680751656373
1.0,0.1344900887562639
1.0,0.5360156744251924
1.0,0.8479702508537209
1.0,0.4935021157243054
1.0,0.3941425871243217
1.0,0.8115616344851297
1.0,0.5724104811606936
1.0,0.23383556755562557
1.0,0.034640532080793054
1.0,0.6407886073410924
1.0,0.9979830595611187
1.0,0.34447008929940454
1.0,0.3608669580869815
1.0,0.9507838060425846
1.0,0.6882345729568735
1.0,0.019473621266471886
1.0,0.2176846340734344
1.0,0.6188719437735407
1.0,0.7633778704584264
1.0,0.4095554257387934
1.0,0.44596464440252337
1.0,0.862737761186017
1.0,0.5195268233491682
1.0,0.1812904258804544
1.0,0.11685020663849624
1.0,0.7226604862650373
1.0,0.9163412010909469
1.0,0.26347344090395114
1.0,0.27244505385729684
1.0,0.9410827996037824
1.0,0.6942463058947383
1.0,0.10420673233028309
1.0,0.16469973438931793
1.0,0.5186453850528671
1.0,0.8677855657855739
1.0,0.4667209816943197
1.0,0.4401640374883752
1.0,0.7782777093482368
1.0,0.6081680117934221
1.0,0.19127168906601244
1.0,0.012715570537379869
1.0,0.6657060563332275
1.0,0.969606357521819
1.0,0.36391928383919403
1.0,0.31582828827434345
1.0,0.9850504817099515
1.0,0.6495249180312698
1.0,0.05908534544226827
1.0,0.23862489372517617
1.0,0.5929698229106756
1.0,0.7947047754503452
1.0,0.3930564641725646
1.0,0.48256468273750847
1.0,0.8212623219514286
1.0,0.5663984667765022
1.0,0.1491026253596103
1.0,0.08762523287617212
1.0,0.7410154775290341
1.0,0.893575653185533
1.0,0.28730437198131764
1.0,0.29615469751653994
1.0,0.8866788165820408
1.0,0.7478984819837302
1.0,0.07876082001415091
1.0,0.15599284609811942
1.0,0.5575566108994006
1.0,0.8301198712756993
1.0,0.4756904106241712
1.0,0.38419300447543603
1.0,0.8015887480804046
1.0,0.5860739244616052
1.0,0.24747620244623264
1.0,0.052212041504294406
1.0,0.6583834205204331
1.0,0.9762096090186839
1.0,0.32271944716727446
1.0,0.37081861218083073
1.0,0.9607582835572093
1.0,0.6745727207658613
1.0,0.005835057820828316
1.0,0.20011483584359857
1.0,0.6012793221229294
1.0,0.7851535125295906
1.0,0.43130777906458895
1.0,0.45983950080240477
1.0,0.876651277053315
1.0,0.5097963279024231
1.0,0.17159812457653273
1.0,0.0953495207416042
1.0,0.7011211409007286
1.0,0.9341931717788678
1.0,0.28128721744904883
1.0,0.2546254757652543
1.0,0.9232404131014352
1.0,0.7157798647225728
1.0,0.12571698740227827
1.0,0.17440161987881347
1.0,0.5283700789526673
1.0,0.853881619093379
1.0,0.4528403387579642
1.0,0.4184212683481535
1.0,0.7564962657301278
1.0,0.6257702026191364
1.0,0.20883570075937416
1.0,0.02634833243607856
1.0,0.6793774927098137
1.0,0.9596260934707204
1.0,0.35397719892044793
1.0,0.33757312885952867
1.0,1.00683351643796
1.0,0.6319243183154549
1.0,0.041523405193870044
1.0,0.224993843020143
1.0,0.579300578062819
1.0,0.8046872310301734
1.0,0.40300026028497615
1.0,0.5003859720232166
1.0,0.8391068999825052
1.0,0.5448670994773972
1.0,0.12759408148128062
1.0,0.07792541883164006
1.0,0.7312923747391334
1.0,0.9074811909876275
1.0,0.30118708636263664
1.0,0.2993284598534289
1.0,0.9050999599287873
1.0,0.7289995253320694
1.0,0.07609369108601631
1.0,0.12970056088351256
1.0,0.5465124572181888
1.0,0.8406561907104968
1.0,0.5024578673008404
1.0,0.40507263589766407
1.0,0.806237002093229
1.0,0.5809464161386746
1.0,0.2271008027574389
1.0,0.03969119711318231
1.0,0.6296309885733268
1.0,1.0044518050440558
1.0,0.3357140220152569
1.0,0.35190332226068505
1.0,0.9580748213605897
1.0,0.677730153586883
1.0,0.02423987165170764
1.0,0.2106655672066249
1.0,0.6280611907278275
1.0,0.7588756354905949
1.0,0.4202780335589883
1.0,0.4546975843038629
1.0,0.8562614691889101
1.0,0.5306615473964222
1.0,0.17623196666112823
1.0,0.12360804628284333
1.0,0.7141320452645783
1.0,0.9216886606562407
1.0,0.25255111877042735
1.0,0.28292927288627545
1.0,0.9362963488775348
1.0,0.7031974192358116
1.0,0.09690319452705475
1.0,0.1692125104602336
1.0,0.5079333183357563
1.0,0.8748228516112563
1.0,0.4575499536989057
1.0,0.4290187122961539
1.0,0.7833255674225958
1.0,0.5994167928913267
1.0,0.19772970206236345
1.0,0.007388251271214865
1.0,0.6766485187658802
1.0,0.9628609803208121
1.0,0.37246018728299335
1.0,0.32500701288863454
1.0,0.9780360530786036
1.0,0.6602444487049609
1.0,0.05459567423845452
1.0,0.24592066736240908
1.0,0.5839957848281494
1.0,0.7994837096833647
1.0,0.3825490877398364
1.0,0.4740469742236356
1.0,0.8280153132137233
1.0,0.5554789516010087
1.0,0.15443779134935987
1.0,0.08114397241324703
1.0,0.749759029833194
1.0,0.8885047803068966
1.0,0.298441782902836
1.0,0.28959385904293367
1.0,0.8954040185857088
1.0,0.7428784270538179
1.0,0.09001078695058823
1.0,0.14754901161604275
1.0,0.5643222484833023
1.0,0.8191592048946447
1.0,0.48092268734216487
1.0,0.39141494911228497
1.0,0.7926021387286253
1.0,0.5908940849525397
1.0,0.23707176031667263
1.0,0.06147041918162038
1.0,0.6513873872209895
1.0,0.9868783667750631
1.0,0.31811729500089553
1.0,0.36556326061667666
1.0,0.9717114559607419
1.0,0.6677842560085665
1.0,0.01427116566308642
1.0,0.18888799628996933
1.0,0.6063069235670113
1.0,0.7764512052464342
1.0,0.43787641172513214
1.0,0.46443383626614065
1.0,0.8659595420188352
1.0,0.5167847771615203
1.0,0.16231652194833882
1.0,0.10576184712092564
1.0,0.6963240252350132
1.0,0.9431874177076413
1.0,0.27408855029971546
1.0,0.26140148558444426
1.0,0.9147918503210722
1.0,0.7210150684823627
1.0,0.11474366719438131
1.0,0.18312221366796116
1.0,0.5218197327981152
1.0,0.86511905228674
1.0,0.44782333095361415
1.0,0.4114145926249481
1.0,0.7657596418942135
1.0,0.6211653335575518
1.0,0.21951690219600514
1.0,0.017366601487292965
1.0,0.6865886748391349
1.0,0.949233974937646
1.0,0.3587945224324106
1.0,0.3426133841304528
1.0,0.9956037498425345
1.0,0.6384976792742844
1.0,0.03281072567542532
1.0,0.23594396829811348
1.0,0.5740577602417412
1.0,0.8131128465533772
1.0,0.39621640374220163
1.0,0.49557641267724933
1.0,0.8495219432570325
1.0,0.537663433841304
1.0,0.1365989698338158
1.0,0.06723652077613199
1.0,0.7358743866063835
1.0,0.8982103508669613
1.0,0.3081706572187401
1.0,0.31275704745267713
1.0,0.9027968611846643
1.0,0.7325334451515163
1.0,0.06389545923749881
1.0,0.14012447816071627
1.0,0.5411888220844384
1.0,0.8452428492565984
1.0,0.49129743876058135
1.0,0.39982320877868416
1.0,0.8167192913385618
1.0,0.5697290716459492
1.0,0.23161563995361947
1.0,0.037323504560804285
1.0,0.6430108184109613
1.0,0.9923047176220013
1.0,0.33931399165862164
1.0,0.35420477172933446
1.0,0.9446441041508039
1.0,0.6899339374332693
1.0,0.020711984165193303
1.0,0.21598706897721984
1.0,0.6176356204225324
1.0,0.7700421001164043
1.0,0.41569693076337294
1.0,0.4442208470563988
1.0,0.8615169286408227
1.0,0.5261450609247681
1.0,0.187447181543316
1.0,0.11023425253075919
1.0,0.7165052935674426
1.0,0.9180865576497206
1.0,0.26469655316439056
1.0,0.2697482736205044
1.0,0.9388475012797283
1.0,0.6999115568270527
1.0,0.10934901846166714
1.0,0.15903676317224866
1.0,0.5135046581341322
1.0,0.8704839089876332
1.0,0.46895856348623666
1.0,0.434516316909588
1.0,0.7730909903471239
1.0,0.6108818458012953
1.0,0.19346303860801933
1.0,0.01000353966230546
1.0,0.6635167500915515
1.0,0.9752561176483194
1.0,0.3691078022204881
1.0,0.32246189657199137
1.0,0.991222608094861
1.0,0.6477964914071932
1.0,0.05787988361912203
1.0,0.24035487956190194
1.0,0.594177564449067
1.0,0.7880734506205601
1.0,0.38688590075292184
1.0,0.4842794179359522
1.0,0.822516055572198
1.0,0.5597516511409032
1.0,0.1429782941898776
1.0,0.09427409181210203
1.0,0.7471416118315657
1.0,0.8918627173672705
1.0,0.2860526779082614
1.0,0.2949165729090417
1.0,0.8849792100618042
1.0,0.7540379455842877
1.0,0.08542324841563884
1.0,0.1498511027823167
1.0,0.5508926232852634
1.0,0.8313564329179307
1.0,0.47738773367654497
1.0,0.3780360105213513
1.0,0.7949707525486456
1.0,0.5872949952980226
1.0,0.2492197577485164
1.0,0.05098916753507816
1.0,0.6566378219178185
1.0,0.9823645634250555
1.0,0.32933564331885234
1.0,0.3759897184160548
1.0,0.9663908717051716
1.0,0.6723662425456473
1.0,0.0031056147996838947
1.0,0.2023197548511635
1.0,0.6040064854288287
1.0,0.7799801228265036
1.0,0.4256736279513597
1.0,0.4620596704482517
1.0,0.8793324482768362
1.0,0.5046384290051502
1.0,0.16591774121339348
1.0,0.10050537633854625
1.0,0.706799721131069
1.0,0.9319712027528398
1.0,0.27860400667781443
1.0,0.2558311758796237
1.0,0.924968597681671
1.0,0.7096075000464401
1.0,0.1190836211484712
1.0,0.18057194500723306
1.0,0.5350016458262932
1.0,0.8526741158462108
1.0,0.4511101108773976
1.0,0.4245453612266631
1.0,0.7631433234095677
1.0,0.6245167072895902
1.0,0.20712072351708957
1.0,0.027600264800357984
1.0,0.6810901864842355
1.0,0.9534997208769657
1.0,0.34732858202835887
1.0,0.33243060068430375
1.0,1.0011685037968687
1.0,0.6341598586833498
1.0,0.04421994713943929
1.0,0.22275650327206692
1.0,0.5766019965695366
1.0,0.8098277159050675
1.0,0.40866346979326856
1.0,0.49819486452505046
1.0,0.8363928276834088
1.0,0.5500535764346692
1.0,0.13324204035129103
1.0,0.07273665840650513
1.0,0.7256428529038562
1.0,0.9096707392731443
1.0,0.3038988789464879
1.0,0.3044237116128722
1.0,0.9100725010898494
1.0,0.724257755148318
1.0,0.07122872996881965
1.0,0.1327210803863602
1.0,0.5496556873194177
1.0,0.8377741127793765
1.0,0.49969898030316545
1.0,0.40820073544437707
1.0,0.8092419107064966
1.0,0.5781719182514196
1.0,0.2242035942718026
1.0,0.0446788688287603
1.0,0.6347418512223502
1.0,0.9996024548164393
1.0,0.33098738238602154
1.0,0.3468080855117125
1.0,0.9531023252309401
1.0,0.6824719387811051
1.0,0.029104877800316547
1.0,0.20764509273518947
1.0,0.6249179756370693
1.0,0.7617577584531274
1.0,0.423036935567134
1.0,0.4515694997676207
1.0,0.8532566056070547
1.0,0.533436060294148
1.0,0.1791292201781768
1.0,0.11862041959867758
1.0,0.7090211976260257
1.0,0.9265380559152695
1.0,0.2572777734101334
1.0,0.2780796824911268
1.0,0.9315699494158315
1.0,0.7081853311189216
1.0,0.10201381700854607
1.0,0.1664382527405106
1.0,0.505035869682588
1.0,0.8779507109904372
1.0,0.4605551024797054
1.0,0.42613687453256555
1.0,0.7805664402573889
1.0,0.6024370722266423
1.0,0.20087317233112445
1.0,0.0026462409199315374
1.0,0.6717837978162156
1.0,0.9679564722477875
1.0,0.3774324882765233
1.0,0.3298566483151954
1.0,0.9827624675507777
1.0,0.6552565818532632
1.0,0.04948506676743394
1.0,0.24869494009260285
1.0,0.58689327851273
1.0,0.7963558653146545
1.0,0.37954398399044903
1.0,0.4769288570186362
1.0,0.8307744553894011
1.0,0.5524587172971053
1.0,0.15129433609106963
1.0,0.0858859977750011
1.0,0.7546237958142709
1.0,0.883409303390392
1.0,0.29346952694071826
1.0,0.286573639749501
1.0,0.8922606083588308
1.0,0.7457603248592892
1.0,0.09276997415767822
1.0,0.14245345964718442
1.0,0.5593498874478893
1.0,0.8239011552040449
1.0,0.4857873482499465
1.0,0.386426977187292
1.0,0.787491456205251
1.0,0.5957436153058053
1.0,0.24179809973649297
1.0,0.05834261984432239
1.0,0.6483822984820728
1.0,0.9896526845366691
1.0,0.32101480369594687
1.0,0.36858343487869705
1.0,0.9748548511771492
1.0,0.6649023131716829
1.0,0.011511963445525682
1.0,0.1939835332483569
1.0,0.611279239571012
1.0,0.771709239926563
1.0,0.43301170578593823
1.0,0.4694217631597214
1.0,0.8710702095317387
1.0,0.5119352017768424
1.0,0.15759016751804775
1.0,0.10888963144775288
1.0,0.6993290689425176
1.0,0.9404130849355645
1.0,0.27119099657325185
1.0,0.26417604351358226
1.0,0.9176891188485916
1.0,0.7178870289775328
1.0,0.11173881862299666
1.0,0.1879715038536948
1.0,0.5265463123854676
1.0,0.8601313205292791
1.0,0.4427124082627078
1.0,0.4161563027668165
1.0,0.7706245429695272
1.0,0.6160700217562254
1.0,0.21454430099306018
1.0,0.020248739460296285
1.0,0.6893476218786929
1.0,0.9462135154766814
1.0,0.3556513523730646
1.0,0.339838811190844
1.0,0.9927064362836029
1.0,0.6416257037686436
1.0,0.03581552921539772
1.0,0.2310946330809676
1.0,0.5693311656439181
1.0,0.818100533279426
1.0,0.4013273114226372
1.0,0.4908346875249102
1.0,0.8446569971503065
1.0,0.5427587306321596
1.0,0.14157152600534853
1.0,0.06435433777171642
1.0,0.7331154245563548
1.0,0.9012307652965137
1.0,0.31131381226761534
1.0,0.30776939074756987
1.0,0.8976859835251703
1.0,0.7373828103896037
1.0,0.06862208385626338
1.0,0.13699636360353254
1.0,0.5381839284816415
1.0,0.8480173321333827
1.0,0.49419466225668846
1.0,0.3968027042863072
1.0,0.8135760462268621
1.0,0.5726111645875402
1.0,0.23437451194082373
1.0,0.03222823779089022
1.0,0.6380382922603701
1.0,0.9970464727952819
1.0,0.34417896778628904
1.0,0.35919241342397096
1.0,0.9497549367788858
1.0,0.6850845571847111
1.0,0.015985314515016485
1.0,0.21911513850299133
1.0,0.6206404990148586
1.0,0.7672675722082078
1.0,0.41279969225679514
1.0,0.44724133653830495
1.0,0.8646601287211102
1.0,0.5232629529727062
1.0,0.1846882645246995
1.0,0.115329474269261
1.0,0.7214778047075631
1.0,0.9133447574450277
1.0,0.2598315620262524
1.0,0.274490268961317
1.0,0.9437122372398637
1.0,0.6948160498896067
1.0,0.1043767324786079
1.0,0.16191861594630774
1.0,0.5162637702888684
1.0,0.8674636446627882
1.0,0.4658150782070049
1.0,0.4372905596188402
1.0,0.775988454010763
1.0,0.6077539714116436
1.0,0.19045790483769043
1.0,0.01485314506792486
1.0,0.6682431345427841
1.0,0.9702682207756802
1.0,0.36399716472852606
1.0,0.31771985619976656
1.0,0.9863578571242548
1.0,0.652891953313227
1.0,0.06285215459171051
1.0,0.23747301177737212
1.0,0.5914184072629185
1.0,0.7910936999349343
1.0,0.3900293410007414
1.0,0.48150513019528773
1.0,0.8196185768980881
1.0,0.5628794804991426
1.0,0.14598341294973574
1.0,0.08942447139601188
1.0,0.7424151823489209
1.0,0.896850599229439
1.0,0.2911632703688112
1.0,0.29804438725681043
1.0,0.8879842837902502
1.0,0.7512636428331525
1.0,0.08252572471011675
1.0,0.15483905969683895
1.0,0.5560033208191085
1.0,0.8265068875541943
1.0,0.4726614092671954
1.0,0.38313157750068033
1.0,0.7999430985735878
1.0,0.5825530599990931
1.0,0.24435508183026397
1.0,0.054009371818040074
1.0,0.6597812471551673
1.0,0.9794826506091134
1.0,0.32657647112223315
1.0,0.37286194909969833
1.0,0.9633858129871965
1.0,0.6751405903281947
1.0,0.006003153515676727
1.0,0.197331812947112
1.0,0.5988958329263959
1.0,0.7848296832007109
1.0,0.43039999739212154
1.0,0.4569641485003349
1.0,0.8743601172623647
1.0,0.509380409335492
1.0,0.17078243214211664
1.0,0.09748518706605509
1.0,0.7036563409251326
1.0,0.9348531305792526
1.0,0.28136322390584595
1.0,0.2529490228961496
1.0,0.9222096656525837
1.0,0.712627944496934
1.0,0.12222680621828795
1.0,0.17583024987583548
1.0,0.5301367297405087
1.0,0.8577694426580078
1.0,0.4560826970698718
1.0,0.4196960560304587
1.0,0.7584167588326861
1.0,0.6295044240365805
1.0,0.21223166121846665
1.0,0.024825721881690736
1.0,0.6781929029462453
1.0,0.9566277753922664
1.0,0.3503334155892728
1.0,0.33531276867824855
1.0,1.0039274808573682
1.0,0.6311394292433267
1.0,0.04107680710103479
1.0,0.22749824343487673
1.0,0.5814669276657918
1.0,0.8047324341246826
1.0,0.4036908986112651
1.0,0.5030441847317256
1.0,0.8411194372917027
1.0,0.5450658746981497
1.0,0.1281311476813262
1.0,0.07551124635658463
1.0,0.728540151452317
1.0,0.9065427297892559
1.0,0.30089406039604477
1.0,0.30269552703263647
1.0,0.9088668009754799
1.0,0.7308911214021251
1.0,0.0774010946449524
1.0,0.1260895135127343
1.0,0.5434853621909982
1.0,0.8395043406599431
1.0,0.5009064835503336
1.0,0.40155367776493717
1.0,0.8031178178279871
1.0,0.5798868954937042
1.0,0.22545708960134886
1.0,0.042966175054338564
1.0,0.6334899188580707
1.0,1.0062510717085282
1.0,0.3371137549797763
1.0,0.35247309815280375
1.0,0.9582448534061649
1.0,0.6797753968355359
1.0,0.026869337432421616
1.0,0.2103436742284719
1.0,0.6271553153851454
1.0,0.7560945489448351
1.0,0.41789645069223996
1.0,0.4542835720667171
1.0,0.8554477131052207
1.0,0.5277881014241377
1.0,0.17394274322090472
1.0,0.12426994143395483
1.0,0.7142099580511606
1.0,0.9238262633314183
1.0,0.25508822512461654
1.0,0.27977928901136334
1.0,0.9328080740233298
1.0,0.7015229027174337
1.0,0.0958743534079885
1.0,0.1731022403546477
1.0,0.5111776129983907
1.0,0.8762533879380635
1.0,0.459318540837474
1.0,0.4327548700643246
1.0,0.7867234342114736
1.0,0.6006935169243586
1.0,0.19965210149470705
1.0,0.004391839522546138
1.0,0.6730066717854318
1.0,0.9613402760962095
1.0,0.3712775338701517
1.0,0.32422406016723304
1.0,0.9775913613155537
1.0,0.6579860248744076
1.0,0.051691544987648004
1.0,0.24596777678670356
1.0,0.5846883595051651
1.0,0.8019900164278837
1.0,0.3847173736935359
1.0,0.47424768579511495
1.0,0.8285542857435542
1.0,0.5581391006602445
1.0,0.15645223498834254
1.0,0.0802074175446607
1.0,0.7494679402173288
1.0,0.8860925141616264
1.0,0.2956914959667463
1.0,0.2888089380735551
1.0,0.8949573885956232
1.0,0.7406180387279051
1.0,0.08710472322536382
1.0,0.14759418656591933
1.0,0.5650128586649585
1.0,0.821663573412128
1.0,0.48308900504788727
1.0,0.3916136961884049
1.0,0.7931391767840382
1.0,0.5935522657637984
1.0,0.2390842657286197
1.0,0.060531926085998444
1.0,0.6510943293571473
1.0,0.984464166155375
1.0,0.31536504356944645
1.0,0.36241130849378744
1.0,0.9682212428795013
1.0,0.6661077749948292
1.0,0.013240390069602271
1.0,0.1927757917099655
1.0,0.6095492537342863
1.0,0.7778798033462058
1.0,0.4396430306157233
1.0,0.468168029538952
1.0,0.869355474333295
1.0,0.5180595329465751
1.0,0.1642369831536468
1.0,0.10276349714522132
1.0,0.6926802100065876
1.0,0.9416647790086208
1.0,0.27290393239151445
1.0,0.2619693232495273
1.0,0.9149599141186703
1.0,0.7230583772565977
1.0,0.11737116847973589
1.0,0.18279835619444873
1.0,0.5209119229810152
1.0,0.8623359974930032
1.0,0.4454398098598302
1.0,0.4109986459133844
1.0,0.7649439213151648
1.0,0.6182899493582316
1.0,0.21722571050780456
1.0,0.018026528390427364
1.0,0.6866646493986817
1.0,0.9513696131174644
1.0,0.36132969431218187
1.0,0.34597851308262473
1.0,0.99936862264125
1.0,0.6403873408699222
1.0,0.034116164739001996
1.0,0.23233095643197585
1.0,0.5710287307401327
1.0,0.8119590282548464
1.0,0.3946630817646593
1.0,0.4920555200701045
1.0,0.8464007944964311
1.0,0.536601974969298
1.0,0.13495328842974866
1.0,0.07050953046931116
1.0,0.7397313786640919
1.0,0.9000076530360743
1.0,0.30956845570884156
1.0,0.3129251262607459
1.0,0.9033646838392766
1.0,0.7351609614473417
1.0,0.06593875300126299
1.0,0.13921665333314545
1.0,0.5408649796213968
1.0,0.8428593131523439
1.0,0.4885143989773152
1.0,0.39900750321010614
1.0,0.8163033296165273
1.0,0.5674378949682193
1.0,0.22874024074382848
1.0,0.03739946410988029
1.0,0.6436707603245665
1.0,0.9948398744913018
1.0,0.3414496448489106
1.0,0.35796965953852067
1.0,0.9480092180925052
1.0,0.6912393915073167
1.0,0.022601630750360376
1.0,0.2129580244651406
1.0,0.6140226235668655
1.0,0.7684887631283912
1.0,0.41454312747531286
1.0,0.44109971330626824
1.0,0.8579960210232072
1.0,0.5244993945311717
1.0,0.18638570766083923
1.0,0.11409122957799675
1.0,0.7197783182710925
1.0,0.9194843411293513
1.0,0.2664938703439743
1.0,0.26930162861994805
1.0,0.9380625953208205
1.0,0.6970054780913575
1.0,0.10708864514622515
1.0,0.15972738836437567
1.0,0.513549818073538
1.0,0.8726502417038263
1.0,0.47146291699324927
1.0,0.4350533399545301
1.0,0.7732897524337147
1.0,0.6128943362027717
1.0,0.19612123442974883
1.0,0.009710496808933966
1.0,0.6625782419854589
1.0,0.9725038812273411
1.0,0.3666935865903293
1.0,0.31897166848027997
1.0,0.9880706709824426
1.0,0.6467657008032383
1.0,0.05620341761585545
1.0,0.24359722473964768
1.0,0.5980653448585924
1.0,0.789840084521622
1.0,0.3883144838422228
1.0,0.48767533523994133
1.0,0.8262502638554801
1.0,0.5616720973357404
1.0,0.14425306498540316
1.0,0.09063029159414727
1.0,0.7441432468453906
1.0,0.8906781144695403
1.0,0.2845300241987701
1.0,0.29142831306530737
1.0,0.8818292111764214
1.0,0.7530091194756923
1.0,0.08374871688679016
1.0,0.15309538243448034
1.0,0.5547823681901484
1.0,0.8331250050460283
1.0,0.47881828501382295
1.0,0.3814338923206998
1.0,0.7987068953063455
1.0,0.589217409740837
1.0,0.25049646677107756
1.0,0.047347305544158995
1.0,0.6536414251796205
1.0,0.9811818950017431
1.0,0.32781495410472056
1.0,0.3755450416634755
1.0,0.9656079039732994
1.0,0.6694621283053115
1.0,0.0008471759586598222
1.0,0.2030123145177084
1.0,0.6040536098635939
1.0,0.7821483937697324
1.0,0.4281799497063494
1.0,0.46259865798855326
1.0,0.8795331448378448
1.0,0.5066528876546036
1.0,0.16857787526215856
1.0,0.10021427171221035
1.0,0.7058631812729534
1.0,0.9292209008062794
1.0,0.276191755543015
1.0,0.25959800191584553
1.0,0.9283356798713492
1.0,0.7109148885949055
1.0,0.12097523222899768
1.0,0.17754486499051322
1.0,0.5313905834450442
1.0,0.8511227471061747
1.0,0.4499582458163731
1.0,0.4214261619509504
1.0,0.7596243802873115
1.0,0.6228729791230294
1.0,0.2060612178825899
1.0,0.03145921009557264
1.0,0.6843651494149209
1.0,0.9548994688519558
1.0,0.34912783368236056
1.0,0.3326006177194082
1.0,1.0017382946994582
1.0,0.636789309453593
1.0,0.046265205398562874
1.0,0.22185064293985549
1.0,0.5762800885809128
1.0,0.8074461480487899
1.0,0.405882368237038
1.0,0.4973810934308904
1.0,0.8359788304567337
1.0,0.547764337983975
1.0,0.13036860938947714
1.0,0.07281458620355823
1.0,0.7263047330444969
1.0,0.9122078606378042
1.0,0.3060364666111948
1.0,0.30598031525458225
1.0,0.9122822328295984
1.0,0.7262446132946798
1.0,0.07288524518015063
1.0,0.13042760898291447
1.0,0.5476928140290056
1.0,0.836034120587587
1.0,0.49730560483533415
1.0,0.40583077443460697
1.0,0.8075102024182523
1.0,0.5762327033392183
1.0,0.2219181703569877
1.0,0.04631389092228611
1.0,0.6367223468054228
1.0,1.0017904495182335
1.0,0.3325378598793568
1.0,0.3491801217190638
1.0,0.9548365890518296
1.0,0.6844137017207162
1.0,0.031392369407477264
1.0,0.20601370692820287
1.0,0.6229406360054718
1.0,0.7595729121975731
1.0,0.4214900868551026
1.0,0.45001364289683043
1.0,0.8510471403031614
1.0,0.5314494760888774
1.0,0.177473459243001
1.0,0.12091499802434115
1.0,0.7109856582737196
1.0,0.9282796429695762
1.0,0.25967226340541794
1.0,0.2762481226751446
1.0,0.9291462490444675
1.0,0.7059230252053705
1.0,0.10014383226375267
1.0,0.16851859234608582
1.0,0.5067246236324723
1.0,0.879478077987744
1.0,0.4626738745193271
1.0,0.4282312676913805
1.0,0.7820845589284048
1.0,0.6041012108808055
1.0,0.20294450753055848
1.0,0.0007987137156889926
1.0,0.6695288188886993
1.0,0.9655554658318887
1.0,0.37560801152642626
1.0,0.3277624090137057
1.0,0.981244983072151
1.0,0.6535930698862539
1.0,0.04741387792008971
1.0,0.2505441822431286
1.0,0.5891494920514653
1.0,0.7987580988365371
1.0,0.38137016818159386
1.0,0.4787630849457942
1.0,0.833200343536877
1.0,0.5547232184920035
1.0,0.15316699645227422
1.0,0.08380868653189971
1.0,0.7529385505619244
1.0,0.8818854525958585
1.0,0.2913537907688057
1.0,0.28447749599453487
1.0,0.8907412344371984
1.0,0.7440949347071273
1.0,0.09069689211471064
1.0,0.1443008161073222
1.0,0.561604200285766
1.0,0.8263014917776865
1.0,0.4876116505033211
1.0,0.38825932692929743
1.0,0.7899154511571034
1.0,0.5980062120472271
1.0,0.2436688706546919
1.0,0.05626341165297997
1.0,0.6466951712919561
1.0,0.9881269480517476
1.0,0.31889716682317554
1.0,0.3667499781144738
1.0,0.972429268868015
1.0,0.6626381215677439
1.0,0.009640077999873558
1.0,0.1960619946687795
1.0,0.612966100325273
1.0,0.7732347024703934
1.0,0.4351285883825543
1.0,0.4715142706281483
1.0,0.8725864275018959
1.0,0.5135974434827645
1.0,0.1596596207797115
1.0,0.10704019979003392
1.0,0.6970722005719957
1.0,0.9380102003345131
1.0,0.26936462662753147
1.0,0.26654617526745716
1.0,0.9194214932264755
1.0,0.7198269137319913
1.0,0.11402441703453403
1.0,0.18633823235632022
1.0,0.5245670720530113
1.0,0.8579445773254836
1.0,0.44116367761290615
1.0,0.4145985677108736
1.0,0.7684131844700105
1.0,0.6140815330974784
1.0,0.21288665061487871
1.0,0.02254142093771882
1.0,0.6913102005886166
1.0,0.9479532168406001
1.0,0.3580439416674904
1.0,0.34139351788431305
1.0,0.9949142860855817
1.0,0.6436106762246174
1.0,0.03747014372586998
1.0,0.22879928349236925
1.0,0.5673663991578826
1.0,0.8163586366341601
1.0,0.39893204651180025
1.0,0.48846284082475216
1.0,0.8429233881612035
1.0,0.5408176187717173
1.0,0.13928422015276334
1.0,0.06598745541176582
1.0,0.7350940306964218
1.0,0.9034168818131554
1.0,0.3128623965653272
1.0,0.30951689192735204
1.0,0.9000717374264782
1.0,0.7396840234433388
1.0,0.07057708790738484
1.0,0.1350020039744134
1.0,0.5365350423420693
1.0,0.8464529793361479
1.0,0.4919927922509946
1.0,0.39460696042898824
1.0,0.8120334304675821
1.0,0.5709686410112571
1.0,0.23240164542950975
1.0,0.03417519435338083
1.0,0.6403158469358943
1.0,0.9994239427930447
1.0,0.34590305450801
1.0,0.3613851214135807
1.0,0.9512940363353924
1.0,0.6867235720634564
1.0,0.017955152663856642
1.0,0.21716550632408954
1.0,0.6183607490579872
1.0,0.7648879144343332
1.0,0.4110729374238983
1.0,0.44549212791747494
1.0,0.8622731477138184
1.0,0.520960505307752
1.0,0.18273154552729487
1.0,0.11732368754629034
1.0,0.7231260641599816
1.0,0.9149084760498734
1.0,0.262033278174621
1.0,0.27295528039748695
1.0,0.9416009741882346
1.0,0.6927278410447407
1.0,0.1026957201790129
1.0,0.16418855093161747
1.0,0.5181262535509045
1.0,0.8693030662128257
1.0,0.46823102942284417
1.0,0.43969942776879434
1.0,0.7778051816053354
1.0,0.6096091276876449
1.0,0.19270538228244932
1.0,0.013181137174471027
1.0,0.6661795409936394
1.0,0.968166206050342
1.0,0.36248655504550287
1.0,0.31530987352235923
1.0,0.9845395346671653
1.0,0.6510352096799439
1.0,0.06060357012473382
1.0,0.23914426539467076
1.0,0.593481726870972
1.0,0.7931954482244167
1.0,0.39153920391284475
1.0,0.48303648997781395
1.0,0.8217266915034774
1.0,0.5649645333925334
1.0,0.14766078896279156
1.0,0.08715246871835633
1.0,0.740550151059475
1.0,0.8950086221467562
1.0,0.2887452439553907
1.0,0.2956363090328795
1.0,0.8861678507761663
1.0,0.749408777385022
1.0,0.08027903343876341
1.0,0.15651219900452557
1.0,0.5580685411280208
1.0,0.8286105327919178
1.0,0.47417315411706906
1.0,0.3846648154683592
1.0,0.8020531063746004
1.0,0.5846400173459602
1.0,0.24603434728632545
1.0,0.05173926608862556
1.0,0.6579180978034916
1.0,0.9776425592168186
1.0,0.32416034540967137
1.0,0.37132885748410926
1.0,0.9612764318733377
1.0,0.6730542671737169
1.0,0.004324041916940452
1.0,0.19960362611757432
1.0,0.6007602093840553
1.0,0.7866710092042248
1.0,0.43281783805096646
1.0,0.459374902340677
1.0,0.8761787455577958
1.0,0.5112374625597342
1.0,0.1730317915246458
1.0,0.09581508362607767
1.0,0.7015946368189935
1.0,0.932752994039067
1.0,0.2798545074184461
1.0,0.2551436353392358
1.0,0.923750654652096
1.0,0.7142688375608319
1.0,0.12419853756275145
1.0,0.17388250338732167
1.0,0.527858880484496
1.0,0.8553916818323742
1.0,0.4543578241747453
1.0,0.4179487255947813
1.0,0.7560316710210176
1.0,0.6272038808251026
1.0,0.21027683166406766
1.0,0.0268218321069611
1.0,0.679843044336434
1.0,0.9581933796874998
1.0,0.35253703243850015
1.0,0.33706216680627177
1.0,1.0063151166964466
1.0,0.6334425279874497
1.0,0.04303371185301497
1.0,0.2255057619909102
1.0,0.5798199347218428
1.0,0.8031699857809244
1.0,0.40149091804857695
1.0,0.5008503265647947
1.0,0.8395787222332814
1.0,0.5434252480701076
1.0,0.1261601631077825
1.0,0.07746010737255164
1.0,0.7308195955708469
1.0,0.9089220779721713
1.0,0.30262004031338907
1.0,0.3008224163573094
1.0,0.9066018494664592
1.0,0.7284647829405267
1.0,0.07556641640367187
1.0,0.12820563995688639
1.0,0.5450096032577713
1.0,0.8411899761845291
1.0,0.5029841850656745
1.0,0.4036242962143929
1.0,0.8047807593971079
1.0,0.5814038095744424
1.0,0.22755075850495007
1.0,0.041140501219199196
1.0,0.6310881956921935
1.0,1.0039953685257985
1.0,0.33526502318525603
1.0,0.3504011925554812
1.0,0.9565801443541133
1.0,0.6782567077666315
1.0,0.02477437387571822
1.0,0.21216866133457443
1.0,0.6295568321570497
1.0,0.7583500382283568
1.0,0.419744488252488
1.0,0.456153106497388
1.0,0.8577095687046493
1.0,0.5302113514813791
1.0,0.17577385272276444
1.0,0.12215155966657257
1.0,0.7126829813260933
1.0,0.9221378996537735
1.0,0.2530082757912808
1.0,0.2814345996324166
1.0,0.9347942079144779
1.0,0.7037319177072044
1.0,0.09742975996465626
1.0,0.17070814063160272
1.0,0.5094364162163235
1.0,0.8742893175626091
1.0,0.4570243526840499
1.0,0.4304668080592754
1.0,0.784781100873974
1.0,0.5989586827055806
1.0,0.19727949488946725
1.0,0.005939198590583043
1.0,0.6751920283969918
1.0,0.9633181260838125
1.0,0.37290943003314386
1.0,0.32650891368415946
1.0,0.9795300058298665
1.0,0.6597171627647633
1.0,0.054060935599529625
1.0,0.24441780964937385
1.0,0.5825008751593762
1.0,0.8000100312008165
1.0,0.3830828619560156
1.0,0.4725907202696615
1.0,0.8265669772830699
1.0,0.555928918606373
1.0,0.15489518103250996
1.0,0.08260118328473148
1.0,0.7512083226813577
1.0,0.8880557777242781
1.0,0.2979853576424316
1.0,0.2910957335701348
1.0,0.89689799010006
1.0,0.7423511373610027
1.0,0.0894760595695164
1.0,0.14604617266609596
1.0,0.5628273125462054
1.0,0.8196855376699496
1.0,0.4814564578057264
1.0,0.38995869140569317
1.0,0.7911538140558249
1.0,0.5913440256895801
1.0,0.23752916876291116
1.0,0.06292764131095789
1.0,0.6528366763165356
1.0,0.9864293829555331
1.0,0.31766084347216733
1.0,0.3640685685997294
1.0,0.9702093412660089
1.0,0.6683187432221064
1.0,0.01479773485330562
1.0,0.19038365272966223
1.0,0.6078100026844901
1.0,0.7759176749504046
1.0,0.4373507994524233
1.0,0.4658819207714091
1.0,0.867415079222831
1.0,0.5163266482126857
1.0,0.1618663410437664
1.0,0.1043127981929115
1.0,0.6948675236082716
1.0,0.9436445897389655
1.0,0.2745377742867775
1.0,0.25989935963185806
1.0,0.9132971620567427
1.0,0.721541648930435
1.0,0.11527815065530346
1.0,0.18462529653805765
1.0,0.5233153779799551
1.0,0.8645934362614135
1.0,0.4472898119154377
1.0,0.41287014108679704
1.0,0.7672077226468643
1.0,0.6207151413951263
1.0,0.21905877699978832
1.0,0.01591009610793376
1.0,0.6851396371689739
1.0,0.9496832026773259
1.0,0.35925168320588174
1.0,0.34410735189218633
1.0,0.9971056356275887
1.0,0.6379629556458302
1.0,0.03228342472475706
1.0,0.23444904361886965
1.0,0.5725549175391766
1.0,0.8136466057590858
1.0,0.3967427402701242
1.0,0.49412809175706657
1.0,0.8480656742925875
1.0,0.5381208385349249
1.0,0.13704892182870926
1.0,0.06868579861382507
1.0,0.7373316124883388
1.0,0.8977539105960861
1.0,0.3077216696465923
1.0,0.3112472398916846
1.0,0.9012791205898805
1.0,0.7330523364859469
1.0,0.06440688286273125
1.0,0.14163525014445444
1.0,0.542707527101968
1.0,0.8447249148396783
1.0,0.4907869720528592
1.0,0.40125569740484335
1.0,0.8181596829775708
1.0,0.5692558271530693
1.0,0.23114983314899631
1.0,0.03589005151189941
1.0,0.6415694623492065
1.0,0.9927770051973708
1.0,0.33977884154573446
1.0,0.3557217918215223
1.0,0.9461536715442644
1.0,0.6894222736405048
1.0,0.020192372328166733
1.0,0.2144690844622863
1.0,0.6161250886063263
1.0,0.7705528069916585
1.0,0.4162155856828892
1.0,0.4427802152498577
1.0,0.8600837195120675
1.0,0.5266101472267952
1.0,0.1879201858686638
1.0,0.11167584876004594
1.0,0.7179394671189435
1.0,0.9176224282652037
1.0,0.2642245057565531
1.0,0.2712578372613472
1.0,0.9403645326297693
1.0,0.6993919487426438
1.0,0.10883734341104964
1.0,0.15752624261389556
1.0,0.5119866698665809
1.0,0.8710025526492964
1.0,0.46946927411410844
1.0,0.43308311153345047
1.0,0.7716503472827299
1.0,0.6113548463740255
1.0,0.19392813616789956
1.0,0.011437701955953273
1.0,0.6649583500734559
1.0,0.9747840814983351
1.0,0.3686436690833536
1.0,0.32094414471935445
1.0,0.9897128042864862
1.0,0.6483079262902787
1.0,0.05839877120093491
1.0,0.24187358833204917
1.0,0.5956883251749521
1.0,0.7875629801602203
1.0,0.38636797759385466
1.0,0.48571982083281434
1.0,0.8239485404457395
1.0,0.5592858330784269
1.0,0.14250505344961548
1.0,0.0928327319977296
1.0,0.7457081700405138
1.0,0.892327571007001
1.0,0.2865249542257778
1.0,0.2933988473247286
1.0,0.8834693874903411
1.0,0.754549384219991
1.0,0.08594212473959865
1.0,0.1513697927893755
1.0,0.5524034102794725
1.0,0.8308459511997378
1.0,0.47686981427009545
1.0,0.3794764171708311
1.0,0.796403226164334
1.0,0.5868292035038702
1.0,0.24874649824516584
1.0,0.04954779646285265
1.0,0.6552043838793844
1.0,0.9828293983016976
1.0,0.3298079459046926
1.0,0.377499300819986
1.0,0.9679078767868887
1.0,0.6718466457190915
1.0,0.002593935996448705
1.0,0.20080920802448654
1.0,0.6024885159243659
1.0,0.7804987627355492
1.0,0.4261843498370846
1.0,0.4606264763299673
1.0,0.8778918014598244
1.0,0.5051114483409688
1.0,0.16638281250494988
1.0,0.10193953487957638
1.0,0.7082413323708265
1.0,0.9314991403345316
1.0,0.27813989230376834
1.0,0.25734819221919386
1.0,0.9264781763329845
1.0,0.7090958099853518
1.0,0.11856402807453306
1.0,0.17905397175015259
1.0,0.5334911102574693
1.0,0.8531848414845533
1.0,0.45162873952859006
1.0,0.4231047031517982
1.0,0.761710133043901
1.0,0.6249817898389997
1.0,0.20759373910029044
1.0,0.029041879792733177
1.0,0.6825243337674125
1.0,0.9530356027503019
1.0,0.34685653086790375
1.0,0.3309207818654582
1.0,0.9996507669547026
1.0,0.634678731254692
1.0,0.04473139703299554
1.0,0.22426727900842278
1.0,0.5781206903292131
1.0,0.809309807756471
1.0,0.408152984322458
1.0,0.49962733438812124
1.0,0.8378332455907417
1.0,0.5495803206839364
1.0,0.13277623729928556
1.0,0.07130323162592407
1.0,0.724201478079013
1.0,0.9101430306011316
1.0,0.3043637175757477
1.0,0.3039658415946581
1.0,0.9096220537494212
1.0,0.7257056107439075
1.0,0.07268450358772979
1.0,0.13317798598182862
1.0,0.5501051702371003
1.0,0.8363253002662766
1.0,0.49824224976674497
1.0,0.40873499374823796
1.0,0.8097687163116302
1.0,0.5766774851650928
1.0,0.22270121314121366
1.0,0.0441455749476451
1.0,0.6342160100399623
1.0,1.0010978448202763
1.0,0.3324907204341208
1.0,0.3472578123495447
1.0,0.9535599550816222
1.0,0.681015924994663
1.0,0.02765630170213104
1.0,0.20719633032010296
1.0,0.6244613102091329
1.0,0.7632147291570799
1.0,0.42448646858282985
1.0,0.4510424539949552
1.0,0.8527216268005978
1.0,0.534937720922141
1.0,0.18062341309697158
1.0,0.11914650094859741
1.0,0.7095552120097369
1.0,0.9250354383697663
1.0,0.25578262357382836
1.0,0.27853731609442656
1.0,0.9320196649958107
1.0,0.7067367512681184
1.0,0.100557814479957
1.0,0.16598157605472116
1.0,0.5045871110201192
1.0,0.8794002552639861
1.0,0.4620120694310401
1.0,0.42560189197349096
1.0,0.7800394057425765
1.0,0.6039312688980548
1.0,0.2023748217012643
1.0,0.0031802665614958044
1.0,0.6723098754135177
1.0,0.9664613111536293
1.0,0.3759298744836378
1.0,0.3294062122326203
1.0,0.982304593779946
1.0,0.6567123442143202
1.0,0.05093292611564113
1.0,0.24914441925766767
1.0,0.5873501953660514
1.0,0.7948991385308517
1.0,0.37809516021949613
1.0,0.47745565136591667
1.0,0.8313087174458798
1.0,0.5509563474243694
1.0,0.14979989925212514
1.0,0.08536016034523097
1.0,0.7540904906753025
1.0,0.8849126376858736
1.0,0.29496492820240844
1.0,0.28612320741954356
1.0,0.891802723330146
1.0,0.7472161134886701
1.0,0.09421781474279697
1.0,0.1429029275543962
1.0,0.5598068080538284
1.0,0.8224444096571537
1.0,0.48433855074731746
1.0,0.38695379780289624
1.0,0.7880256994986411
1.0,0.5942412491856871
1.0,0.24030365163969541
1.0,0.057816763651463814
1.0,0.6478490196114284
1.0,0.9911560075742977
1.0,0.3225102087102547
1.0,0.3690410797398499
1.0,0.9753045630045107
1.0,0.6634537520839682
1.0,0.010055934648612793
1.0,0.19352685280994975
1.0,0.6108304921663963
1.0,0.7731587579317881
1.0,0.43446869150036144
1.0,0.46888679936373523
1.0,0.8705431487486025
1.0,0.513429409706108
1.0,0.15909181313556991
1.0,0.10942363082099332
1.0,0.6998551653029081
1.0,0.9389179200887887
1.0,0.26968839403821937
1.0,0.26462574408309064
1.0,0.9181467674623621
1.0,0.7164310114384729
1.0,0.11029025378266422
1.0,0.18752276020169673
1.0,0.5260896206892073
1.0,0.8615883024910845
1.0,0.4441619375257859
1.0,0.41562925324153327
1.0,0.7700895754209234
1.0,0.6175716561158946
1.0,0.2160385126749434
1.0,0.020774832068069172
1.0,0.6898816325097864
1.0,0.9447109166942667
1.0,0.3541561762684357
1.0,0.3393809224095415
1.0,0.9922560152114985
1.0,0.6430735481063801
1.0,0.03727130658692555
1.0,0.2315515649447598
1.0,0.5697806297985122
1.0,0.8166517245189439
1.0,0.3998705696283637
1.0,0.49136893457091807
1.0,0.8451838065080577
1.0,0.5412642787827443
1.0,0.14006917114308343
1.0,0.0638210476432189
1.0,0.7325895721161139
1.0,0.9027261815686746
1.0,0.31281713155262614
1.0,0.308242151152768
1.0,0.8981513212525825
1.0,0.7359498451809983
1.0,0.06718120062433725
1.0,0.13652456762108012
1.0,0.537719555176975
1.0,0.8494512542594985
1.0,0.4956365024061249
1.0,0.39628333636943036
1.0,0.8130641310087126
1.0,0.574120488060851
1.0,0.23589178345839665
1.0,0.032746641285021416
1.0,0.6385492430557739
1.0,0.9955361924044608
1.0,0.3426607393512058
1.0,0.35872683552902673
1.0,0.9492814558710917
1.0,0.6865247199140412
1.0,0.017418039556089983
1.0,0.21957975197518986
1.0,0.621113015499907
1.0,0.7658264525613674
1.0,0.4113660102982113
1.0,0.44775253125385844
1.0,0.8651792564704551
1.0,0.5217454412876014
1.0,0.1831782205487927
1.0,0.1148192439764532
1.0,0.7209596413809639
1.0,0.914863226047643
1.0,0.2613425629196695
1.0,0.2740167843009052
1.0,0.9432466706027726
1.0,0.6962487786832978
1.0,0.10581688395008497
1.0,0.1623911436892092
1.0,0.5167283800084492
1.0,0.8660299514463513
1.0,0.4643739623127821
1.0,0.43780969112080276
1.0,0.7764996374684635
1.0,0.6062439236831191
1.0,0.18894040441043858
1.0,0.014334970483472605
1.0,0.667732908002594
1.0,0.9717792329269503
1.0,0.36551562957852357
1.0,0.3181851826693257
1.0,0.9868306212820707
1.0,0.6514510813391539
1.0,0.06141918563048733
1.0,0.23700864222532328
1.0,0.590946600022613
1.0,0.7925355363317531
1.0,0.39146327438471024
1.0,0.4809932262349913
1.0,0.8190992052285936
1.0,0.5643967407588625
1.0,0.14749274017566422
1.0,0.08993541843879801
1.0,0.7429335971009051
1.0,0.8953323745469735
1.0,0.289652978720137
1.0,0.2985097099737519
1.0,0.888457059205919
1.0,0.7498227445907556
1.0,0.081092774511982
1.0,0.15437470140264317
1.0,0.5555315098261854
1.0,0.8279487427141016
1.0,0.47409531638284047
1.0,0.3826196472720601
1.0,0.7994237456671817
1.0,0.5840703165061952
1.0,0.24586442031404554
1.0,0.05452033762391464
1.0,0.6602996356388278
1.0,0.9779644371845009
1.0,0.32506617572094126
1.0,0.37238845318143343
1.0,0.962920250102723
1.0,0.6765733003587975
1.0,0.007443331255477605
1.0,0.19780434444263115
1.0,0.5993604313881237
1.0,0.7833960162525978
1.0,0.4289588627348103
1.0,0.457483261239209
1.0,0.874871326988389
1.0,0.5078703503491144
1.0,0.16926493546748245
1.0,0.09696703874992665
1.0,0.703146095621854
1.0,0.9363641464831405
1.0,0.2828816774979904
1.0,0.2524834712695292
1.0,0.9217361659817012
1.0,0.7140681109788818
1.0,0.12365952000150839
1.0,0.1762948445849456
1.0,0.530609272493881
1.0,0.8563283117533144
1.0,0.4546490188639057
1.0,0.4202072544986299
1.0,0.7589358753241779
1.0,0.6279869386197993
1.0,0.21072159847947142
1.0,0.02431548033102986
1.0,0.6776747433722639
1.0,0.9581462252317932
1.0,0.35184444275101373
1.0,0.3357855478465351
1.0,1.0043927923164566
1.0,0.6297064752925742
1.0,0.039635920116490975
1.0,0.22702642118410052
1.0,0.5810025731242137
1.0,0.8061663524981808
1.0,0.4051327500185546
1.0,0.5025248280727018
1.0,0.8406075183209355
1.0,0.546575216934549
1.0,0.1296483929305753
1.0,0.07602964609809813
1.0,0.7290511135055738
1.0,0.9050324231301109
1.0,0.29937585072404993
1.0,0.3012383199137697
1.0,0.907417496869463
1.0,0.7313401202321259
1.0,0.07785753116320987
1.0,0.1275457562088554
1.0,0.5449337018742694
1.0,0.8390543849124319
1.0,0.500449090114566
1.0,0.4030565317253547
1.0,0.8046127387546133
1.0,0.5793605777288701
1.0,0.2249233041273166
1.0,0.041464285516666706
1.0,0.6319959623541902
1.0,1.0067783463908728
1.0,0.33764849737131886
1.0,0.35392216209128863
1.0,0.9597013400224357
1.0,0.6793182398146824
1.0,0.02642009843488878
1.0,0.20889557471273268
1.0,0.6256997931916203
1.0,0.7565526628831989
1.0,0.4183466466072831
1.0,0.45278793063749495
1.0,0.8539446189772713
1.0,0.5283216467306379
1.0,0.17446834048314286
1.0,0.1257646184404313
1.0,0.7157120877563644
1.0,0.9232917611074077
1.0,0.2545616709448681
1.0,0.2812357793802518
1.0,0.9342571267039615
1.0,0.7010736599672831
1.0,0.09541720764498811
1.0,0.17164670690326955
1.0,0.5097295172352693
1.0,0.8767035951109597
1.0,0.4597766510232201
1.0,0.4312517721837574
1.0,0.7852278040401045
1.0,0.6012191179392145
1.0,0.20018563554335425
1.0,0.005893980485603059
1.0,0.6745013450392906
1.0,0.9608137106586081
1.0,0.37074303539875886
1.0,0.32277476731906923
1.0,0.9761341504440691
1.0,0.658442450134812
1.0,0.05214054757026653
1.0,0.24741611271735708
1.0,0.5861446134591392
1.0,0.8015326267447336
1.0,0.3842674066881717
1.0,0.4757425954638881
1.0,0.8300571434565894
1.0,0.5576053264440654
1.0,0.15592591347089071
1.0,0.0787134647933979
1.0,0.7479660394218038
1.0,0.8866272528005513
1.0,0.29621878190694384
1.0,0.287359648978009
1.0,0.8935001664662857
1.0,0.7410744902566334
1.0,0.0875537070448939
1.0,0.14904251123871978
1.0,0.5664691163715504
1.0,0.8212061649658895
1.0,0.4826390643108469
1.0,0.39310863212550184
1.0,0.794642015733985
1.0,0.5930184953002369
1.0,0.23855793295331482
1.0,0.05903795457164722
1.0,0.6495924548299461
1.0,0.9849988935364469
1.0,0.3158923332622617
1.0,0.363867810120529
1.0,0.9696702918075155
1.0,0.665658551007767
1.0,0.012783218038278055
1.0,0.19132025450596968
1.0,0.6081011692290179
1.0,0.7783299842507782
1.0,0.4401011595645578
1.0,0.46666495042147316
1.0,0.8678598178936021
1.0,0.518585145219284
1.0,0.16477051344967633
1.0,0.10426561183995442
1.0,0.6941749020235349
1.0,0.9411382098184016
1.0,0.2723694451779746
1.0,0.2634183609196884
1.0,0.9164164194980295
1.0,0.7226012164831265
1.0,0.11692194074005612
1.0,0.18135027544179796
1.0,0.5194563745191663
1.0,0.86279412268922
1.0,0.4458900020222557
1.0,0.40950300073154455
1.0,0.7634408384450683
1.0,0.618823468396408
1.0,0.21775132653313115
1.0,0.019521216654756902
1.0,0.6881667753512678
1.0,0.9508351296565422
1.0,0.3608031138641096
1.0,0.34452128720066955
1.0,0.9979193448035569
1.0,0.64083632844207
1.0,0.03457260500987715
1.0,0.23378722539642074
1.0,0.5724770516603154
1.0,0.8115090762599529
1.0,0.39420567707103843
1.0,0.49355836277266896
1.0,0.847895719175675
1.0,0.5360756384413754
1.0,0.13441952922404019
1.0,0.06900764468425698
1.0,0.7382374109023583
1.0,0.9005349539867425
1.0,0.3101031793372957
1.0,0.3143664823225007
1.0,0.9047981368881816
1.0,0.7346961115602288
1.0,0.06546646542589352
1.0,0.1377762616941364
1.0,0.5394324909952376
1.0,0.843325119956967
1.0,0.48898764347019497
1.0,0.3974887981925766
1.0,0.8147925576327891
1.0,0.5679483616759414
1.0,0.22925817516074876
1.0,0.03891720470466416
1.0,0.645180567885559
1.0,0.9943284508660695
1.0,0.34093075351448004
1.0,0.3565354859870198
1.0,0.9465676218632184
1.0,0.6917114389151542
1.0,0.023065760134877218
1.0,0.21439123359389578
1.0,0.6154632553734066
1.0,0.7680157588030434
1.0,0.4140780411732857
1.0,0.4426102451224744
1.0,0.8595140055381407
1.0,0.5239807396116554
1.0,0.1858750007855851
1.0,0.11258166218453626
1.0,0.7182612981789046
1.0,0.9200039529663778
1.0,0.2670055341367388
1.0,0.26786002863804365
1.0,0.9366284330271727
1.0,0.697469611228492
1.0,0.10756068129620958
1.0,0.16116803142876981
1.0,0.5149830234496755
1.0,0.8721851441439461
1.0,0.4709899164205192
1.0,0.43657132822208133
1.0,0.7748002729920678
1.0,0.6123836255748998
1.0,0.19560259076808564
1.0,0.008193465458893033
1.0,0.661068678344616
1.0,0.9730155562779587
1.0,0.3672131946747382
1.0,0.3204051102713318
1.0,0.989512030796815
1.0,0.6462934244857218
1.0,0.055738563976124915
1.0,0.24216473986610618
1.0,0.5966249419617302
1.0,0.7903133252618841
1.0,0.388780301904699
1.0,0.4861645745140562
1.0,0.8247315550853328
1.0,0.5621900204948076
1.0,0.14476353544574297
1.0,0.09214009540252208
1.0,0.7456609986980275
1.0,0.8901592268877273
1.0,0.28401858931568463
1.0,0.2928617511037415
1.0,0.883270582248647
1.0,0.7525368168898521
1.0,0.08328388201014807
1.0,0.1516629088187919
1.0,0.5533419615406685
1.0,0.8335982645493788
1.0,0.4792840768079754
1.0,0.3799231053264909
1.0,0.7971882052992868
1.0,0.5897353291472865
1.0,0.2510069484892704
1.0,0.048857128115622234
1.0,0.6551591507639337
1.0,0.9806630186777833
1.0,0.32730351546901737
1.0,0.374103430423718
1.0,0.9641737454322693
1.0,0.6699262426793575
1.0,0.0013192383769680472
1.0,0.2044529613347202
1.0,0.6054868039818784
1.0,0.7816833224781761
1.0,0.42770693037053087
1.0,0.4641166274930161
1.0,0.8810436916645217
1.0,0.5061421657688787
1.0,0.16805923535311307
1.0,0.09869726663049325
1.0,0.7043535988690223
1.0,0.9297325796095146
1.0,0.27671135236957084
1.0,0.25816385463266844
1.0,0.9268940648789741
1.0,0.7113869397553606
1.0,0.12143935035566146
1.0,0.17897805535617997
1.0,0.532831241519909
1.0,0.8506497315229739
1.0,0.44949316326696365
1.0,0.4229366975197743
1.0,0.7611423535443921
1.0,0.622354350471837
1.0,0.20555049224424735
1.0,0.02994963144425909
1.0,0.6828481330753507
1.0,0.9554190619258939
1.0,0.3496395237434488
1.0,0.3340419925442514
1.0,1.0031717214800393
1.0,0.6363244708243333
1.0,0.04579291407057571
1.0,0.2204102250325226
1.0,0.5748476187178421
1.0,0.8079119511007954
1.0,0.40635562398777086
1.0,0.49586239967121387
1.0,0.8344680547203779
1.0,0.5482748234547855
1.0,0.13088651753807357
1.0,0.0743323230457244
1.0,0.7278145518633424
1.0,0.911696410744248
1.0,0.3055175940398527
1.0,0.30516777032825154
1.0,0.9113084154055296
1.0,0.7274649626903469
1.0,0.07394408191054751
1.0,0.13148224653411902
1.0,0.5489087240779483
1.0,0.8350635416725825
1.0,0.4964965385855998
1.0,0.40698207566482386
1.0,0.8085151215377151
1.0,0.5754738358562896
1.0,0.22101364126590092
1.0,0.045412360172731654
1.0,0.6359671981666225
1.0,1.002791409626036
1.0,0.3336844815953174
1.0,0.3499969896609705
1.0,0.9557993587694263
1.0,0.6832053607016493
1.0,0.03033017033163239
1.0,0.2049470610003983
1.0,0.6217280883019771
1.0,0.7605391680970015
1.0,0.422310200811309
1.0,0.44885897932116553
1.0,0.8500542295602985
1.0,0.532197295865334
1.0,0.17838231134966379
1.0,0.12182757648036761
1.0,0.711736483896944
1.0,0.9272820452072217
1.0,0.2585136333128573
1.0,0.27733758451848917
1.0,0.9303359808324221
1.0,0.704980065556546
1.0,0.09930042205694226
1.0,0.1676789084886391
1.0,0.5057846698304155
1.0,0.880663122756207
1.0,0.46375936984577604
1.0,0.427357356208006
1.0,0.7812950663325284
1.0,0.605136995280748
1.0,0.2040649509855311
1.0,0.0019147103187019026
1.0,0.6705603966042142
1.0,0.964769459417844
1.0,0.3747373460573515
1.0,0.3266695848249131
1.0,0.9800672596607963
1.0,0.6545249818286063
1.0,0.04826161114247613
1.0,0.2513949138070473
1.0,0.5900851228379461
1.0,0.7975764164135222
1.0,0.38027266447854496
1.0,0.4796413194447447
1.0,0.8339787884262814
1.0,0.553699442468661
1.0,0.15204319065185362
1.0,0.08268068155228679
1.0,0.7519103351918575
1.0,0.8826671359943272
1.0,0.29223550394435244
1.0,0.28338467555836
1.0,0.8895635147784615
1.0,0.745026842896862
1.0,0.09154462158447937
1.0,0.1451515514238586
1.0,0.5625398348248645
1.0,0.8251198056020539
1.0,0.48651414304765456
1.0,0.3891375576756302
1.0,0.7906938922938901
1.0,0.5969824397765023
1.0,0.24254506860688899
1.0,0.055135402920749366
1.0,0.6456669521692715
1.0,0.988908635202834
1.0,0.31977888375134
1.0,0.3678394362052007
1.0,0.973618996903352
1.0,0.6616951656715371
1.0,0.008796671545680833
1.0,0.1952223070587151
1.0,0.6120261427705985
1.0,0.774419750991474
1.0,0.4362140874616209
1.0,0.4706403628973916
1.0,0.8717969386586372
1.0,0.5146332241300894
1.0,0.16078006048206642
1.0,0.10815620014566452
1.0,0.6981037820401282
1.0,0.9372241901678507
1.0,0.26849395740583903
1.0,0.26736304696198154
1.0,0.9203842666966899
1.0,0.7186185689603066
1.0,0.11296221420607147
1.0,0.18527159018113334
1.0,0.5233545281021343
1.0,0.8589108294722944
1.0,0.44198378781649483
1.0,0.413443900382591
1.0,0.7674202699745301
1.0,0.6148293566265527
1.0,0.21379550647415918
1.0,0.02345399564112759
1.0,0.6920610224592233
1.0,0.9469556228308633
1.0,0.3568853153275474
1.0,0.3405809692053647
1.0,0.9939404649088953
1.0,0.6448310293729022
1.0,0.03852898420888454
1.0,0.2298539172909561
1.0,0.5685823054542076
1.0,0.8153880614717733
1.0,0.39812298401468355
1.0,0.4896141458075868
1.0,0.843928311033284
1.0,0.5400587475361709
1.0,0.1383796873090589
1.0,0.06508592841482905
1.0,0.7343388858102391
1.0,0.9044178381683402
1.0,0.31400901452867014
1.0,0.3104837444929928
1.0,0.9008922078813649
1.0,0.7386177415194499
1.0,0.06936514437533786
1.0,0.13379305878389872
1.0,0.5354724792623087
1.0,0.8472694907793743
1.0,0.4929549653023791
1.0,0.3936099668380814
1.0,0.8108751643789371
1.0,0.5718815759659639
1.0,0.23315306771894642
1.0,0.034922417463625184
1.0,0.6412243425438767
1.0,0.9982689152134641
1.0,0.3449095395936995
1.0,0.3604149065024919
1.0,0.9504855742571058
1.0,0.6877788062808733
1.0,0.01917141921147962
1.0,0.2183854992210762
1.0,0.6194189891221717
1.0,0.7640747653365548
1.0,0.4100987559959138
1.0,0.4464934445239578
1.0,0.8634203660959914
1.0,0.5200595787296453
1.0,0.1819767608924102
1.0,0.11656445605944599
1.0,0.7222209308974471
1.0,0.9160591806138779
1.0,0.26303784079540354
1.0,0.27177395447315233
1.0,0.940504067151398
1.0,0.6935791767801072
1.0,0.10363171496940939
1.0,0.16512009887005427
1.0,0.5189733826018432
1.0,0.8682096453578209
1.0,0.46705294951280923
1.0,0.4404814751711787
1.0,0.7786874989523298
1.0,0.6084817193742442
1.0,0.19167752341106278
1.0,0.01215700465244818
1.0,0.6650551385270065
1.0,0.9690438363778447
1.0,0.3632646359309915
1.0,0.31649552246226986
1.0,0.9856253939975299
1.0,0.6501958823211775
1.0,0.05966421298888935
1.0,0.23820070907963398
1.0,0.5926379601654813
1.0,0.7942845460638456
1.0,0.3927283315293517
1.0,0.4822510802299816
1.0,0.820856382533083
1.0,0.5660808939994619
1.0,0.14869297084975408
1.0,0.08818764894685119
1.0,0.7416702305105318
1.0,0.8941343541647014
1.0,0.287955154693302
1.0,0.2968219542201725
1.0,0.8872537063539132
1.0,0.7485694537788733
1.0,0.07933968005553661
1.0,0.15556863893687106
1.0,0.5572247706699124
1.0,0.8296996343839643
1.0,0.4753622854861937
1.0,0.3838794094731445
1.0,0.8011828011568236
1.0,0.5857563742002712
1.0,0.24706652542067029
1.0,0.0527744500697381
1.0,0.6590381810071663
1.0,0.9767682874821463
1.0,0.323370252394965
1.0,0.3701475353123923
1.0,0.9601795285891188
1.0,0.6739055991564655
1.0,0.00526003295471924
1.0,0.20053517780862878
1.0,0.6016073421876117
1.0,0.7855775845966022
1.0,0.4316397543883138
1.0,0.46015694599044366
1.0,0.8770610591521726
1.0,0.5101100579989514
1.0,0.17200393640587694
1.0,0.09479094735143713
1.0,0.7004702305997429
1.0,0.9336306281191874
1.0,0.28063259205655244
1.0,0.2541734166755293
1.0,0.9229421888211917
1.0,0.7153240755308665
1.0,0.1254148078629921
1.0,0.17510249253169063
1.0,0.5289171167960629
1.0,0.8545785364872135
1.0,0.4533836464993785
1.0,0.4189500459538818
1.0,0.7571788931558083
1.0,0.6263029504943781
1.0,0.20952204327656532
1.0,0.02606260437273443
1.0,0.6789379148265173
1.0,0.9593440804988869
1.0,0.35354159130666496
1.0,0.33802902312453026
1.0,1.0071355909039508
1.0,0.6323762423109431
1.0,0.04182176456835031
1.0,0.22429682055301323
1.0,0.5787573753947
1.0,0.8039864934715331
1.0,0.40245308734734375
1.0,0.4998533292212701
1.0,0.8384204523920189
1.0,0.5443381867774321
1.0,0.12691158914983686
1.0,0.0782073267301783
1.0,0.7317280874262116
1.0,0.9077670541452083
1.0,0.30162652915169624
1.0,0.29997925007064863
1.0,0.9056586534027204
1.0,0.7296542708083318
1.0,0.07665611466193076
1.0,0.12929089886842096
1.0,0.5461948919463838
1.0,0.8402502587973866
1.0,0.5021442572880782
1.0,0.4047444957492158
1.0,0.8058167802119648
1.0,0.5806145608987157
1.0,0.22667661060666133
1.0,0.040270072165038764
1.0,0.6303019453579992
1.0,1.005026709826399
1.0,0.33638126370841864
1.0,0.3512486818577179
1.0,0.95751229271138
1.0,0.6770792282754265
1.0,0.023681313272011322
1.0,0.21107139404643985
1.0,0.628374905813885
1.0,0.7592854325999232
1.0,0.42059546373655643
1.0,0.4550295446171171
1.0,0.8566855562663924
1.0,0.5309895524506338
1.0,0.1766523236366292
1.0,0.123033036427205
1.0,0.7134649086447117
1.0,0.921109920698621
1.0,0.2518800268915182
1.0,0.28249368028296323
1.0,0.9360143208952305
1.0,0.7027578563629859
1.0,0.09661745145323987
1.0,0.169898837966954
1.0,0.5084660812214687
1.0,0.875505464026466
1.0,0.45807874631510476
1.0,0.4295620350480389
1.0,0.7840224698059597
1.0,0.5999638457451931
1.0,0.19843055970476986
1.0,0.0070860567214579735
1.0,0.6761927445846446
1.0,0.9625627410300979
1.0,0.3720081432037391
1.0,0.3254464706881649
1.0,0.9783219012257138
1.0,0.6606801764025099
1.0,0.05487756712652202
1.0,0.24523816002049456
1.0,0.583466887138655
1.0,0.7987972470824075
1.0,0.38201645994836075
1.0,0.473499816296474
1.0,0.8273145606446123
1.0,0.5549357639433604
1.0,0.15374075387175934
1.0,0.08144231677725654
1.0,0.750210968839153
1.0,0.8888068397624167
1.0,0.29889769217830836
1.0,0.2900332943267579
1.0,0.895689889248525
1.0,0.7433141472461315
1.0,0.0902926873438911
1.0,0.14686652678983436
1.0,0.5637933282781019
1.0,0.8184727497989228
1.0,0.4803900520454538
1.0,0.39086778367988795
1.0,0.7919013936647495
1.0,0.5903508747791852
1.0,0.23637474535477823
1.0,0.061768771050865263
1.0,0.6518393187217131
1.0,0.9871804487462894
1.0,0.31857318176066174
1.0,0.3651276454976583
1.0,0.9714294504941439
1.0,0.6673446856305055
1.0,0.013985430094506915
1.0,0.18957434631239586
1.0,0.6068396639370176
1.0,0.7771338251668792
1.0,0.4384051968360958
1.0,0.46497715151279034
1.0,0.8666564519074343
1.0,0.5173318074996806
1.0,0.16301740210645133
1.0,0.10545966007640412
1.0,0.6958682435485422
1.0,0.9428892009326332
1.0,0.2736364837047551
1.0,0.2607468526867125
1.0,0.9142293141666272
1.0,0.7203641656866123
1.0,0.11418508629897887
1.0,0.18352803300254075
1.0,0.5221334553894081
1.0,0.8655288268803623
1.0,0.4481407836468884
1.0,0.4117465754539084
1.0,0.7661837064559898
1.0,0.6214933461169987
1.0,0.21993725166627076
1.0,0.016791569115948514
1.0,0.6859215607349746
1.0,0.948655227474791
1.0,0.35812343805873686
1.0,0.3432641818529079
1.0,0.9961624358112322
1.0,0.6391524472662529
1.0,0.03337312673563363
1.0,0.23553429877778653
1.0,0.5737402024751717
1.0,0.8127068921245609
1.0,0.39590281624514545
1.0,0.4952482950445072
1.0,0.849101698860062
1.0,0.5373315861065805
1.0,0.13617477017780283
1.0,0.06781537331228232
1.0,0.736545365906762
1.0,0.898785248144069
1.0,0.3088379064171372
1.0,0.3121829907619314
1.0,0.9021306927401612
1.0,0.73195567336926
1.0,0.0632253205234823
1.0,0.14045740664933382
1.0,0.5416138623268134
1.0,0.8455718074757026
1.0,0.4917187639114457
1.0,0.40022808245360647
1.0,0.817032038249256
1.0,0.5701379005799141
1.0,0.231932116966295
1.0,0.03666789598247378
1.0,0.642447336596859
1.0,0.9916528391456522
1.0,0.33875446510356194
1.0,0.3547826786058275
1.0,0.9453141077705837
1.0,0.6905078890507197
1.0,0.02137825768299169
1.0,0.21565797566387895
1.0,0.6172144303659048
1.0,0.769709276701082
1.0,0.4152717854477027
1.0,0.44381215321667056
1.0,0.8612003165339104
1.0,0.5257400821765504
1.0,0.1871345397059171
1.0,0.11088599591287157
1.0,0.7170649552167391
1.0,0.9187422713013463
1.0,0.26525992990519764
1.0,0.2700456498091506
1.0,0.9392984871207947
1.0,0.7002126631176803
1.0,0.10980395956177613
1.0,0.15848865208019436
1.0,0.5128029373896577
1.0,0.8699397531546215
1.0,0.46826057284374345
1.0,0.4338347777430368
1.0,0.7725630458225222
1.0,0.6101963363652309
1.0,0.19293137899190704
1.0,0.010443950626728444
1.0,0.663803566414025
1.0,0.9756928135212318
1.0,0.36939064827344825
1.0,0.3221606551871271
1.0,0.9907678020889887
1.0,0.6474992202918423
1.0,0.057428792704760416
1.0,0.24089917048915035
1.0,0.5948754199973234
1.0,0.7886214566393192
1.0,0.3875877265706916
1.0,0.48496479227778
1.0,0.823047850282547
1.0,0.5604332953807496
1.0,0.143506133641184
1.0,0.09383753103342643
1.0,0.7468586306843688
1.0,0.8914222013295522
1.0,0.2857659666590831
1.0,0.29461535403988354
1.0,0.884524381540226
1.0,0.7537406819741722
1.0,0.08497214999604184
1.0,0.150395371193859
1.0,0.551590501349226
1.0,0.8319044314314544
1.0,0.47808956699955013
1.0,0.37872139236841446
1.0,0.7955025397537593
1.0,0.5879766620535752
1.0,0.24974757468411668
1.0,0.050552599251167174
1.0,0.656354848275857
1.0,0.9819240248716311
1.0,0.32904895458538025
1.0,0.3762871171204071
1.0,0.9668418350305319
1.0,0.6726673563415101
1.0,0.0035605483945575144
1.0,0.20177162124340303
1.0,0.6033047872000603
1.0,0.7794359594882566
1.0,0.42497564481410194
1.0,0.4613781387869359
1.0,0.8788044962469992
1.0,0.5039529420847918
1.0,0.16538605908157505
1.0,0.10094577979773386
1.0,0.707086544958778
1.0,0.932407876110046
1.0,0.2788868752464807
1.0,0.25640907525088136
1.0,0.925638608806686
1.0,0.7101814291481844
1.0,0.11974991718197571
1.0,0.18024285919912753
1.0,0.5345804482644302
1.0,0.8523413149465946
1.0,0.45068494304602125
1.0,0.4241366448712287
1.0,0.7628267338183615
1.0,0.6241117210361372
1.0,0.20680808918492605
1.0,0.02825203069817649
1.0,0.6816498256178257
1.0,0.9541554420338267
1.0,0.3478919512639306
1.0,0.3318565364883227
1.0,1.000502342857601
1.0,0.6335820643853873
1.0,0.0435498309411289
1.0,0.22308943926591981
1.0,0.5770270293066762
1.0,0.8101566966398778
1.0,0.4090847724284268
1.0,0.4985997156842667
1.0,0.8367055971098091
1.0,0.5504623978633988
1.0,0.13355852486920192
1.0,0.07208107234388075
1.0,0.7250793485740478
1.0,0.9090188683020306
1.0,0.30333934488619285
1.0,0.30472099023345844
1.0,0.9105235844989755
1.0,0.7245589890279469
1.0,0.07168354347992728
1.0,0.1321730668623658
1.0,0.5489538690068834
1.0,0.8372298293573635
1.0,0.49900111724967366
1.0,0.4075190836992953
1.0,0.8087140787604256
1.0,0.5774865514148272
1.0,0.22367179205621818
1.0,0.04511939237171391
1.0,0.6350285549662931
1.0,1.0000390080898796
1.0,0.3312703710384538
1.0,0.34650698672632035
1.0,0.9526473766255957
1.0,0.6821745550872237
1.0,0.028653899464485558
1.0,0.2081892410629658
1.0,0.6256159737847978
1.0,0.7623058770504172
1.0,0.4237386488063732
1.0,0.45225500169844984
1.0,0.8537882727284024
1.0,0.5341176069659346
1.0,0.1796571571975431
1.0,0.11818373123100061
1.0,0.7087383440678302
1.0,0.9260976374456111
1.0,0.25699096459289533
1.0,0.27750573837891174
1.0,0.9309036683927977
1.0,0.7076074167371931
1.0,0.10134382089400168
1.0,0.16677106865059754
1.0,0.5054610225034936
1.0,0.8782798118090135
1.0,0.4609762850310976
1.0,0.42654184577554777
1.0,0.7808790896000232
1.0,0.602845773571606
1.0,0.20118977693280135
1.0,0.001990534773541157
1.0,0.6712204135701731
1.0,0.9673047213604398
1.0,0.37687283413246225
1.0,0.3304344276026871
1.0,0.9834325987595589
1.0,0.6558306310387735
1.0,0.05015124271717245
1.0,0.2483659743682633
1.0,0.586471960867101
1.0,0.7960229443312723
1.0,0.37911893624283866
1.0,0.4765200205794359
1.0,0.830457985881961
1.0,0.5520538511274183
1.0,0.15098158167514011
1.0,0.08653788375658561
1.0,0.7551833148640952
1.0,0.8840649044634872
1.0,0.29403301626005596
1.0,0.2871514265422281
1.0,0.8929307320623766
1.0,0.7463343965605056
1.0,0.0934361275917106
1.0,0.14212448641760952
1.0,0.5589285773074957
1.0,0.8235682117049566
1.0,0.48536232301804233
1.0,0.3860181632637978
1.0,0.7871749641821046
1.0,0.5953387566413537
1.0,0.24148533781532805
1.0,0.05899448331020077
1.0,0.6489418400476032
1.0,0.9903082781045289
1.0,0.32157830052051994
1.0,0.36800949827171736
1.0,0.9741885626488801
1.0,0.6643244213056606
1.0,0.010841944815275166
1.0,0.19431634165320844
1.0,0.6117043998971531
1.0,0.7720383182294333
1.0,0.4334329108530366
1.0,0.46982675691840975
1.0,0.8713828363586669
1.0,0.5123439106270413
1.0,0.15790676461448927
1.0,0.10823390278565637
1.0,0.6987657072121813
1.0,0.9397613265429814
1.0,0.27063134993442617
1.0,0.263874922212484
1.0,0.9172341927589533
1.0,0.7175896377784159
1.0,0.11128784779240104
1.0,0.18851567469717723
1.0,0.5272442880174899
1.0,0.8606794466318041
1.0,0.4434141139967116
1.0,0.4168417971924102
1.0,0.7711562175961102
1.0,0.6167515459123059
1.0,0.21507226052813258
1.0,0.01981205859785468
1.0,0.689064760815262
1.0,0.9457731195227292
1.0,0.35536452104012034
1.0,0.34013606729572415
1.0,0.9931575422084353
1.0,0.6419269301430371
1.0,0.03627035023174072
1.0,0.23054664207267928
1.0,0.5686293248156775
1.0,0.8175562573626484
1.0,0.40062944086391006
1.0,0.4901530282745931
1.0,0.8441291727094709
1.0,0.5420733412798611
1.0,0.14103974630547025
1.0,0.0647948688199054
1.0,0.7334021207950623
1.0,0.90166734108566
1.0,0.31159677840434147
1.0,0.3073336555447855
1.0,0.8974040981423381
1.0,0.7369433600953088
1.0,0.06833622820391787
1.0,0.13768283370972506
1.0,0.5387165487678819
1.0,0.8486998319700618
1.0,0.4947235674514181
1.0,0.3973458994491909
1.0,0.8142730761992272
1.0,0.5731583150094666
1.0,0.23507527201517026
1.0,0.0319261708301347
1.0,0.6375823904901331
1.0,0.9967481359365078
1.0,0.34372702127509464
1.0,0.3596319687915612
1.0,0.950040687357936
1.0,0.6855201572932587
1.0,0.016267334992085363
1.0,0.21843253359301695
1.0,0.6201116988934242
1.0,0.766581237196252
1.0,0.41226693687631805
1.0,0.4466942911896739
1.0,0.8639592635734684
1.0,0.5227196227155858
1.0,0.1839913696465711
1.0,0.11562770605473989
1.0,0.7219298562920528
1.0,0.91364695950002
1.0,0.26028732870225263
1.0,0.2751411867675381
1.0,0.9442708031247954
1.0,0.6954706977978091
1.0,0.10493925362258222
1.0,0.16150882634221478
1.0,0.5159463326060648
1.0,0.8670578103177379
1.0,0.46550137062618274
1.0,0.43696256206986406
1.0,0.7755680895300266
1.0,0.607422003593154
1.0,0.19003382526544346
1.0,0.015431877520309188
1.0,0.6689142339269286
1.0,0.9708432381365539
1.0,0.3646642938431572
1.0,0.3170651032182688
1.0,0.9857954410535757
1.0,0.6522411706012426
1.0,0.06229345361254207
1.0,0.2378789511957177
1.0,0.5917320097704454
1.0,0.7915033544447905
1.0,0.39034691377778163
1.0,0.481836992940482
1.0,0.8200427615436303
1.0,0.5632076131423556
1.0,0.14640364233623535
1.0,0.08884955910843344
1.0,0.7417479481609944
1.0,0.8962717316828179
1.0,0.2904923060789034
1.0,0.2973896267700773
1.0,0.8874218752248065
1.0,0.750612837605462
1.0,0.08196704624665443
1.0,0.1552450066204199
1.0,0.5563169158214001
1.0,0.8269165645797567
1.0,0.47297895952852953
1.0,0.3834634177301685
1.0,0.8003673057348362
1.0,0.5828811851370707
1.0,0.24477531872199895
1.0,0.05343448204616775
1.0,0.6591139904515347
1.0,0.9789037905677277
1.0,0.32590549932709
1.0,0.37351285940068407
1.0,0.9639443863773636
1.0,0.6757952157206911
1.0,0.006565697175357169
1.0,0.1969220308482544
1.0,0.598578387738357
1.0,0.7844238713713666
1.0,0.43008626729559324
1.0,0.4566361284356526
1.0,0.8739397752973345
1.0,0.5090484340117671
1.0,0.17035836007510502
1.0,0.09806394203414555
1.0,0.704327417793571
1.0,0.9354281554453617
1.0,0.2820303455152417
1.0,0.25338860077944597
1.0,0.9224953937159278
1.0,0.713063552110717
1.0,0.12250881919012145
1.0,0.17514762245015497
1.0,0.5296079521347804
1.0,0.8570831001408167
1.0,0.45554994919463015
1.0,0.419149018187063
1.0,0.757715886179809
1.0,0.6289611162951662
1.0,0.21153474382463214
1.0,0.025123946161934252
1.0,0.6786449620359704
1.0,0.9569299549315525
1.0,0.3507892047809792
1.0,0.33487705599117035
1.0,1.00364557295883
1.0,0.6306999864542671
1.0,0.04079094394345391
1.0,0.22818469102536312
1.0,0.5819995704677382
1.0,0.8054149264561264
1.0,0.40421981131123014
1.0,0.5035873873998447
1.0,0.8418164597588325
1.0,0.5456130476357822
1.0,0.1288318852399666
1.0,0.07520917189059373
1.0,0.7280842571873154
1.0,0.9062443704147756
1.0,0.3004421364005565
1.0,0.3020245702479641
1.0,0.9082879259236235
1.0,0.7302238797089633
1.0,0.07682618986260932
1.0,0.12650973539399854
1.0,0.5438135023394465
1.0,0.8399285328107207
1.0,0.5012383387902926
1.0,0.40187124303674204
1.0,0.8035274798430787
1.0,0.5802005055064664
1.0,0.22586302151445906
1.0,0.042407481580405505
1.0,0.632839128640851
1.0,1.005688648132614
1.0,0.33645900950351393
1.0,0.35314023477267026
1.0,0.9588198632618032
1.0,0.680446488714445
1.0,0.02744807739004132
1.0,0.20991958715098955
1.0,0.6268233550718911
1.0,0.755674191969334
1.0,0.4175684456380284
1.0,0.4539698569806596
1.0,0.8550418862654058
1.0,0.5274706712465695
1.0,0.17353294611157638
1.0,0.12483247008316452
1.0,0.7148645984541278
1.0,0.9243848217111146
1.0,0.25573915043607304
1.0,0.280235063192599
1.0,0.9331102685730867
1.0,0.7019749467966879
1.0,0.09617259269870276
1.0,0.1724053379712839
1.0,0.5106342902465056
1.0,0.875552530295657
1.0,0.4587714879836075
1.0,0.4322221071786122
1.0,0.7860371067047532
1.0,0.6001647243081596
1.0,0.19896948907949727
1.0,0.0046738675048503915
1.0,0.673442264388744
1.0,0.9616260191700244
1.0,0.37171709674297737
1.0,0.323772121161274
1.0,0.9772930169515441
1.0,0.6575301155989351
1.0,0.05138948553212787
1.0,0.24666852935581474
1.0,0.5852355174323267
1.0,0.8026870539054842
1.0,0.38526056135118425
1.0,0.47477658348460927
1.0,0.8292367930854687
1.0,0.5586717284517202
1.0,0.1571386975892997
1.0,0.07992156939755056
1.0,0.7490284824177984
1.0,0.8858106212735589
1.0,0.29525576826919736
1.0,0.2883570065728315
1.0,0.8946590367263783
1.0,0.740162151968139
1.0,0.08680264125413754
1.0,0.14829493162979512
1.0,0.5655600240973556
1.0,0.8223605883740225
1.0,0.4836322152212417
1.0,0.39214261639360537
1.0,0.7938216616102466
1.0,0.5940849010605095
1.0,0.23977072082434148
1.0,0.06024605542318219
1.0,0.650654894073323
1.0,0.9841822657620722
1.0,0.31492932337713286
1.0,0.3628670901802585
1.0,0.9685234299240228
1.0,0.6665598415897895
1.0,0.01353860684461041
1.0,0.19207888182136634
1.0,0.6090059384876366
1.0,0.7771789231880932
1.0,0.43909600027756296
1.0,0.4676352891689457
1.0,0.8686691243108685
1.0,0.5175307478356114
1.0,0.16355436323320166
1.0,0.10304550261181944
1.0,0.6931158251256061
1.0,0.9419505145772004
1.0,0.2733435027695754
1.0,0.26263643735368775
1.0,0.9155349464900148
1.0,0.7237294616302714
1.0,0.11794991594259097
1.0,0.18237429163267252
1.0,0.5205799401520549
1.0,0.8619156480227376
1.0,0.4451117973003833
1.0,0.4106849233220915
1.0,0.7645381019805851
1.0,0.6179724966649572
1.0,0.21681593591418236
1.0,0.01858906454487243
1.0,0.6873192822964134
1.0,0.9519281940128668
1.0,0.36198059710793223
1.0,0.3453075337822462
1.0,0.9987897701050996
1.0,0.639720091671525
1.0,0.03354126746189429
1.0,0.23275120082894618
1.0,0.5713568483728748
1.0,0.8123832279108594
1.0,0.3949949294993828
1.0,0.492373077836674
1.0,0.8468104640167581
1.0,0.5369155624663542
1.0,0.135359242858565
1.0,0.06995084450061347
1.0,0.7390805809416368
1.0,0.899445251975866
1.0,0.30891368771687305
1.0,0.31348860807484824
1.0,0.9040202924176072
1.0,0.7357204880024014
1.0,0.06659063147761211
1.0,0.1389039064224513
1.0,0.5404601059464744
1.0,0.8425428361396683
1.0,0.4881055700433502
1.0,0.39858246296773114
1.0,0.8159704011279098
1.0,0.5670165698173549
1.0,0.22841128252472434
1.0,0.03806563255438343
1.0,0.6442448170153122
1.0,0.9955100132053184
1.0,0.3420274166311669
1.0,0.35740999788922423
1.0,0.9473574747103928
1.0,0.6906760147665096
1.0,0.02194591709873462
1.0,0.21327463657205287
1.0,0.6144313174065937
1.0,0.7688014049657902
1.0,0.41494810622353046
1.0,0.44152090336289584
1.0,0.858325114336548
1.0,0.5249245398468418
1.0,0.18671853107616151
1.0,0.11342122595821698
1.0,0.7192004113945994
1.0,0.9188180676115529
1.0,0.2659199187265239
1.0,0.2690148122974746
1.0,0.9376221843563974
1.0,0.6967226320383975
1.0,0.1066519492733128
1.0,0.16025533288897734
1.0,0.5142313572400892
1.0,0.8731819013199386
1.0,0.4721484264293138
1.0,0.43575506069900466
1.0,0.7738378635257689
1.0,0.6135923268452648
1.0,0.19666539026276053
1.0,0.009259510967867597
1.0,0.6622808657968127
1.0,0.9720489401272322
1.0,0.3663924802997018
1.0,0.31925464962747685
1.0,0.9885072317611182
1.0,0.6470524120524165
1.0,0.05664393365357368
1.0,0.24306543002929862
1.0,0.5973799705167646
1.0,0.7893122450703156
1.0,0.3876328396023764
1.0,0.4869774796916849
1.0,0.8257059729282317
1.0,0.5609702715179706
1.0,0.1437050589666441
1.0,0.09108509760001952
1.0,0.7444444882302549
1.0,0.8911292053839018
1.0,0.28482729531412104
1.0,0.29171128670726887
1.0,0.8822657794603325
1.0,0.7532958082091644
1.0,0.08418925544021452
1.0,0.15256359522936666
1.0,0.5540969863430851
1.0,0.8325971881104279
1.0,0.4781366182582705
1.0,0.38073601425673725
1.0,0.7981626268948032
1.0,0.5885155764178318
1.0,0.24994846825755387
1.0,0.04780213406573736
1.0,0.6539426440487787
1.0,0.9816329934213401
1.0,0.32811221771483606
1.0,0.3752582178357667
1.0,0.9651675005141118
1.0,0.6691792597366453
1.0,0.00041050260145358977
1.0,0.20354026654754545
1.0,0.6047351415249097
1.0,0.7826800759015509
1.0,0.42886543662670784
1.0,0.4633003562173217
1.0,0.8800812784456052
1.0,0.5073508707918614
1.0,0.16912203860040562
1.0,0.09976330838685012
1.0,0.7055657825686013
1.0,0.9287659672114058
1.0,0.2758906417471521
1.0,0.25903836278225517
1.0,0.9276839139735308
1.0,0.7103515193593337
1.0,0.12031951107213655
1.0,0.17786145458171937
1.0,0.5317992998004785
1.0,0.8514353814383383
1.0,0.4503632320698261
1.0,0.4218473595128134
1.0,0.759953466095417
1.0,0.6232981469544058
1.0,0.20639401878220606
1.0,0.0307891989705575
1.0,0.6837872500436633
1.0,0.9542331728184512
1.0,0.34855390458061625
1.0,0.3331641220492166
1.0,1.0023938807620825
1.0,0.6373488435138881
1.0,0.046917076369676625
1.0,0.22153787351345522
1.0,0.5758752374216967
1.0,0.807129663530879
1.0,0.40547354680830844
1.0,0.49695606069375076
1.0,0.8356458944628808
1.0,0.5473430353488168
1.0,0.13003962865466684
1.0,0.07348074714282599
1.0,0.726878797240478
1.0,0.9128779768361147
1.0,0.3066142609091572
1.0,0.3066872418179438
1.0,0.9124975214444849
1.0,0.7265213979319203
1.0,0.0736536377449246
1.0,0.13021257929864846
1.0,0.546985696082142
1.0,0.8352654991131341
1.0,0.4970291016444203
1.0,0.405554273120002
1.0,0.8067415828201082
1.0,0.5755255835160459
1.0,0.22170313879641285
1.0,0.04708228161075124
1.0,0.6369991295663544
1.0,1.0020057400094289
1.0,0.33324478831902715
1.0,0.3484732383108057
1.0,0.954621313571105
1.0,0.684136963991197
1.0,0.030623993729482886
1.0,0.20622875349924846
1.0,0.6236478008600564
1.0,0.7603415468061878
1.0,0.42176663320111984
1.0,0.4502901911191565
1.0,0.8518157767880851
1.0,0.5321566390671533
1.0,0.17768850393773777
1.0,0.12014662047003793
1.0,0.7107089186678915
1.0,0.9280643693651605
1.0,0.2589653818734686
1.0,0.27554092779961836
1.0,0.9289311724524804
1.0,0.7056464488384118
1.0,0.09937516763419635
1.0,0.16873395788963486
1.0,0.5074315971035549
1.0,0.8802465437285628
1.0,0.46295070231167096
1.0,0.4285080973600331
1.0,0.7828530265455325
1.0,0.6048081824755793
1.0,0.20315987119779869
1.0,3.0047209823832793e-05
1.0,0.6692522406454318
1.0,0.9653403911162104
1.0,0.3749008185272089
1.0,0.3284696170233938
1.0,0.9814601028192416
1.0,0.6538696631399922
1.0,0.04818258945736712
1.0,0.2503288636073006
1.0,0.5884425354671623
1.0,0.7979896762508216
1.0,0.381093353523412
1.0,0.4784862721639212
1.0,0.8324319228274704
1.0,0.5540162600313916
1.0,0.15295167594013742
1.0,0.08457739619286828
1.0,0.7532151419393538
1.0,0.8821005742192578
1.0,0.2920610006548026
1.0,0.28518469462267876
1.0,0.8909563147818033
1.0,0.7443715073214683
1.0,0.09146555299164928
1.0,0.14408545431639086
1.0,0.560897230567301
1.0,0.82553302228425
1.0,0.4873348189583596
1.0,0.3879824935080271
1.0,0.789146979787358
1.0,0.5972992442050711
1.0,0.24345351074006938
1.0,0.05703207440622744
1.0,0.646971745782606
1.0,0.9883420265200435
1.0,0.3196043635750106
1.0,0.36604276635216804
1.0,0.9722141453683067
1.0,0.6623615320666233
1.0,0.008871370215213836
1.0,0.19627730955198977
1.0,0.6136730531569584
1.0,0.7740031288087266
1.0,0.43540540679335393
1.0,0.47179108716263907
1.0,0.8733548519639203
1.0,0.5143043981907587
1.0,0.1598749375392306
1.0,0.10627149388168304
1.0,0.696795612947184
1.0,0.9377950749584961
1.0,0.2686574129889168
1.0,0.2658392524567133
1.0,0.9192062083642066
1.0,0.7195501253421331
1.0,0.11325602071714237
1.0,0.18655326579320392
1.0,0.5252741937524926
1.0,0.8587131950473188
1.0,0.44144017705120225
1.0,0.4148750652728609
1.0,0.7691818003155368
1.0,0.6147886566732685
1.0,0.21310168592807127
1.0,0.021773026496636004
1.0,0.6910334140750674
1.0,0.9477379301020226
1.0,0.3573370169804377
1.0,0.34210039753995347
1.0,0.9951295578136886
1.0,0.6438874177067544
1.0,0.038238523156482046
1.0,0.22858423316870596
1.0,0.5666592305506802
1.0,0.815590005778163
1.0,0.3986555039184007
1.0,0.48818629635504374
1.0,0.8421547554288975
1.0,0.5401104520408238
1.0,0.13906917170540892
1.0,0.06675583671868673
1.0,0.7353707740548676
1.0,0.9036321516649534
1.0,0.3135692743446588
1.0,0.3093018284695268
1.0,0.8993645857060555
1.0,0.7389153757005621
1.0,0.0703005584481472
1.0,0.13570889676421571
1.0,0.5367502971833965
1.0,0.8467297377050645
1.0,0.4927611585474448
1.0,0.3953753248491296
1.0,0.8123101869601899
1.0,0.5711838977288932
1.0,0.23310854009562093
1.0,0.033898666770452036
1.0,0.6395472010694264
1.0,0.9987167891963131
1.0,0.345687989173876
1.0,0.3616001417163025
1.0,0.9520011749216534
1.0,0.687492172898512
1.0,0.018231665236314688
1.0,0.2164585966475076
1.0,0.6181454473089388
1.0,0.7646111429312548
1.0,0.41030452797234473
1.0,0.44472371658961257
1.0,0.8619963743344311
1.0,0.5207452054350125
1.0,0.18202463772702177
1.0,0.11760020199505723
1.0,0.7238946668713461
1.0,0.9156156127598253
1.0,0.262248296601034
1.0,0.2731706121674768
1.0,0.9423079138857581
1.0,0.6934962805172358
1.0,0.1029725217030329
1.0,0.1634813222825321
1.0,0.5179111431853581
1.0,0.8690264635775432
1.0,0.46746233852496405
1.0,0.4389307349946054
1.0,0.777528577093744
1.0,0.6093940191984074
1.0,0.19199815550967278
1.0,0.013457940574799855
1.0,0.6669479823424433
1.0,0.9688731438715565
1.0,0.36270188493918387
1.0,0.31509452861820747
1.0,0.9838325518145384
1.0,0.6502667533206693
1.0,0.060326721692992746
1.0,0.23985144713603504
1.0,0.5936968203497387
1.0,0.7934720077045958
1.0,0.39230788167656294
1.0,0.4838051658652233
1.0,0.8220032491073477
1.0,0.5651796287476089
1.0,0.14836797258046466
1.0,0.0868756221629241
1.0,0.7397816965765092
1.0,0.8943016374178205
1.0,0.2885298971749301
1.0,0.29542097351027197
1.0,0.8854609073260252
1.0,0.7486403416651447
1.0,0.08000223566736112
1.0,0.15721942390099325
1.0,0.5582836477409494
1.0,0.828887139179818
1.0,0.4749418487675669
1.0,0.38543351199516585
1.0,0.8023297146388095
1.0,0.58485512208258
1.0,0.24674157030648428
1.0,0.051462466440914414
1.0,0.6571496602073055
1.0,0.9769356176429864
1.0,0.32394501176337265
1.0,0.37154420614087874
1.0,0.9619834184785823
1.0,0.6738227197803738
1.0,0.004600886596063842
1.0,0.19889644812882773
1.0,0.6005451196579064
1.0,0.7863944459714279
1.0,0.43204915653463055
1.0,0.45860622270064993
1.0,0.8759021842013078
1.0,0.5110223709572764
1.0,0.17232461165959037
1.0,0.09609192642889222
1.0,0.7023630875493416
1.0,0.9334599825206203
1.0,0.2800698579515244
1.0,0.2553586950444433
1.0,0.9244578026199012
1.0,0.7150374890562263
1.0,0.12447507077460677
1.0,0.17317560684490163
1.0,0.5276436218905511
1.0,0.8551149272160753
1.0,0.45358946163091285
1.0,0.4171803649272577
1.0,0.7557549182810277
1.0,0.6269886203548488
1.0,0.2095699332453388
1.0,0.027098363442507583
1.0,0.6806116939555197
1.0,0.9589005295316139
1.0,0.3527520940200165
1.0,0.3368471502561677
1.0,1.0056079818628032
1.0,0.6326739233997764
1.0,0.04275719552793924
1.0,0.2262126754201098
1.0,0.5800352402235088
1.0,0.8034467535313851
1.0,0.40225932374751283
1.0,0.5016187341400393
1.0,0.8398554918600512
1.0,0.5436405516954649
1.0,0.1268670746606733
1.0,0.07718358917116706
1.0,0.7300509891068647
1.0,0.9082149450148369
1.0,0.3024050256395938
1.0,0.30005399564790275
1.0,0.9063250366845862
1.0,0.72824946242839
1.0,0.07485945794306
1.0,0.12848223133431588
1.0,0.5457783129187398
1.0,0.841897186070526
1.0,0.5031993066890739
1.0,0.4038394159614834
1.0,0.805487967406796
1.0,0.5821725211117198
1.0,0.2278273517586884
1.0,0.04043354463489617
1.0,0.6308728770563656
1.0,1.0037185538676165
1.0,0.33449660059954056
1.0,0.3511696601726089
1.0,0.9568569740227659
1.0,0.6784720714338717
1.0,0.02548134547049199
1.0,0.21189208309130686
1.0,0.6287881656511846
1.0,0.7576428452291394
1.0,0.4195294135368097
1.0,0.45593802990540094
1.0,0.8570023738291231
1.0,0.5294426868518228
1.0,0.1754972763558057
1.0,0.12285853313765518
1.0,0.7128983468696424
1.0,0.9224147274461173
1.0,0.2537767415320997
1.0,0.28220323611734033
1.0,0.9350707561368039
1.0,0.7039469624019412
1.0,0.0981369229429321
1.0,0.1704314010257746
1.0,0.5086680386620204
1.0,0.8735824360306598
1.0,0.4568090790796342
1.0,0.43025153257855087
1.0,0.7840742174657159
1.0,0.5981903070275862
1.0,0.19700275715994794
1.0,0.006646363445167724
1.0,0.6754070749680373
1.0,0.9635946724298298
1.0,0.3736780646417587
1.0,0.32574029408601535
1.0,0.9792535045152615
1.0,0.6595021312041885
1.0,0.05335381577635719
1.0,0.2446945924103054
1.0,0.5832692658478413
1.0,0.800716959640487
1.0,0.3832981524472109
1.0,0.47280600888454793
1.0,0.8272739038464314
1.0,0.5566973111711468
1.0,0.15517196566975036
1.0,0.08189406533786789
1.0,0.7509932929970917
1.0,0.8877792745333642
1.0,0.29721673616797867
1.0,0.2903271008378288
1.0,0.8966214456303516
1.0,0.7421360889136482
1.0,0.08876889283862288
1.0,0.14632291602454178
1.0,0.5635956938531264
1.0,0.8203924154492811
1.0,0.4816717276575244
1.0,0.39017396313380004
1.0,0.7918606937114653
1.0,0.5921124051201921
1.0,0.23780591024504816
1.0,0.062220472703755525
1.0,0.6526216259928723
1.0,0.9861528403621335
1.0,0.3168922126161702
1.0,0.3648371844452558
1.0,0.9704858388279962
1.0,0.6685337785352988
1.0,0.015504858429095738
1.0,0.190106866216113
1.0,0.6070416082434072
1.0,0.775210750263352
1.0,0.43713551271384565
1.0,0.46566663590914037
1.0,0.8667081564120872
1.0,0.5155582518952941
1.0,0.16158955265390834
1.0,0.10501991989239277
1.0,0.6950825570451554
1.0,0.9439210891772617
1.0,0.27530639200861273
1.0,0.2606677840938824
1.0,0.9135739785912335
1.0,0.7217569656899541
1.0,0.11598510536329763
1.0,0.18434870891324584
1.0,0.5225466720716042
1.0,0.8638862226227989
1.0,0.4470746865394207
1.0,0.41265501758708883
1.0,0.7665005108845585
1.0,0.6199464336104665
1.0,0.21878218749866768
1.0,0.0166170489396191
1.0,0.6853549520521841
1.0,0.9499600210881255
1.0,0.36002010954421493
1.0,0.3433388805224409
1.0,0.9968288022063183
1.0,0.6377475957312077
1.0,0.03157645688260097
1.0,0.23472561810951953
1.0,0.5733235802924241
1.0,0.8143538025109207
1.0,0.3969578187384201
1.0,0.49434317210167134
1.0,0.8487728729207314
1.0,0.5388894994118635
1.0,0.1373254944430503
1.0,0.06797882889536014
1.0,0.7371162506974074
1.0,0.8974770790511246
1.0,0.30695320015315575
1.0,0.3115237974955549
1.0,0.9020477964772898
1.0,0.73375952010362
1.0,0.06462197821780678
1.0,0.14086679566148863
1.0,0.5424306805465358
1.0,0.8445095680592176
1.0,0.49007998732392355
1.0,0.40054871455221647
1.0,0.817944338073419
1.0,0.5689789787213283
1.0,0.23038137678972168
1.0,0.0361051449906661
1.0,0.6422766440905708
1.0,0.993545682961089
1.0,0.3400554010259136
1.0,0.3554451873099309
1.0,0.9453849787700754
1.0,0.6887150468677283
1.0,0.01997726383892929
1.0,0.2152375258110902
1.0,0.6164018920066551
1.0,0.7707681368853395
1.0,0.4169225235041038
1.0,0.44348715494738117
1.0,0.8602990512820573
1.0,0.5268869487508152
1.0,0.18868862534115885
1.0,0.11146073839449966
1.0,0.7172322384698582
1.0,0.9168537373673236
1.0,0.26394790312127053
1.0,0.2709810638819599
1.0,0.9395961213019068
1.0,0.6986850409423707
1.0,0.10862204353831013
1.0,0.15829484532526003
1.0,0.5122631843153478
1.0,0.8712175710757093
1.0,0.4701764108240605
1.0,0.43379025011971134
1.0,0.7718653675854515
1.0,0.6116313589464835
1.0,0.1946967370029552
1.0,0.011222400206904924
1.0,0.664251440396874
1.0,0.9740156720467815
1.0,0.3683668975802751
1.0,0.3212209012119622
1.0,0.9904811687066275
1.0,0.6490148209563898
1.0,0.05861402791857101
1.0,0.2411049424655813
1.0,0.5954117975920233
1.0,0.7873479148260862
1.0,0.38566082399712304
1.0,0.48501266911239155
1.0,0.8237334769879143
1.0,0.5590093036191893
1.0,0.14173640570683876
1.0,0.09304798683905685
1.0,0.7464150628303162
1.0,0.8930959373034512
1.0,0.28680171259469434
1.0,0.2936756169514982
1.0,0.8842377950655858
1.0,0.7552562957728817
1.0,0.08615742836495585
1.0,0.15060118632539335
1.0,0.5521268920780878
1.0,0.8306309365259426
1.0,0.4761626813127611
1.0,0.37876928233718793
1.0,0.7961882096142299
1.0,0.5865526871787945
1.0,0.24797789365749254
1.0,0.04976310196451869
1.0,0.655911297308584
1.0,0.9835978040006335
1.0,0.3300847136551534
1.0,0.377222548079996
1.0,0.9671395161193651
1.0,0.6711397473003625
1.0,0.002378675526194919
1.0,0.2015778576435721
1.0,0.6027650472599124
1.0,0.7807138243170656
1.0,0.4268914996811985
1.0,0.46133362429777236
1.0,0.8781068611650319
1.0,0.505387981552824
1.0,0.16715146400034428
1.0,0.10172427628563144
1.0,0.7075344358284066
1.0,0.9307307777906991
1.0,0.27786313768746945
1.0,0.25707163086270585
1.0,0.9257094966929574
1.0,0.7083886301202964
1.0,0.11834893647207521
1.0,0.1798224224805007
1.0,0.5337679530602838
1.0,0.8534001920176316
1.0,0.4523357280101434
1.0,0.4238116897570427
1.0,0.7619254817006704
1.0,0.625258634518123
1.0,0.2083621917069474
1.0,0.028826790066584174
1.0,0.6818171557786659
1.0,0.952266921233966
1.0,0.3465799676351069
1.0,0.33119739012966726
1.0,1.0004194634815091
1.0,0.6353859542748508
1.0,0.044946501769615295
1.0,0.22349884141223655
1.0,0.577843890681502
1.0,0.8090944741101723
1.0,0.4074460427486257
1.0,0.49892039093798013
1.0,0.8376179100681341
1.0,0.549303522912534
1.0,0.13200780157940817
1.0,0.07151833823885266
1.0,0.7249087029754807
1.0,0.9109117252516293
1.0,0.30464032396364793
1.0,0.30319719572819026
1.0,0.9093455261664923
1.0,0.7254905454097735
1.0,0.07197734999099818
1.0,0.13345474247443637
1.0,0.5508735346572416
1.0,0.8370321949323878
1.0,0.4984575064843811
1.0,0.4089502485895652
1.0,0.8104756091014325
1.0,0.5774458514615429
1.0,0.22297797151013024
1.0,0.04343842322722232
1.0,0.6340009465821371
1.0,1.0008213153610388
1.0,0.33172207269134407
1.0,0.3480264150609092
1.0,0.953836469530389
1.0,0.6812309434210759
1.0,0.028363438412083063
1.0,0.20691955694071562
1.0,0.6236928988812704
1.0,0.7625078213568068
1.0,0.42427116871009035
1.0,0.45082715224590686
1.0,0.8520147171240159
1.0,0.5341693114705874
1.0,0.1803466415938931
1.0,0.11985363953485828
1.0,0.7097702323124586
1.0,0.9253119509422243
1.0,0.25655122440888395
1.0,0.2793057574432305
1.0,0.9322964683961394
1.0,0.7069520811617994
1.0,0.10126475230117159
1.0,0.16570497154312977
1.0,0.5038184182459302
1.0,0.8786930284912096
1.0,0.4617969609418027
1.0,0.4253867816079447
1.0,0.779332177093491
1.0,0.6031625780001747
1.0,0.20209821906598177
1.0,0.0038872062590192347
1.0,0.6725252071835075
1.0,0.9667381126776493
1.0,0.37669831395613285
1.0,0.3286377577496544
1.0,0.9820277472245137
1.0,0.6564969974338596
1.0,0.050225941386705455
1.0,0.24942097686153797
1.0,0.5881188712534607
1.0,0.7956063221485248
1.0,0.37831025557457165
1.0,0.47767074484468336
1.0,0.832015899187244
1.0,0.5517250251880876
1.0,0.1500764587323043
1.0,0.08465317749260413
1.0,0.7538751457711508
1.0,0.8846357892541326
1.0,0.29419647184313374
1.0,0.28535476982335733
1.0,0.8915259236824348
1.0,0.7470007798423713
1.0,0.09351087316896471
1.0,0.1431795358186053
1.0,0.5605755045806351
1.0,0.8231516326773126
1.0,0.4845536554839372
1.0,0.38716890441582485
1.0,0.7887329243951088
1.0,0.595009943836185
1.0,0.24058025802759564
1.0,0.0571098202013227
1.0,0.6476336840888208
1.0,0.9908792098028953
1.0,0.3217417729903773
1.0,0.36980953047019804
1.0,0.9755814058073252
1.0,0.6636691026170465
1.0,0.01076292313016616
1.0,0.19325029145346176
1.0,0.6100618125263693
1.0,0.7724515780667327
1.0,0.4342535998979036
1.0,0.46867170963758625
1.0,0.8698359707598559
1.0,0.512660728189772
1.0,0.15881524990277307
1.0,0.11013061742623785
1.0,0.7000705139596777
1.0,0.9391947647679121
1.0,0.27045684664487635
1.0,0.2653943937021762
1.0,0.9184232987979086
1.0,0.7166460730199893
1.0,0.11099740362677814
1.0,0.18724600746170666
1.0,0.5253212600216837
1.0,0.8608814040723557
1.0,0.44394667705553215
1.0,0.4154139946475883
1.0,0.7693826788785033
1.0,0.6168032935720621
1.0,0.2157617580586445
1.0,0.02148198003587426
1.0,0.6900966922149939
1.0,0.9449874499061219
1.0,0.3549248277638301
1.0,0.33861231594555935
1.0,0.9919794970101139
1.0,0.6428585334325848
1.0,0.03656417362959121
1.0,0.23182833457152943
1.0,0.570549037373757
1.0,0.8173586360718347
1.0,0.40008587325372086
1.0,0.4915842400725841
1.0,0.8458907199372574
1.0,0.5420326844816802
1.0,0.14034593889354424
1.0,0.06311391280957572
1.0,0.7323745555660098
1.0,0.9024496652435989
1.0,0.31204852696495283
1.0,0.3085189339136995
1.0,0.8989197119410476
1.0,0.7366567736206686
1.0,0.06739649111553253
1.0,0.13575594802293606
1.0,0.53744305386237
1.0,0.8492362226989237
1.0,0.49492938258295244
1.0,0.39557621842256674
1.0,0.8128491013244465
1.0,0.5738439848699373
1.0,0.23512316198394376
1.0,0.03296192989990786
1.0,0.6392561696191355
1.0,0.9963045849692348
1.0,0.3429375239884462
1.0,0.3584500959231986
1.0,0.9485130783167884
1.0,0.685817838382092
1.0,0.01720276595167429
1.0,0.22034838846011354
1.0,0.6213895637222331
1.0,0.7660414972561042
1.0,0.4120731732764871
1.0,0.4484596961084431
1.0,0.8653943030415007
1.0,0.5220219876336185
1.0,0.18394685515740752
1.0,0.11460396849572865
1.0,0.7202527579727058
1.0,0.9140948503696485
1.0,0.2610658251901502
1.0,0.27374020605763766
1.0,0.9424780040969074
1.0,0.6955415856840805
1.0,0.10560180923440672
1.0,0.16315961130633694
1.0,0.5170052096771018
1.0,0.8662453151135916
1.0,0.4650809339075559
1.0,0.4385166645918854
1.0,0.7767150030120125
1.0,0.6065207514754629
1.0,0.18970887015125745
1.0,0.014119893891485505
1.0,0.6670257131270678
1.0,0.9710105682973941
1.0,0.36523905321156486
1.0,0.3184617740467552
1.0,0.9875993309430392
1.0,0.6521582912251508
1.0,0.061634307253886675
1.0,0.23624022151591664
1.0,0.5906697872407399
1.0,0.7923202158196163
1.0,0.3907563159240984
1.0,0.48028626965068827
1.0,0.8188838865927657
1.0,0.5641199261006806
1.0,0.14672431758994875
1.0,0.09015053818588852
1.0,0.7436408051105932
1.0,0.8961010860842509
1.0,0.28992957197387537
1.0,0.2987862844644018
1.0,0.8892257219591665
1.0,0.7505299413425907
1.0,0.08130785298027794
1.0,0.15360623003289775
1.0,0.5552546764049151
1.0,0.8277333827994791
1.0,0.4733883485406844
1.0,0.38191267755359515
1.0,0.7992083838762504
1.0,0.5837934849612338
1.0,0.24509595082060898
1.0,0.054735417968519426
1.0,0.6610068342669716
1.0,0.9787330980614396
1.0,0.3253427483352823
1.0,0.3721118655566217
1.0,0.9621515441943721
1.0,0.6758660867201829
1.0,0.007228205879460569
1.0,0.19857276890465547
1.0,0.5996372479226144
1.0,0.7836113330121168
1.0,0.4296658174428045
1.0,0.45819021407089433
1.0,0.8750866418715992
1.0,0.5081471687599141
1.0,0.1700333618058156
1.0,0.09675191525021845
1.0,0.7024388838595482
1.0,0.9355954386984807
1.0,0.2826050879968698
1.0,0.25220668475597996
1.0,0.9209677715406184
1.0,0.7133611862918292
1.0,0.12344423326293079
1.0,0.17706346043047197
1.0,0.5308857700558682
1.0,0.8565433470665068
1.0,0.4553561424396958
1.0,0.4209143761981111
1.0,0.7591509087610616
1.0,0.6282634380580955
1.0,0.21149021620130665
1.0,0.024100195468761104
1.0,0.67696782056152
1.0,0.9573778289144015
1.0,0.35156765436115567
1.0,0.33606229120498093
1.0,1.0051611736233776
1.0,0.6304133530719058
1.0,0.03985118996828898
1.0,0.22625778845179453
1.0,0.5807260286545053
1.0,0.8059513040508264
1.0,0.4044255832876611
1.0,0.5018176594654994
1.0,0.8403924679972722
1.0,0.5462986743411494
1.0,0.12887976207457819
1.0,0.07624491782620497
1.0,0.7297579931612144
1.0,0.905800802560723
1.0,0.2996525922061869
1.0,0.30194550165513395
1.0,0.9076325903482297
1.0,0.731616679712305
1.0,0.07862620892692809
1.0,0.12733041130470366
1.0,0.5442267190216425
1.0,0.8382859285531573
1.0,0.5001722416828248
1.0,0.40277968516992246
1.0,0.8038442842716474
1.0,0.5786535929999344
1.0,0.224707957346856
1.0,0.042232961404076085
1.0,0.6322725199580606
1.0,1.0069934417459483
1.0,0.338355680988992
1.0,0.3532149334422033
1.0,0.9594862296568895
1.0,0.6790416371793999
1.0,0.025651407537008654
1.0,0.20911090648272254
1.0,0.6264067328891437
1.0,0.7573211023556939
1.0,0.4186234481313031
1.0,0.45306473403782377
1.0,0.8547130603260751
1.0,0.5290285845518525
1.0,0.17468367037682386
1.0,0.12499592566624233
1.0,0.715435483244773
1.0,0.9230766526181703
1.0,0.2538544441720916
1.0,0.28052886970366986
1.0,0.9340418249549132
1.0,0.7007968884642046
1.0,0.09464879819343454
1.0,0.17186172720599135
1.0,0.5104366558215301
1.0,0.8774721959460153
1.0,0.4600531635956781
1.0,0.43152828663252424
1.0,0.785996406751469
1.0,0.6019262546491665
1.0,0.2004006539697672
1.0,0.0051255691577406495
1.0,0.6742245716599032
1.0,0.9605984107858686
1.0,0.37003612759848575
1.0,0.3234816601088715
1.0,0.9763494052853965
1.0,0.6587192085037286
1.0,0.052908913866716686
1.0,0.24720104925953187
1.0,0.5854374617387164
1.0,0.8007639790019568
1.0,0.38399087722893405
1.0,0.4754660678809593
1.0,0.8292884975901216
1.0,0.5568981728473337
1.0,0.15571084813675667
1.0,0.07948182921353922
1.0,0.7482427959144116
1.0,0.8868425095181874
1.0,0.296925676573055
1.0,0.28806656240720857
1.0,0.8937154719679518
1.0,0.7413512580070941
1.0,0.08832211274382978
1.0,0.14882749468861567
1.0,0.5657619815379072
1.0,0.8204375603782161
1.0,0.48236254798577116
1.0,0.39283211392411727
1.0,0.7938734092700028
1.0,0.5923113623429026
1.0,0.23834291827951956
1.0,0.05980636214689194
1.0,0.6498692244567158
1.0,0.9852141971618041
1.0,0.31659924481515245
1.0,0.363160913578109
1.0,0.9694550332135705
1.0,0.6653817963914682
1.0,0.012014855494445583
1.0,0.19153531421117717
1.0,0.6088083171968229
1.0,0.7790986357461727
1.0,0.44037769277641314
1.0,0.46694148175701966
1.0,0.8686284675126876
1.0,0.5192922950633979
1.0,0.16498557503119265
1.0,0.10349725117243079
1.0,0.6938981492835449
1.0,0.9409229493481478
1.0,0.2716625467592457
1.0,0.2627111829309418
1.0,0.9162013297718805
1.0,0.7223246532503297
1.0,0.1161532592237202
1.0,0.1815656240985674
1.0,0.5201633611244108
1.0,0.863562575295877
1.0,0.44616684670137907
1.0,0.4097798435343591
1.0,0.7642092891754164
1.0,0.6195304568779614
1.0,0.21796667706620942
1.0,0.01875253701472984
1.0,0.6878902139947799
1.0,0.9506200380540843
1.0,0.3600959339990542
1.0,0.34522851209713723
1.0,0.9981344514164855
1.0,0.6411129348299702
1.0,0.03534129966037496
1.0,0.2335718898738132
1.0,0.5717701082101743
1.0,0.8107406405400756
1.0,0.39392887929963616
1.0,0.4932815631249578
1.0,0.8471272815794888
1.0,0.5353686968675432
1.0,0.1342041955777415
1.0,0.06977634121106364
1.0,0.7385140191665673
1.0,0.9007500587233623
1.0,0.31081040235745455
1.0,0.31415116368667273
1.0,0.9040911803038785
1.0,0.7339276889745133
1.0,0.06518965076771162
1.0,0.13848346970382447
1.0,0.5396476107423281
1.0,0.8436017132107053
1.0,0.4897563550074724
1.0,0.39825750785354513
1.0,0.8150691490102187
1.0,0.5681634832993407
1.0,0.22996538504674569
1.0,0.03864039192279112
1.0,0.6444121471761524
1.0,0.9936214924054575
1.0,0.34071543300234325
1.0,0.35675085153056885
1.0,0.947274595334301
1.0,0.692479904655973
1.0,0.023342587927221017
1.0,0.2136840387183696
1.0,0.6152481787814195
1.0,0.7677391824360847
1.0,0.4133093765437294
1.0,0.4418415786166092
1.0,0.8592374272948731
1.0,0.5237656648959772
1.0,0.18516780778636777
1.0,0.1128584918531889
1.0,0.7190297657960324
1.0,0.9207109245611517
1.0,0.26722089780397895
1.0,0.26807507520908924
1.0,0.9373355978817574
1.0,0.6982382458371069
1.0,0.10783722764222681
1.0,0.1604611480205117
1.0,0.514767747968951
1.0,0.8719084064144268
1.0,0.4702215407425248
1.0,0.43580295066777813
1.0,0.7745235333862396
1.0,0.6121683519704841
1.0,0.19489570923613636
1.0,0.00847001368121911
1.0,0.6618373148295397
1.0,0.9737227192562344
1.0,0.36742823936947494
1.0,0.3201900805870658
1.0,0.9888049128499514
1.0,0.6455248030112689
1.0,0.055462060785211084
1.0,0.2428716664294677
1.0,0.5968402305766167
1.0,0.7905901098991245
1.0,0.389548694469473
1.0,0.48693296520252133
1.0,0.8250083378462644
1.0,0.5624053109860029
1.0,0.14547046388541332
1.0,0.0918635940879171
1.0,0.7448923790998835
1.0,0.8894521070645549
1.0,0.2838035577551098
1.0,0.2926467007800782
1.0,0.8825634136414446
1.0,0.7517681860338549
1.0,0.08300733941674852
1.0,0.15236978847443233
1.0,0.5535572332687754
1.0,0.8338750060315158
1.0,0.48005245623858744
1.0,0.3806914866334118
1.0,0.7974649486577325
1.0,0.5899505989990845
1.0,0.251713826268602
1.0,0.04858058364591385
1.0,0.6543905180316277
1.0,0.9799558519468898
1.0,0.3270884670216629
1.0,0.37431846386060175
1.0,0.9648808671317506
1.0,0.6706948604011927
1.0,0.0015957378152641872
1.0,0.20374603852397638
1.0,0.6052715191196096
1.0,0.781406534088318
1.0,0.42693853405313925
1.0,0.46334823305193323
1.0,0.8807669051509724
1.0,0.5059268790303011
1.0,0.16735231066606038
1.0,0.09897376419248054
1.0,0.7051222147145486
1.0,0.9304397031853047
1.0,0.27692638768276334
1.0,0.2583791695158787
1.0,0.9276010177106594
1.0,0.7121553660936938
1.0,0.12171616876646103
1.0,0.1782708435938742
1.0,0.5326161180202008
1.0,0.8503731420218532
1.0,0.44872445548230394
1.0,0.42216799161142343
1.0,0.7608657659195802
1.0,0.6221392250958199
1.0,0.20484327860563273
1.0,0.03022644797874982
1.0,0.683616557537375
1.0,0.9561260166338881
1.0,0.3498548405029679
1.0,0.33382663075332003
1.0,1.0024647517615743
1.0,0.6355560013308967
1.0,0.045516082525614225
1.0,0.2211174236606665
1.0,0.5750626990624469
1.0,0.8081885237151364
1.0,0.4071242848647095
1.0,0.49663106242446137
1.0,0.8347446292110278
1.0,0.5484899019230814
1.0,0.1315937142899086
1.0,0.07405548962445409
1.0,0.7270460804935971
1.0,0.9109894429020919
1.0,0.30530223412523017
1.0,0.30593641619471945
1.0,0.9115849429884585
1.0,0.7276800280244808
1.0,0.07465123550727912
1.0,0.1312054900415113
1.0,0.5481403596578069
1.0,0.8343566470064713
1.0,0.49628128186796366
1.0,0.40676682082349663
1.0,0.8078082287479128
1.0,0.5747054695598395
1.0,0.22073688289698434
1.0,0.046119511893154434
1.0,0.6361822616244477
1.0,1.0030679390852737
1.0,0.3344531293380941
1.0,0.349228386949606
1.0,0.9555228443206595
1.0,0.6829903422752364
1.0,0.029623033621680367
1.0,0.20522383437978564
1.0,0.6224964996298396
1.0,0.7612460758972746
1.0,0.4225255006840485
1.0,0.44907428107021385
1.0,0.8507611392368805
1.0,0.5329657053168876
1.0,0.17865908285274226
1.0,0.12112043789410674
1.0,0.7115214635942222
1.0,0.9270055326347636
1.0,0.25774503247780167
1.0,0.2765691431696852
1.0,0.9300591774320933
1.0,0.704764735662865
1.0,0.09859348423572767
1.0,0.16795551300023048
1.0,0.5065533626046045
1.0,0.8813703495289834
1.0,0.4639744783350135
1.0,0.4275724665735523
1.0,0.7820022949816138
1.0,0.6059056861786282
1.0,0.20434155362081363
1.0,0.001207770621178472
1.0,0.6703450648342244
1.0,0.964492657893824
1.0,0.37396890658485643
1.0,0.32743803930787896
1.0,0.9803441062162286
1.0,0.654740328609067
1.0,0.04896859587141181
1.0,0.251118356203177
1.0,0.5893164469505368
1.0,0.796869232795849
1.0,0.38005756912346944
1.0,0.479426225965978
1.0,0.8332716066849171
1.0,0.5529307647049427
1.0,0.15176663117167447
1.0,0.08338766440491363
1.0,0.7521256800960092
1.0,0.8829439844260683
1.0,0.2930039603036271
1.0,0.2841531131545462
1.0,0.8898403144261726
1.0,0.7452421765431607
1.0,0.09225156315831165
1.0,0.14487494315964955
1.0,0.5617711382980578
1.0,0.8244125825818951
1.0,0.48629903831103477
1.0,0.38892245106270157
1.0,0.7899866673974224
1.0,0.5962137451260044
1.0,0.24226846221898873
1.0,0.05584234637089048
1.0,0.645882287691879
1.0,0.9891854329742363
1.0,0.3205473194712174
1.0,0.36707098547485256
1.0,0.9733421541005374
1.0,0.6614798151384589
1.0,0.008089683064127464
1.0,0.1954988684152031
1.0,0.6127948224106257
1.0,0.7751269308565295
1.0,0.43642917906407874
1.0,0.47085545262354056
1.0,0.8725041166473838
1.0,0.5154019056464253
1.0,0.16105662371486323
1.0,0.10744921354041999
1.0,0.6978884333833588
1.0,0.9369473454887274
1.0,0.26772550479918206
1.0,0.266594397342896
1.0,0.9201077353611434
1.0,0.7184035073787902
1.0,0.11225506436195754
1.0,0.18554834292112338
1.0,0.524122888769658
1.0,0.8596177278910232
1.0,0.4421990482867486
1.0,0.41365915897653593
1.0,0.76812716651695
1.0,0.6155977191703852
1.0,0.21407226109045807
1.0,0.022746847673322506
1.0,0.6918459627540158
1.0,0.9466790896190079
1.0,0.356116663832153
1.0,0.3413495756693468
1.0,0.9942169831102798
1.0,0.6450460440466974
1.0,0.03923611716621887
1.0,0.22957714766418647
1.0,0.5678138978789629
1.0,0.8146811499188825
1.0,0.3979076803893264
1.0,0.48939884030592073
1.0,0.8432213976040844
1.0,0.539290341837235
1.0,0.1381029195585981
1.0,0.06579306324847223
1.0,0.7345539023603432
1.0,0.904694354493416
1.0,0.31477761911634344
1.0,0.3102069617320613
1.0,0.9001238171928998
1.0,0.7379108130797796
1.0,0.06914985388414258
1.0,0.1345616783820428
1.0,0.5357489805769137
1.0,0.8474845223399492
1.0,0.49366208512555154
1.0,0.39431708478494504
1.0,0.8110901940632032
1.0,0.5721580791568777
1.0,0.2339216891933993
1.0,0.034707128848738736
1.0,0.6405174159805153
1.0,0.9975005226486902
1.0,0.3446327549564591
1.0,0.36069164610832005
1.0,0.9512539518114089
1.0,0.6884856878128226
1.0,0.019386692815895314
1.0,0.21761686273615255
1.0,0.6191424408998457
1.0,0.7638597206418181
1.0,0.40939159301763794
1.0,0.4457862796693731
1.0,0.8632053195249457
1.0,0.519783032383628
1.0,0.18120812628379537
1.0,0.11677973154017052
1.0,0.7229278143057052
1.0,0.9168275562918723
1.0,0.26331457852492285
1.0,0.2720505327164199
1.0,0.9412727336572632
1.0,0.6942863697793245
1.0,0.10384678968508763
1.0,0.16435163125292654
1.0,0.5186965529331905
1.0,0.8679942816905807
1.0,0.46634597791803545
1.0,0.4397745017000961
1.0,0.7784721334087807
1.0,0.6082048915819004
1.0,0.1909090576702439
1.0,0.012372081244435278
1.0,0.6657623334025327
1.0,0.969812501007401
1.0,0.3635412122979503
1.0,0.3162189310848404
1.0,0.9848566843365613
1.0,0.6494886724351806
1.0,0.059449091365489995
1.0,0.23896912978904059
1.0,0.5929147729473543
1.0,0.7944998665759824
1.0,0.3934352899899636
1.0,0.4829580368142846
1.0,0.8210717011689109
1.0,0.5663577086576438
1.0,0.14946139343546955
1.0,0.08797252919976069
1.0,0.7409630225008438
1.0,0.8933656426274241
1.0,0.28767856143956366
1.0,0.29654537972952255
1.0,0.8864850436006657
1.0,0.7478622570270383
1.0,0.07912460158724068
1.0,0.15633711030661648
1.0,0.5575016040911828
1.0,0.8299149942985868
1.0,0.4760692533283498
1.0,0.38458637919160943
1.0,0.801398162947755
1.0,0.5860332057452325
1.0,0.24783499491410685
1.0,0.05255936972513331
1.0,0.6583309823790224
1.0,0.9759996266052076
1.0,0.3230936797806239
1.0,0.3704241229372041
1.0,0.9609482344974697
1.0,0.6746128127950801
1.0,0.005475158330736276
1.0,0.1997667533466045
1.0,0.6013305256531211
1.0,0.7853622678370831
1.0,0.43093279968031967
1.0,0.45944999315875834
1.0,0.8768457442689623
1.0,0.5098332395881517
1.0,0.17123551006754378
1.0,0.09500607085114532
1.0,0.7011774423620487
1.0,0.9343993359038472
1.0,0.2809091815576731
1.0,0.2544502031890785
1.0,0.9237105832622745
1.0,0.7160310002179192
1.0,0.1256300946015697
1.0,0.17433387668616426
1.0,0.5286406192340757
1.0,0.854363501174021
1.0,0.4526765229235884
1.0,0.4182429242544005
1.0,0.7569638597189247
1.0,0.626026451056082
1.0,0.2087534255547301
1.0,0.026277889235003186
1.0,0.6796448376372611
1.0,0.9601124768162785
1.0,0.3538183796965231
1.0,0.33775227976608446
1.0,1.00636720959703
1.0,0.6316693645316115
1.0,0.041606494716552304
1.0,0.22506545328531918
1.0,0.5790339198644083
1.0,0.8042015419188875
1.0,0.40316025407823725
1.0,0.5005604978284725
1.0,0.8386355027156821
1.0,0.5446147293708317
1.0,0.12768022000583398
1.0,0.07799205500207146
1.0,0.7310212077705712
1.0,0.9069986747145963
1.0,0.3013497876695593
1.0,0.2992720683292844
1.0,0.9054435599239538
1.0,0.7293777113281527
1.0,0.07588743689821253
1.0,0.12950624377257272
1.0,0.5469018747990106
1.0,0.8410187151566613
1.0,0.5024211057198192
1.0,0.40502134230464804
1.0,0.8065852346949306
1.0,0.5813215456276514
1.0,0.22689195738712192
1.0,0.039501396277629386
1.0,0.630025387754129
1.0,1.0048116144713235
1.0,0.3356740800907455
1.0,0.3519559105068033
1.0,0.9577274030769264
1.0,0.6773558309107092
1.0,0.024450004169891452
1.0,0.21085606227645
1.0,0.6276679661163616
1.0,0.7585169931274282
1.0,0.42031866221253644
1.0,0.45475274121678827
1.0,0.8559171149175885
1.0,0.5302826146294193
1.0,0.1764369937429482
1.0,0.12380172920139398
1.0,0.7137415131563031
1.0,0.9213250291878584
1.0,0.25258725366429474
1.0,0.2832005899595451
1.0,0.9362296226442789
1.0,0.7030346278660644
1.0,0.09738586090479344
1.0,0.16968381766423224
1.0,0.5077589426352079
1.0,0.8747368631914104
1.0,0.4578022337426467
1.0,0.42928552059927205
1.0,0.7832538670945952
1.0,0.5992567090352411
1.0,0.19821554127835692
1.0,0.007854468049320383
1.0,0.6764695179640319
1.0,0.9627780409028374
1.0,0.3727150510040122
1.0,0.32473957789836255
1.0,0.9781066463843865
1.0,0.6604034180335933
1.0,0.05410920083007186
1.0,0.24545322347831974
1.0,0.5841740388590778
1.0,0.7995658948251843
1.0,0.38229298940759837
1.0,0.47377634387940276
1.0,0.8280832065110801
1.0,0.555642917540092
1.0,0.15395581920589338
1.0,0.08067395235711522
1.0,0.7499342123465452
1.0,0.8885915830447806
1.0,0.2981907975121972
1.0,0.2893263808975583
1.0,0.895474583746859
1.0,0.7430373794956707
1.0,0.08952428164495523
1.0,0.14708154333993845
1.0,0.5645004631117451
1.0,0.8192413543865962
1.0,0.48066656837052957
1.0,0.3911443018812725
1.0,0.7926700001287317
1.0,0.5910580077365196
1.0,0.2365897600285735
1.0,0.061000363475620545
1.0,0.6515625490949435
1.0,0.9869651451209323
1.0,0.317866270207771
1.0,0.3658345420400783
1.0,0.9716447090880888
1.0,0.6676214402468044
1.0,0.014753792638339387
1.0,0.18935928660718834
1.0,0.6061325159692126
1.0,0.7763651736714848
1.0,0.43812866362424047
1.0,0.46470062017724384
1.0,0.8658878022883487
1.0,0.5166246576555666
1.0,0.162802340524935
1.0,0.10622802074392775
1.0,0.6961449962885322
1.0,0.943104461402887
1.0,0.2743433821234839
1.0,0.2614540306754591
1.0,0.9144444038927761
1.0,0.7206407289194092
1.0,0.11495376781531479
1.0,0.1833126843457713
1.0,0.5214264687841637
1.0,0.8647603742737053
1.0,0.44786393896776505
1.0,0.4114697326510939
1.0,0.7654152557256416
1.0,0.6207863576354453
1.0,0.21972190113319245
1.0,0.017560248755975578
1.0,0.6861981220914625
1.0,0.9488703190772488
1.0,0.3588306179237923
1.0,0.34255695695644023
1.0,0.9959473291983035
1.0,0.6388758408783526
1.0,0.03260443208513582
1.0,0.23574963430039406
1.0,0.5744471459253128
1.0,0.8134753278444383
1.0,0.3961796140165478
1.0,0.4955250946922183
1.0,0.8498701364562483
1.0,0.5380385276804127
1.0,0.13639010382410152
1.0,0.06704667678547566
1.0,0.736268757642553
1.0,0.8985701434074492
1.0,0.30813068339697836
1.0,0.31239830939775937
1.0,0.9028376493244642
1.0,0.7327240959549755
1.0,0.06350213518166418
1.0,0.13975019863964572
1.0,0.541398742579723
1.0,0.8452952142219643
1.0,0.4909500523741683
1.0,0.39945937279263793
1.0,0.8167554468718264
1.0,0.5699227789565148
1.0,0.23122490708029808
1.0,0.03694470876434683
1.0,0.6432157573062657
1.0,0.9923597976062641
1.0,0.33896978561569874
1.0,0.35456731306227846
1.0,0.944607134299501
1.0,0.6897394233099008
1.0,0.021101429890647894
1.0,0.21636517053940513
1.0,0.6174295069578919
1.0,0.7699858530680408
1.0,0.41604045007725904
1.0,0.4445808197225357
1.0,0.861476894777178
1.0,0.5259551568922287
1.0,0.18784173270513443
1.0,0.11060916624421893
1.0,0.7162964875996113
1.0,0.9180352997065725
1.0,0.2650445662379574
1.0,0.269830603238105
1.0,0.93859132226621
1.0,0.6994440285090654
1.0,0.1095274132157589
1.0,0.15919553548845247
1.0,0.5130182128703822
1.0,0.8702164908841408
1.0,0.4690289485217379
1.0,0.43460315529734
1.0,0.7728397854283504
1.0,0.6104116099696465
1.0,0.19363826052385633
1.0,0.010167402404402366
1.0,0.6630349299291014
1.0,0.9749856505429559
1.0,0.3691756035787115
1.0,0.3223756848713931
1.0,0.9914749200358524
1.0,0.6482678417662951
1.0,0.05770529589567424
1.0,0.24019224392578883
1.0,0.5946601313824369
1.0,0.7883446720020788
1.0,0.38681933400591767
1.0,0.4841964015893149
1.0,0.8227710675216154
1.0,0.5602180048895543
1.0,0.14279920520151362
1.0,0.09411403234803141
1.0,0.7476272502825129
1.0,0.8921293211527247
1.0,0.28598099821965794
1.0,0.29483040436354685
1.0,0.8852315501474283
1.0,0.7545093128301693
1.0,0.08524869258944139
1.0,0.14968849153821856
1.0,0.5513752296211192
1.0,0.8316276899493175
1.0,0.47732118756893804
1.0,0.37795301106149354
1.0,0.7952257963953134
1.0,0.5877613922017771
1.0,0.24904069690478509
1.0,0.05082914372087557
1.0,0.657123481008163
1.0,0.9826311916025247
1.0,0.3292640030327347
1.0,0.37607208368352335
1.0,0.9661347133310506
1.0,0.6718987386196749
1.0,0.0032840489562613743
1.0,0.2024785440541469
1.0,0.603520072062329
1.0,0.7797127478781147
1.0,0.42574404113149356
1.0,0.46214653322801874
1.0,0.8790812827605484
1.0,0.5041682288233694
1.0,0.16609298376862772
1.0,0.10066928223574657
1.0,0.7063179291132515
1.0,0.9317007525342559
1.0,0.27867183993328815
1.0,0.2561937603676711
1.0,0.9249316559750007
1.0,0.7094130028098513
1.0,0.11947309877117614
1.0,0.1809500709614333
1.0,0.5347955717641384
1.0,0.8526179044477152
1.0,0.45145365083068095
1.0,0.42490535077957964
1.0,0.7631033214431734
1.0,0.6243268464121543
1.0,0.20751530282354066
1.0,0.027975214163685754
1.0,0.6808814011558014
1.0,0.9534484873258325
1.0,0.3476766345044115
1.0,0.33207189827925404
1.0,1.001209312576066
1.0,0.6343505338788239
1.0,0.043826662486090386
1.0,0.22238224063777595
1.0,0.5768119489620714
1.0,0.8098801240255367
1.0,0.40831611155148817
1.0,0.4978310529310192
1.0,0.8364290226191592
1.0,0.5502473193951029
1.0,0.1328513281173669
1.0,0.07235790576515108
1.0,0.7258478199437931
1.0,0.9097258361441867
1.0,0.3035547048008153
1.0,0.3040140636700969
1.0,0.9103082958840891
1.0,0.7242822043907066
1.0,0.07091515091515331
1.0,0.1323880965466318
1.0,0.549660986953747
1.0,0.8379984508318163
1.0,0.4992776204405875
1.0,0.4077955850139003
1.0,0.8094826983585697
1.0,0.5781936712379996
1.0,0.22388682361679302
1.0,0.044351001683248785
1.0,0.6347517722053615
1.0,0.9998237175986842
1.0,0.33056344259878345
1.0,0.3472138701345785
1.0,0.9528626521063203
1.0,0.682451292816743
1.0,0.029422275142479935
1.0,0.2079741944919202
1.0,0.6249088089302131
1.0,0.7615372424418023
1.0,0.4234621024603559
1.0,0.45197845347612375
1.0,0.8530196362434788
1.0,0.5334104439876587
1.0,0.17944211250280634
1.0,0.11895210878530382
1.0,0.7090150836736583
1.0,0.9263129110500269
1.0,0.2576978461248446
1.0,0.2782129332544379
1.0,0.9311187449847849
1.0,0.7078839931041518
1.0,0.102112485523558
1.0,0.1665557031070485
1.0,0.504754049032411
1.0,0.8775113460681946
1.0,0.46069945723875383
1.0,0.4262650161068951
1.0,0.7801106219828954
1.0,0.6021388019768322
1.0,0.20097441326556117
1.0,0.002759201279406317
1.0,0.6714969918134407
1.0,0.9675197960761179
1.0,0.3775800271316796
1.0,0.32972721959299905
1.0,0.9832174790124684
1.0,0.6555540377850352
1.0,0.049382531179895044
1.0,0.24858129300409124
1.0,0.587178917451404
1.0,0.7967913669169878
1.0,0.37939575090102057
1.0,0.4767968333613089
1.0,0.8312264065913676
1.0,0.5527608095880302
1.0,0.15119690218727688
1.0,0.08576917409561705
1.0,0.7549067234866657
1.0,0.8838497828400879
1.0,0.29332580637405903
1.0,0.2864442279140842
1.0,0.8927156517177718
1.0,0.7460578239461646
1.0,0.09266746671477198
1.0,0.14233984820854087
1.0,0.5596355470259606
1.0,0.8243366811983932
1.0,0.48563915456300377
1.0,0.3862949966850681
1.0,0.7879434355518501
1.0,0.5960457244835098
1.0,0.24170069772995056
1.0,0.058225820556953294
1.0,0.6486652655569534
1.0,0.990093199636233
1.0,0.3208711037686849
1.0,0.3687167100340231
1.0,0.9744036861485883
1.0,0.6646010108067812
1.0,0.011610652599934889
1.0,0.1941010267699982
1.0,0.6109974470654677
1.0,0.7712698918911001
1.0,0.433156092442237
1.0,0.469549940383919
1.0,0.8706144118966426
1.0,0.5116369559190471
1.0,0.15769144785497016
1.0,0.10900260869400724
1.0,0.6990422948369931
1.0,0.9399764519189985
1.0,0.27133856357304076
1.0,0.26458184502322785
1.0,0.9174494776212221
1.0,0.7178664261682739
1.0,0.1120562441097927
1.0,0.18830064126029353
1.0,0.5265371663180087
1.0,0.8599108289099688
1.0,0.44313761455841544
1.0,0.41656529963042294
1.0,0.7703876017505839
1.0,0.6160444223365157
1.0,0.21485722521494005
1.0,0.020580453038937494
1.0,0.6893415473288113
1.0,0.9459884062613068
1.0,0.35607144572717303
1.0,0.33942918764008373
1.0,0.9929422704803285
1.0,0.6416501886609001
1.0,0.03550197080112865
1.0,0.23076169239634256
1.0,0.56933649342288
1.0,0.8183248882186455
1.0,0.4009059834573096
1.0,0.4904295727443015
1.0,0.8448978054417768
1.0,0.5427805080107546
1.0,0.14125479475282468
1.0,0.0640264875129845
1.0,0.7331253774366164
1.0,0.9014520712338621
1.0,0.3108899006250099
1.0,0.3075487190026107
1.0,0.8981112498627609
1.0,0.7377120078380855
1.0,0.06861275766315551
1.0,0.1369759409199227
1.0,0.5385012939265547
1.0,0.8484230736011453
1.0,0.49395520115496794
1.0,0.3965775350290496
1.0,0.8139963197066195
1.0,0.5729430582918305
1.0,0.23436837734905908
1.0,0.0322026984130635
1.0,0.638351036356601
1.0,0.9974552895332394
1.0,0.3439420866092287
1.0,0.35941694848883937
1.0,0.9493335487716751
1.0,0.6847515564582031
1.0,0.015990822419627317
1.0,0.21913944326959886
1.0,0.6203270006424725
1.0,0.7668580086993305
1.0,0.41303534632787164
1.0,0.4474627025175363
1.0,0.8642360369528558
1.0,0.5229349225883253
1.0,0.1846982774468442
1.0,0.115351191605973
1.0,0.7211612535806883
1.0,0.912939822790068
1.0,0.2600723102758397
1.0,0.2749258549975483
1.0,0.9435638634272719
1.0,0.6947022583253141
1.0,0.10466245209856223
1.0,0.16221605499130015
1.0,0.5161614429716112
1.0,0.8673344129530204
1.0,0.46627006152406286
1.0,0.437731254844053
1.0,0.775844694041618
1.0,0.6076371120823915
1.0,0.19074105203821998
1.0,0.015155074119980362
1.0,0.6681457925781247
1.0,0.9701363003153394
1.0,0.3644489639494762
1.0,0.31728044812242057
1.0,0.9865024239062026
1.0,0.6530096269605172
1.0,0.06257030204428315
1.0,0.23717176945435342
1.0,0.5915169162916787
1.0,0.7912267949646113
1.0,0.3895782360140634
1.0,0.4810683170530726
1.0,0.8197662039397601
1.0,0.56299251778728
1.0,0.1456964587185622
1.0,0.08912640566386566
1.0,0.7425164026439602
1.0,0.8969787164117535
1.0,0.290707652859364
1.0,0.29760496229268485
1.0,0.8881288186749476
1.0,0.7513812733253393
1.0,0.08224384401805673
1.0,0.15453778172395222
1.0,0.5561018092084715
1.0,0.8266399581918564
1.0,0.47221026487803175
1.0,0.38269472120336184
1.0,0.8000906974706271
1.0,0.5826660804004509
1.0,0.24406809570184013
1.0,0.053711281693878885
1.0,0.659882428047721
1.0,0.97961073214156
1.0,0.3261208329733887
1.0,0.3732975107439146
1.0,0.963237399772119
1.0,0.6750267631140341
1.0,0.006288852496233779
1.0,0.19762920883700097
1.0,0.598793477464506
1.0,0.7847004346041635
1.0,0.43085494881192915
1.0,0.4574048080756797
1.0,0.8742163366538225
1.0,0.5092635256142249
1.0,0.17106553994016047
1.0,0.097787099231331
1.0,0.7035589670632229
1.0,0.9347211669638084
1.0,0.2818149949821634
1.0,0.25317354107423845
1.0,0.9217882457481227
1.0,0.7122949006153226
1.0,0.12223228597826612
1.0,0.17585451899257498
1.0,0.5298232107287254
1.0,0.8573598547571155
1.0,0.4563183117384626
1.0,0.41991737885458663
1.0,0.7579926389197991
1.0,0.6291763767654199
1.0,0.212241642243361
1.0,0.024847414826387765
1.0,0.6778763124168847
1.0,0.9562228050874386
1.0,0.35057414319946284
1.0,0.33509207254127443
1.0,1.0043527077924732
1.0,0.6314685910419403
1.0,0.04106746026852964
1.0,0.22747777759616353
1.0,0.5817842649660722
1.0,0.8051381587056656
1.0,0.40345140561229426
1.0,0.5028189798246
1.0,0.8415396901320628
1.0,0.545397744010425
1.0,0.12812497368707584
1.0,0.07548569009197831
1.0,0.7288528636512975
1.0,0.90695150337211
1.0,0.30065715107435176
1.0,0.3027929909573707
1.0,0.9085647387054966
1.0,0.7304392002211001
1.0,0.0775331483232212
1.0,0.12623314401656904
1.0,0.5430447926784779
1.0,0.8392213229247237
1.0,0.5010232171668932
1.0,0.40165612328965156
1.0,0.8028202718333906
1.0,0.5794317939691891
1.0,0.22558642826072073
1.0,0.04311443816470853
1.0,0.6330544472766789
1.0,1.0059654627907957
1.0,0.3372274320892294
1.0,0.3523717671555425
1.0,0.9585430335931506
1.0,0.6802311250472048
1.0,0.026741105795267547
1.0,0.21019616539425712
1.0,0.6275920215777563
1.0,0.7563813849685515
1.0,0.4177835203537067
1.0,0.45418493357264667
1.0,0.855749081140932
1.0,0.5282393358761258
1.0,0.17380952247853512
1.0,0.1241254966120819
1.0,0.7146492329105787
1.0,0.9241079939187709
1.0,0.2549706846952542
1.0,0.2794664267076753
1.0,0.9328337203507605
1.0,0.7017599021019512
1.0,0.09546542972042693
1.0,0.17268207757711204
1.0,0.5114026678008089
1.0,0.8762594118276064
1.0,0.4589867615880232
1.0,0.43243738265933673
1.0,0.7867439901130113
1.0,0.600933099986154
1.0,0.19924622680901657
1.0,0.00396670265026571
1.0,0.6732272178176985
1.0,0.9613494728240073
1.0,0.37094846213436256
1.0,0.32454074075941813
1.0,0.9775695182661491
1.0,0.65774514715951
1.0,0.05209660535530029
1.0,0.2463917465948832
1.0,0.5844671267438616
1.0,0.8019801254658139
1.0,0.38504527085998896
1.0,0.4745612948697228
1.0,0.8285298665221073
1.0,0.5579033358869462
1.0,0.15686191295205928
1.0,0.08062868734441414
1.0,0.7492435121020644
1.0,0.8860871244644728
1.0,0.29602438974365025
1.0,0.28912563930513746
1.0,0.8949355811960867
1.0,0.7403772004154934
1.0,0.08750980798503108
1.0,0.1480181882713493
1.0,0.5647916427904347
1.0,0.8216537105946908
1.0,0.4834169453694437
1.0,0.3919273446654985
1.0,0.7931147819546062
1.0,0.5933165216298975
1.0,0.23949397934220448
1.0,0.060953224030384556
1.0,0.6508699443969863
1.0,0.9844588083554717
1.0,0.31569795423312996
1.0,0.3620984743347321
1.0,0.9682469323620355
1.0,0.666344806276597
1.0,0.012831483268820292
1.0,0.19235566833491557
1.0,0.6097743329287194
1.0,0.7778858478751459
1.0,0.4393112870161406
1.0,0.46785057403121444
1.0,0.8693760471216123
1.0,0.518299144153003
1.0,0.16383115162305972
1.0,0.10233838091233817
1.0,0.6929007916887223
1.0,0.9416740151389041
1.0,0.2725748850477402
1.0,0.2618680128916634
1.0,0.915258129955524
1.0,0.7235141448707524
1.0,0.11724296123459678
1.0,0.1826508792574843
1.0,0.5213486460604058
1.0,0.8626228616613522
1.0,0.44532692267640034
1.0,0.4109000468217997
1.0,0.765245313742891
1.0,0.618741204449617
1.0,0.217092525415303
1.0,0.017882111713187092
1.0,0.6871039674132031
1.0,0.9516513756020673
1.0,0.3612121707695991
1.0,0.34607600515199166
1.0,0.99906660352637
1.0,0.6399354515861475
1.0,0.034248235304050384
1.0,0.2324746263382963
1.0,0.5705881856196273
1.0,0.8116760311590244
1.0,0.39477985103108687
1.0,0.49215799749206923
1.0,0.8461032653886142
1.0,0.5361469015894155
1.0,0.13508267024422393
1.0,0.0706578142190784
1.0,0.739295942732568
1.0,0.8997220835208275
1.0,0.3096821572103096
1.0,0.31321205047097794
1.0,0.9032516165301978
1.0,0.7350133043847282
1.0,0.06637553612253658
1.0,0.13967236090541713
1.0,0.5407369525019067
1.0,0.8427581829201289
1.0,0.4888125547722859
1.0,0.399289445820358
1.0,0.8161857460320615
1.0,0.5672934182490961
1.0,0.229179738883999
1.0,0.03785053907561674
1.0,0.6435376352739479
1.0,0.9947413354416001
1.0,0.3417508571509878
1.0,0.3576866024008156
1.0,0.9481261674845818
1.0,0.6913832415392861
1.0,0.02216102558797206
1.0,0.21250619522324896
1.0,0.614154514006265
1.0,0.7685860750721092
1.0,0.41424116840231584
1.0,0.4408139636653724
1.0,0.8581097825665581
1.0,0.5246477383228219
1.0,0.18595009160366646
1.0,0.11363633632376327
1.0,0.7199076400436848
1.0,0.919586758509433
1.0,0.26619652136180644
1.0,0.2692915856768619
1.0,0.9383905956842599
1.0,0.6974295398386705
1.0,0.1068672491460523
1.0,0.1594867301776129
1.0,0.5139548427913222
1.0,0.8729668828935256
1.0,0.4714412897193618
1.0,0.4350479221127438
1.0,0.7736228432230472
1.0,0.6133158142728068
1.0,0.1958967894277049
1.0,0.009474812716915946
1.0,0.6629877754733946
1.0,0.9728173495787857
1.0,0.36666925180278026
1.0,0.31897789313486913
1.0,0.9877388673409768
1.0,0.6463455173863053
1.0,0.05642867693593758
1.0,0.2438340758957665
1.0,0.5976564980996935
1.0,0.7895273104044497
1.0,0.388339993199108
1.0,0.48768463141210766
1.0,0.8259210363860569
1.0,0.5612468009772082
1.0,0.1444737067094208
1.0,0.09086984275869227
1.0,0.7437375954404525
1.0,0.8903608390874517
1.0,0.28455053694520444
1.0,0.2914345170804992
1.0,0.8814973718850877
1.0,0.7525888966562736
1.0,0.08397395181485733
1.0,0.15333220169334882
1.0,0.5543735045444698
1.0,0.8328122027842232
1.0,0.4788437512156048
1.0,0.3814431490903804
1.0,0.7983776434449074
1.0,0.5887920927429076
1.0,0.2507170728452272
1.0,0.04758682856407133
1.0,0.6532357306195791
1.0,0.9808645877224043
1.0,0.32783544996437525
1.0,0.3755349705757567
1.0,0.9659358611816354
1.0,0.6698861581553741
1.0,0.0006257630717073758
1.0,0.20277161692845988
1.0,0.6044586101893632
1.0,0.7824650143200346
1.0,0.4281582867825939
1.0,0.4625932082495166
1.0,0.8798662187403977
1.0,0.5070743375800061
1.0,0.16835338710501122
1.0,0.09997856698079506
1.0,0.7062726791110212
1.0,0.9295343297552382
1.0,0.276167396363451
1.0,0.2593149241387432
1.0,0.9284525936135578
1.0,0.7110586992243891
1.0,0.1205346026745944
1.0,0.17709300385137125
1.0,0.531522456997664
1.0,0.85122003090526
1.0,0.4496562435882727
1.0,0.4211403729075689
1.0,0.7597381174386476
1.0,0.6230213022752823
1.0,0.2056255661755491
1.0,0.031004288696706503
1.0,0.6844944280324098
1.0,0.9550018543347871
1.0,0.34883046781341304
1.0,0.3328875137850075
1.0,1.001625184235276
1.0,0.6366416204937293
1.0,0.04670197163305687
1.0,0.22230631110964144
1.0,0.5761520370694078
1.0,0.8073449971771777
1.0,0.40618048838214066
1.0,0.4976630041438919
1.0,0.8358612299854884
1.0,0.5476198331202191
1.0,0.13080806437454423
1.0,0.0732656405298974
1.0,0.7261715723440103
1.0,0.9121092821856168
1.0,0.306337654521257
1.0,0.30622908660078546
1.0,0.912031568287772
1.0,0.726001651000657
1.0,0.07312631803116791
1.0,0.1306688094229331
1.0,0.5474497241459813
1.0,0.8357833284567591
1.0,0.4975545037705387
1.0,0.40607210996886234
1.0,0.8072669774409913
1.0,0.5759818061350952
1.0,0.2221671743654875
1.0,0.04656252717425254
1.0,0.6364718173578331
1.0,1.001547592297506
1.0,0.33277882765707884
1.0,0.3489371500434966
1.0,0.9550776675317734
1.0,0.6846624824484636
1.0,0.031141699236724205
1.0,0.20576292417891917
1.0,0.6231895293117498
1.0,0.7598141032560475
1.0,0.42124700260100484
1.0,0.4497627550742515
1.0,0.8512961386827347
1.0,0.5316908022415886
1.0,0.1772302398946665
1.0,0.12067213142206926
1.0,0.7112266316803681
1.0,0.9285282886030869
1.0,0.2594217283289016
1.0,0.27599721046055065
1.0,0.9293952680634381
1.0,0.7061643457291552
1.0,0.09990062229696237
1.0,0.16827575013582888
1.0,0.5069655763997236
1.0,0.8797267292501811
1.0,0.4624233300612666
1.0,0.4279882903868868
1.0,0.7823256467898928
1.0,0.6043499672165379
1.0,0.20269385799920273
1.0,0.0005479365953318388
1.0,0.6697777028134332
1.0,0.9657966812823781
1.0,0.3753649066329312
1.0,0.32800372015594614
1.0,0.9810017787342873
1.0,0.6533421670532041
1.0,0.04766289131013374
1.0,0.25079284288710996
1.0,0.5888989419644782
1.0,0.798515247244736
1.0,0.3816111265777717
1.0,0.4790118506630709
1.0,0.8329496883765947
1.0,0.5544802318059656
1.0,0.15340808994268876
1.0,0.08404989260084489
1.0,0.7526954512973558
1.0,0.8816346848570455
1.0,0.29160266906461296
1.0,0.2847207228481048
1.0,0.8904999007792519
1.0,0.7438459288223186
1.0,0.09094778744252496
1.0,0.14455134367860314
1.0,0.5613555621574907
1.0,0.8260605258762734
1.0,0.48785450960035764
1.0,0.38850998959481514
1.0,0.7896666779345913
1.0,0.5977651410725188
1.0,0.24391183482502365
1.0,0.05650650341231312
1.0,0.6464539727282462
1.0,0.9878780472402342
1.0,0.3191479570776946
1.0,0.36650098161120936
1.0,0.9726801585669027
1.0,0.6628813390397696
1.0,0.009398749970853536
1.0,0.1958210193858221
1.0,0.6132089650512361
1.0,0.7734852394232186
1.0,0.4348799446253525
1.0,0.4712731902718957
1.0,0.8728293973011542
1.0,0.5138481155298263
1.0,0.15941084192827293
1.0,0.10679130836006474
1.0,0.6973229851975883
1.0,0.938253282712302
1.0,0.26912343369274816
1.0,0.266305089282278
1.0,0.919664472407278
1.0,0.7200775613870382
1.0,0.11377565882249276
1.0,0.18608934655527756
1.0,0.5248178472970597
1.0,0.8581876840952875
1.0,0.4409224640387256
1.0,0.4143495468155942
1.0,0.7686640948082956
1.0,0.6143247449405775
1.0,0.21264533196740293
1.0,0.02230047004677639
1.0,0.6915530446751823
1.0,0.9482037594223518
1.0,0.35779528852874437
1.0,0.3416441749209042
1.0,0.9946655222446139
1.0,0.6433695808578941
1.0,0.037713128535599036
1.0,0.22904238088062892
1.0,0.5671251912126286
1.0,0.8161097602146618
1.0,0.399182816126922
1.0,0.48870604328630707
1.0,0.8426820751426543
1.0,0.5405686072579821
1.0,0.13953512486212188
1.0,0.06623800737506172
1.0,0.7348453719287492
1.0,0.9031759215406687
1.0,0.3131052462808195
1.0,0.30976010377045116
1.0,0.8998304187790024
1.0,0.7394350025480594
1.0,0.0708279982456699
1.0,0.13525254655616506
1.0,0.5362863892033233
1.0,0.8462120284452055
1.0,0.4922356363375604
1.0,0.3948576080840352
1.0,0.8117846722555409
1.0,0.570727555026078
1.0,0.23264462461031227
1.0,0.03441830112318473
1.0,0.6400746333617138
1.0,0.999175056992002
1.0,0.34615382975205833
1.0,0.3611361098998455
1.0,0.951544941044751
1.0,0.6869667745250113
1.0,0.017713839645307372
1.0,0.21692454605160288
1.0,0.6186035987734795
1.0,0.7651384663976292
1.0,0.4108242786562257
1.0,0.44525103255075155
1.0,0.8625161325235474
1.0,0.5212111623443432
1.0,0.18248278168632706
1.0,0.1170748111267919
1.0,0.7233768337751033
1.0,0.915151573438133
1.0,0.261792070229367
1.0,0.2727142094227785
1.0,0.9418439383585664
1.0,0.6929785037102584
1.0,0.10244694695650088
1.0,0.16393965012010406
1.0,0.5183770438054235
1.0,0.869546157972159
1.0,0.46798983085913437
1.0,0.4394504218839857
1.0,0.7780560769331497
1.0,0.6098523545412148
1.0,0.19246404862450275
1.0,0.01294017127305785
1.0,0.6664224000906759
1.0,0.968416733621623
1.0,0.36223791691722756
1.0,0.31556054556942115
1.0,0.9842907558157268
1.0,0.6507941293236913
1.0,0.06084653992399213
1.0,0.23938734777245968
1.0,0.5932405339361887
1.0,0.7929465567944475
1.0,0.3917899885384373
1.0,0.4832797074498396
1.0,0.8214853634744573
1.0,0.5647155368892689
1.0,0.1479116786616793
1.0,0.08740300567118149
1.0,0.7403015073022732
1.0,0.8947676468637988
1.0,0.2889881086813538
1.0,0.2958850653686119
1.0,0.8859172012448105
1.0,0.7491658000805284
1.0,0.08052012130025143
1.0,0.15675341445501495
1.0,0.5578254362345257
1.0,0.8283597556715606
1.0,0.4744220380418029
1.0,0.38490613599214385
1.0,0.8018098964078101
1.0,0.5843891051313663
1.0,0.24628336630529601
1.0,0.051987917351062736
1.0,0.6576675533454311
1.0,0.9773997170065617
1.0,0.32440129817692265
1.0,0.37108587079807137
1.0,0.9615175253637522
1.0,0.6733030328909935
1.0,0.0040733867566581415
1.0,0.19935285837876138
1.0,0.6010090876798626
1.0,0.78691221527317
1.0,0.43257473878639796
1.0,0.4591239995076273
1.0,0.8764277589478399
1.0,0.5114787737019747
1.0,0.17278858718678203
1.0,0.09557223203427652
1.0,0.7018355952151714
1.0,0.9330016546830484
1.0,0.27960395733145904
1.0,0.25489273813511265
1.0,0.9239996586605959
1.0,0.7145101730950874
1.0,0.12395531258549039
1.0,0.17363964616659397
1.0,0.5280998482622181
1.0,0.8556403180843407
1.0,0.4541072947271555
1.0,0.41770576330075837
1.0,0.756272743872035
1.0,0.6274526521713057
1.0,0.21002616712224115
1.0,0.026571039976133196
1.0,0.6800919432716387
1.0,0.9584345801275186
1.0,0.35229394255547586
1.0,0.33730349295898293
1.0,1.006071897348112
1.0,0.6331916401648707
1.0,0.04328271023258825
1.0,0.22575440762442084
1.0,0.5795693996453265
1.0,0.8029271191786524
1.0,0.4017318914552255
1.0,0.501099107292542
1.0,0.8393280520625284
1.0,0.5431822763945405
1.0,0.1264012415877263
1.0,0.07770129843102608
1.0,0.730576511316749
1.0,0.9086712952228876
1.0,0.3028689336196671
1.0,0.3005813678983071
1.0,0.9068448511629679
1.0,0.7287154831322213
1.0,0.07531766569686596
1.0,0.12795677667154987
1.0,0.5452604160279964
1.0,0.8414330904595684
1.0,0.5027430240281416
1.0,0.4033753278557611
1.0,0.8050316772406283
1.0,0.5816470589437184
1.0,0.2273094623731804
1.0,0.04089955783349214
1.0,0.631331092315407
1.0,1.0042459336232563
1.0,0.3350164075726869
1.0,0.35065188711824924
1.0,0.9563314030288517
1.0,0.6780156649365557
1.0,0.025017366190682646
1.0,0.21241178123854024
1.0,0.6293156617379725
1.0,0.7581011693140937
1.0,0.4199953104042574
1.0,0.4563963614955906
1.0,0.8574682631913354
1.0,0.5299623774938208
1.0,0.17602477994782909
1.0,0.12240211913510385
1.0,0.7124343750950685
1.0,0.921896961896993
1.0,0.25325116303295003
1.0,0.2816778339912219
1.0,0.9345529267931789
1.0,0.7034829343381019
1.0,0.09768069281864744
1.0,0.17095872073953128
1.0,0.5091877855932837
1.0,0.8740483891873727
1.0,0.45726723429679256
1.0,0.4307174932404992
1.0,0.7845323651776388
1.0,0.5987176192361076
1.0,0.19752251159644665
1.0,0.006182327876093067
1.0,0.6749508523489881
1.0,0.9630692778089468
1.0,0.3731602277928983
1.0,0.32625992468613035
1.0,0.9797809480654018
1.0,0.6599604027524952
1.0,0.05381964509668648
1.0,0.24417688690306408
1.0,0.5827437473905747
1.0,0.8002606056798186
1.0,0.38283424071451994
1.0,0.47234966242911497
1.0,0.8268099846085051
1.0,0.5561795981586701
1.0,0.15464645471771904
1.0,0.08235232938093917
1.0,0.7514591298226564
1.0,0.8882989126387146
1.0,0.2977441722128837
1.0,0.29084481385030553
1.0,0.897146956582383
1.0,0.7425924353690811
1.0,0.08923281207654922
1.0,0.1458032779191914
1.0,0.5630682578082213
1.0,0.8199341514062098
1.0,0.48120589083195975
1.0,0.38971569158549335
1.0,0.7913948643911359
1.0,0.5915927745200771
1.0,0.23727846669490776
1.0,0.06267682666442387
1.0,0.6530855377255633
1.0,0.9866705458693749
1.0,0.31741773107343685
1.0,0.36430987223673444
1.0,0.9699660843914975
1.0,0.6680678178733506
1.0,0.015046710717172772
1.0,0.19063226083699603
1.0,0.6075594450922677
1.0,0.7756747858324265
1.0,0.4375917353328949
1.0,0.46613066397297964
1.0,0.8671643865363718
1.0,0.5160836540214124
1.0,0.16210738199753333
1.0,0.1045539667356798
1.0,0.694624401827997
1.0,0.943393769463505
1.0,0.2747866450773494
1.0,0.2601480934518844
1.0,0.9130464749992101
1.0,0.7212986340997645
1.0,0.11551921600108535
1.0,0.18486647446237017
1.0,0.5230722505707539
1.0,0.8643426366253502
1.0,0.44753865831399464
1.0,0.41311142408440477
1.0,0.7669644901643679
1.0,0.6204642066648263
1.0,0.219307758492582
1.0,0.01615872485466482
1.0,0.6848890551847364
1.0,0.9494403229408921
1.0,0.3594926134574269
1.0,0.3438643426904423
1.0,0.9973466915918263
1.0,0.6382116838369299
1.0,0.03203274704876862
1.0,0.23419823835387982
1.0,0.5728037733192778
1.0,0.8138877893123247
1.0,0.3964996034793788
1.0,0.49387715139784
1.0,0.8483146651669254
1.0,0.5383621271614591
1.0,0.1368056799646686
1.0,0.0684429245063178
1.0,0.7375725333583397
1.0,0.8980025337138907
1.0,0.30747109704389913
1.0,0.3109963051613846
1.0,0.9015281020826741
1.0,0.7332936194835546
1.0,0.06416365038023482
1.0,0.14139237040802063
1.0,0.5429484573535132
1.0,0.8449735435864093
1.0,0.4905363900686218
1.0,0.4010126825741728
1.0,0.8184007483233527
1.0,0.5695045609730957
1.0,0.23089914609146367
1.0,0.035639251875836137
1.0,0.6418183087477635
1.0,0.9930181831216833
1.0,0.3395357141365333
1.0,0.35596308044805663
1.0,0.9459104296802238
1.0,0.6891713332812782
1.0,0.020441363202504635
1.0,0.21471770758009082
1.0,0.6158745160036331
1.0,0.7703099328841512
1.0,0.4164565065528901
1.0,0.4430289434409575
1.0,0.8598330418360791
1.0,0.5263671380250512
1.0,0.18816124183290145
1.0,0.111917032313285
1.0,0.7176963303281981
1.0,0.9173716230002139
1.0,0.26447336153665424
1.0,0.2715065860918443
1.0,0.9401138305617658
1.0,0.6991489489224441
1.0,0.10907839374636079
1.0,0.15776740552773733
1.0,0.5117435574678505
1.0,0.8707517380027623
1.0,0.4697181355231361
1.0,0.43332440954152895
1.0,0.7714070997897626
1.0,0.6111039266541961
1.0,0.1941771026502225
1.0,0.01168631569221358
1.0,0.6647077830996894
1.0,0.9745411867514305
1.0,0.36888461434536945
1.0,0.3207011505280812
1.0,0.9899538452402531
1.0,0.6485566694918492
1.0,0.058148078514475725
1.0,0.2416227680565886
1.0,0.595937195965524
1.0,0.7878041487029886
1.0,0.38612485581358
1.0,0.4854688954840585
1.0,0.8241975163096066
1.0,0.559527136715432
1.0,0.1422617965751041
1.0,0.09258984287975157
1.0,0.7459491059209855
1.0,0.8925761791143347
1.0,0.28627439663355536
1.0,0.29315778385525554
1.0,0.8837124041973204
1.0,0.7548000694012147
1.0,0.0856933890432635
1.0,0.15112094451450972
1.0,0.5526542080392268
1.0,0.8310890804852479
1.0,0.4766286382220918
1.0,0.3792274338017286
1.0,0.7966541590183251
1.0,0.5870724378626755
1.0,0.24850521712386692
1.0,0.04930686808761635
1.0,0.6554472654921271
1.0,0.9830799784096261
1.0,0.32955931528165266
1.0,0.3777499803722833
1.0,0.9676591504720978
1.0,0.6716055878785449
1.0,0.0028369433218838848
1.0,0.2010523429389231
1.0,0.602247330494818
1.0,0.7802499088317569
1.0,0.42643515697838325
1.0,0.4608697163176991
1.0,0.8776505109569812
1.0,0.5048624593429397
1.0,0.16663375474048528
1.0,0.10219010935857842
1.0,0.7079927111293309
1.0,0.9312582175882218
1.0,0.2783827645349668
1.0,0.25759144158846986
1.0,0.9262368802012148
1.0,0.7088468416267201
1.0,0.1188149459180535
1.0,0.17930453684761039
1.0,0.5332424946449001
1.0,0.8529438980988463
1.0,0.4518716361518034
1.0,0.42335540334349275
1.0,0.761461382337095
1.0,0.6247407413799974
1.0,0.2078367407967991
1.0,0.029284994067772453
1.0,0.6822831727298796
1.0,0.9527867394649653
1.0,0.3471073436381289
1.0,0.3306718078778999
1.0,0.9999016941797673
1.0,0.6349219862528945
1.0,0.04449009151968164
1.0,0.22402634125164225
1.0,0.5783635775708823
1.0,0.8095603672250024
1.0,0.4079043780914331
1.0,0.4993862915580454
1.0,0.8380762379057062
1.0,0.5498310152467044
1.0,0.13252749597402388
1.0,0.071054362711661
1.0,0.7244523002307823
1.0,0.9103861505050973
1.0,0.30412254715667053
1.0,0.3037245079367116
1.0,0.909865280602991
1.0,0.7259565060717219
1.0,0.07243549770292114
1.0,0.13292934785355334
1.0,0.5503556978083812
1.0,0.8365681593633132
1.0,0.4980012838653318
1.0,0.4084862205257259
1.0,0.8100193789771478
1.0,0.5769204493354246
1.0,0.22246014216650523
1.0,0.043904376383935295
1.0,0.6344591017992954
1.0,1.0013486350747953
1.0,0.3322418196226074
1.0,0.3475087020484325
1.0,0.9533109585783577
1.0,0.680774596965643
1.0,0.027899519174156718
1.0,0.207439195046066
1.0,0.6242203349261755
1.0,0.7629660853998781
1.0,0.42473700553565497
1.0,0.4512854237942135
1.0,0.8524805464443451
1.0,0.5346889420707024
1.0,0.1808740851440335
1.0,0.11939728557418994
1.0,0.7093063205797677
1.0,0.924794245434983
1.0,0.2560257059516173
1.0,0.2787802952752291
1.0,0.9317785790106314
1.0,0.7064879930560771
1.0,0.10080846213500393
1.0,0.16623235129876945
1.0,0.5043382252190766
1.0,0.8791590416898055
1.0,0.46225517620084405
1.0,0.425852802311776
1.0,0.779790384847297
1.0,0.603689950250579
1.0,0.20261803354436347
1.0,0.0034231106480615775
1.0,0.6720689245225753
1.0,0.9662126580148833
1.0,0.37618041706538946
1.0,0.32915744839165245
1.0,0.982555250816537
1.0,0.6569553290240493
1.0,0.05069183074891774
1.0,0.24890321131241364
1.0,0.587593292754311
1.0,0.7951499081459735
1.0,0.3778462837999977
1.0,0.4772143383473674
1.0,0.8315519199074346
1.0,0.5512072521337279
1.0,0.14955088773838995
1.0,0.08511150157755841
1.0,0.7543410426385985
1.0,0.8851554874013658
1.0,0.2947239679299218
1.0,0.285872542877717
1.0,0.8920514946763491
1.0,0.7474571863396874
1.0,0.09397485244877406
1.0,0.14265983767137191
1.0,0.5600480084938472
1.0,0.8226933085923583
1.0,0.48408775861648956
1.0,0.3867105728256352
1.0,0.7882670350328965
1.0,0.5944902531941869
1.0,0.24005275443557225
1.0,0.05756623420387404
1.0,0.6480976558633949
1.0,0.9913969753520196
1.0,0.322267351489527
1.0,0.3692821582197937
1.0,0.9750615913289435
1.0,0.6632030819132151
1.0,0.010304715376360194
1.0,0.19377574611622778
1.0,0.6105797094171126
1.0,0.7729156736776903
1.0,0.43470988255883586
1.0,0.46913579774330855
1.0,0.8702922609260235
1.0,0.5131861903577734
1.0,0.15933313928828108
1.0,0.10966460422764188
1.0,0.6996122987006362
1.0,0.9386673850122724
1.0,0.26993703967173005
1.0,0.2648747631020612
1.0,0.9178958552477682
1.0,0.7161878014716826
1.0,0.11053157430644886
1.0,0.187763712968948
1.0,0.5258467784789504
1.0,0.861337758033024
1.0,0.44441058878822315
1.0,0.4158703411030213
1.0,0.7698465981164296
1.0,0.6173210065845388
1.0,0.21628726901067583
1.0,0.02102371599280298
1.0,0.6896308553894293
1.0,0.9444678118007716
1.0,0.3543973917189251
1.0,0.3391377180716777
1.0,0.992497326353739
1.0,0.6433225614964241
1.0,0.037020403753875865
1.0,0.23130101485777274
1.0,0.5700292904424936
1.0,0.8168926829151216
1.0,0.39962771803656255
1.0,0.49111827941063574
1.0,0.8454325722253344
1.0,0.5415053722731589
1.0,0.13982618445704553
1.0,0.06357794837865038
1.0,0.732830778185059
1.0,0.9029750598644819
1.0,0.3125663638138132
1.0,0.3079915016214122
1.0,0.8984000775883149
1.0,0.7361909330424863
1.0,0.06693822331984357
1.0,0.13628146272758507
1.0,0.5379607706274644
1.0,0.8497001381842323
1.0,0.49538572528576774
1.0,0.39604012640264
1.0,0.8133054515324972
1.0,0.5743695070798216
1.0,0.23564087124380276
1.0,0.032496096826960884
1.0,0.6387978943182111
1.0,0.9957771451717121
1.0,0.34241789714094883
1.0,0.35896792901944125
1.0,0.9490384691850537
1.0,0.686274064753759
1.0,0.017666805273366636
1.0,0.21982863027099714
1.0,0.6208622477610941
1.0,0.7655833532967988
1.0,0.41160721636715647
1.0,0.44800154464390246
1.0,0.8649283536374054
1.0,0.5215022369497375
1.0,0.18341953169103314
1.0,0.115060202372631
1.0,0.7207167897891628
1.0,0.9146126759606559
1.0,0.26159122356365094
1.0,0.274265788309405
1.0,0.9429957733986494
1.0,0.6960055537060368
1.0,0.10605821948434037
1.0,0.16263211146693124
1.0,0.5164855227877215
1.0,0.8657794219987616
1.0,0.4646225985647486
1.0,0.43805076397182
1.0,0.7762566751744405
1.0,0.6059932591412925
1.0,0.18918917575664176
1.0,0.014583869418677163
1.0,0.6674821158717661
1.0,0.9715361430439261
1.0,0.36575683001854226
1.0,0.31794196332099117
1.0,0.9870719474347818
1.0,0.6517000797187272
1.0,0.06116829780790839
1.0,0.23675810714880696
1.0,0.5911952456561237
1.0,0.7927765097384016
1.0,0.39122040778243833
1.0,0.4807425560642382
1.0,0.819347985956341
1.0,0.5646378192388063
1.0,0.14724976850009708
1.0,0.08969233418470024
1.0,0.7431747881593795
1.0,0.8955812678532514
1.0,0.2894021959708533
1.0,0.2982683913262761
1.0,0.8887002710490182
1.0,0.7500736549290407
1.0,0.08084375361670261
1.0,0.15412604826389714
1.0,0.5557820524079371
1.0,0.8281915868006673
1.0,0.473854365491898
1.0,0.3823708890600188
1.0,0.7996743933222286
1.0,0.5843132956869977
1.0,0.24562333432886635
1.0,0.05427912404973408
1.0,0.6605427424086316
1.0,0.9782152124285493
1.0,0.3248172899198986
1.0,0.372639357890792
1.0,0.9626712385889878
1.0,0.6763319873402482
1.0,0.0076865337170325355
1.0,0.19804719415812344
1.0,0.599119471115637
1.0,0.7831473574849253
1.0,0.42920941469810625
1.0,0.4577262460489381
1.0,0.8746302316216655
1.0,0.5076215865081467
1.0,0.1695155925040736
1.0,0.09721780836504842
1.0,0.7028972192023556
1.0,0.9361229385378864
1.0,0.2831247748862501
1.0,0.25272643543986095
1.0,0.9214950950069927
1.0,0.7138193377563699
1.0,0.12391018266702607
1.0,0.17654563483946464
1.0,0.5303603716823676
1.0,0.8560871131896045
1.0,0.45489211062323887
1.0,0.4204581498264442
1.0,0.7586868694393694
1.0,0.6277456049618527
1.0,0.2109648253330413
1.0,0.024558339428066383
1.0,0.6774337774708507
1.0,0.9578975871035179
1.0,0.35209497032229464
1.0,0.33553676899509655
1.0,1.0046434643635185
1.0,0.6299494450918325
1.0,0.039394839760238325
1.0,0.22678522824931724
1.0,0.5812456555020026
1.0,0.8064171371237733
1.0,0.40488385858858544
1.0,0.5022835000436818
1.0,0.8408507357929611
1.0,0.5468261066334368
1.0,0.12939939642731088
1.0,0.07578100234089633
1.0,0.729301650458399
1.0,0.905275287856074
1.0,0.2991348754410925
1.0,0.3014872863960926
1.0,0.9071665771496338
1.0,0.7310968727391588
1.0,0.0780988291712884
1.0,0.1277867014708713
1.0,0.5446908071273648
1.0,0.8388038179386652
1.0,0.5006977038508262
1.0,0.40329758206066585
1.0,0.8043697389344134
1.0,0.5791098756608667
1.0,0.22517205295781365
1.0,0.041713146925694396
1.0,0.6317451477076562
1.0,1.0065352339921423
1.0,0.33788966028516065
1.0,0.35367890521677725
1.0,0.9599426436594408
1.0,0.6795672156785496
1.0,0.026169173086132973
1.0,0.20864501712051026
1.0,0.625948401298954
1.0,0.7567935987636705
1.0,0.41810375748930506
1.0,0.4525372379510358
1.0,0.8541933621788418
1.0,0.5285626876844048
1.0,0.1742253462918696
1.0,0.12552149666015666
1.0,0.7159532562991328
1.0,0.9235406318979796
1.0,0.2543108506694075
1.0,0.2809850923227192
1.0,0.9345058605239879
1.0,0.701314725313065
1.0,0.09517419281431755
1.0,0.17140357949406837
1.0,0.5099706951595817
1.0,0.8769524415095167
1.0,0.4595258513871568
1.0,0.43100853970126096
1.0,0.7854690870377122
1.0,0.6014680994320081
1.0,0.19993470081305423
1.0,0.005643398501365656
1.0,0.6747499737860216
1.0,0.9610546409101532
1.0,0.370500155662325
1.0,0.3230158232833069
1.0,0.9758911412423251
1.0,0.6581917724588235
1.0,0.05238927576136631
1.0,0.24766496849745823
1.0,0.5858938081941494
1.0,0.8012894899539882
1.0,0.38450859024141076
1.0,0.47599158633822597
1.0,0.8298062030973629
1.0,0.5573620845800247
1.0,0.15616720209742502
1.0,0.07895438566339882
1.0,0.7477231653142966
1.0,0.8863766801978581
1.0,0.2964674050247484
1.0,0.2876026506745176
1.0,0.8932591180072834
1.0,0.7408257395498274
1.0,0.08780440723658846
1.0,0.14929332400894496
1.0,0.5662202530862138
1.0,0.8209650039283566
1.0,0.48288217858588617
1.0,0.3933595499690223
1.0,0.7943930473753532
1.0,0.5927771991684673
1.0,0.23880118232259084
1.0,0.059280851194860616
1.0,0.6493515114442391
1.0,0.9847502779238777
1.0,0.3161428983597195
1.0,0.3636190687952673
1.0,0.9699209863702835
1.0,0.6659015433227315
1.0,0.012542175208202284
1.0,0.19107908408689253
1.0,0.6083442891329837
1.0,0.7785808064025476
1.0,0.43985229065029474
1.0,0.4664236449081593
1.0,0.8681030728918047
1.0,0.5188360724443486
1.0,0.164521539462118
1.0,0.10401700560892949
1.0,0.6944254614920662
1.0,0.9413810970600708
1.0,0.2721285074211941
1.0,0.2631770797983895
1.0,0.9166596538568348
1.0,0.7228521493371177
1.0,0.11667295737095358
1.0,0.18110164481875807
1.0,0.5197069546270948
1.0,0.8630370043019626
1.0,0.4456490736470194
1.0,0.4092542650352094
1.0,0.7636915236262921
1.0,0.6190664851033874
1.0,0.2175102630636581
1.0,0.019280040606753226
1.0,0.6884099046367779
1.0,0.9510859274162966
1.0,0.36055426558924386
1.0,0.34477222943620495
1.0,0.9976703558055279
1.0,0.6405950379392268
1.0,0.03481584499760895
1.0,0.23403009762761917
1.0,0.5722361289140057
1.0,0.8112604550184573
1.0,0.3944562515500405
1.0,0.49380137009810415
1.0,0.8476546613351285
1.0,0.5358269121265845
1.0,0.13467020877633748
1.0,0.06925845182555564
1.0,0.737988556998566
1.0,0.9002937685571947
1.0,0.31034631425173226
1.0,0.31460949902948004
1.0,0.9045570734187085
1.0,0.7344473758638936
1.0,0.06571715060711733
1.0,0.13802705945389082
1.0,0.5391836427203718
1.0,0.8430839439089632
1.0,0.489230772755705
1.0,0.3977397310465678
1.0,0.8145435742636866
1.0,0.5677070805546425
1.0,0.22950140951955403
1.0,0.039160086317406806
1.0,0.6449396395103226
1.0,0.9940798202430295
1.0,0.3411813336224086
1.0,0.3562867596722289
1.0,0.9468183014155157
1.0,0.6919544462405893
1.0,0.022824702294330697
1.0,0.21415004816434788
1.0,0.6157063902878431
1.0,0.7682665659443421
1.0,0.4138291872694934
1.0,0.44236895461963127
1.0,0.8597572455258725
1.0,0.5242316818471908
1.0,0.18562601178755606
1.0,0.11233304094304057
1.0,0.7185118726579067
1.0,0.9202468251975763
1.0,0.266764611390429
1.0,0.26761873250627394
1.0,0.9368716823964487
1.0,0.6977205290720125
1.0,0.1073117129375778
1.0,0.16091941581620064
1.0,0.5152335885471333
1.0,0.8724280407671595
1.0,0.4707489730348121
1.0,0.4363225775152754
1.0,0.7750509731837623
1.0,0.6126266272714085
1.0,0.19536154230908334
1.0,0.007952304421360105
1.0,0.6613117926196553
1.0,0.9732663690481839
1.0,0.36696433138940165
1.0,0.32065603749639643
1.0,0.9892630568092567
1.0,0.646052118972408
1.0,0.05598181897432747
1.0,0.24240762710777536
1.0,0.5963840042049497
1.0,0.7900647190308592
1.0,0.3890308613732303
1.0,0.48640756682902064
1.0,0.824490512255257
1.0,0.561941279169546
1.0,0.145014230008511
1.0,0.09239091755429148
1.0,0.7454121297837645
1.0,0.8899180564686502
1.0,0.28426170921965044
1.0,0.2931107325965352
1.0,0.8830196475183469
1.0,0.7522935844073556
1.0,0.08352516500775584
1.0,0.15190383907033705
1.0,0.5530990818042347
1.0,0.8333476825651414
1.0,0.47953270555470645
1.0,0.38016417067227276
1.0,0.7969451904686162
1.0,0.5894846420897538
1.0,0.25125568230929674
1.0,0.04910597451417917
1.0,0.6549083511278704
1.0,0.9804198912685822
1.0,0.32754469339332987
1.0,0.3738601885596774
1.0,0.9644150340588036
1.0,0.6701752335536955
1.0,0.0010682980177414872
1.0,0.20420238873202703
1.0,0.6057354270996829
1.0,0.781924243348177
1.0,0.42746405626302364
1.0,0.4638659498170276
1.0,0.8812924198556215
1.0,0.5063832217331163
1.0,0.16781622615136904
1.0,0.09845412983974784
1.0,0.7045947824222613
1.0,0.9299814353896158
1.0,0.276460547104581
1.0,0.257913152564665
1.0,0.9271428137094712
1.0,0.7116279900906718
1.0,0.12119635053546166
1.0,0.17873494295744954
1.0,0.5330724044337508
1.0,0.8508985929320015
1.0,0.4492423486204296
1.0,0.4226934500268071
1.0,0.7613836515524706
1.0,0.6226033169541598
1.0,0.20529957252441808
1.0,0.029699064470492434
1.0,0.683096746811611
1.0,0.9556600071879098
1.0,0.3493966289965443
1.0,0.3342830334980183
1.0,1.002928727288766
1.0,0.636073778137874
1.0,0.046041657272146236
1.0,0.2206590958230945
1.0,0.5745967984423815
1.0,0.8076688293205208
1.0,0.40659679253053915
1.0,0.49611137553508106
1.0,0.8342171293716221
1.0,0.5480315665802742
1.0,0.13112782117507862
1.0,0.07457325892619608
1.0,0.7275716627453644
1.0,0.9114458531520256
1.0,0.3057662021471864
1.0,0.3054089763971968
1.0,0.9110653161409611
1.0,0.7272141949515339
1.0,0.07419296020635478
1.0,0.13173101225139566
1.0,0.548658068917666
1.0,0.8348205549865446
1.0,0.4967376320760143
1.0,0.4072307363088053
1.0,0.808264571450728
1.0,0.5752309842644885
1.0,0.22125459966207872
1.0,0.04565367131497208
1.0,0.6357239938287587
1.0,1.0025405067929862
1.0,0.33393349498536146
1.0,0.34974621254061333
1.0,0.9560482426941602
1.0,0.6834465761521387
1.0,0.03008706543813734
1.0,0.20470408369590462
1.0,0.6219691761634651
1.0,0.7607879244327339
1.0,0.4220595512799532
1.0,0.4486161371109086
1.0,0.8502951823275499
1.0,0.5324459471277713
1.0,0.17813176689160326
1.0,0.12157666426577371
1.0,0.7119855029159146
1.0,0.9275233657310064
1.0,0.258270423346067
1.0,0.27709471791621726
1.0,0.9305769542390707
1.0,0.7052287111900567
1.0,0.09904988698042595
1.0,0.16742802066606016
1.0,0.5060336682099889
1.0,0.8809044489089181
1.0,0.4635161504974415
1.0,0.4271065734587223
1.0,0.7815439596388064
1.0,0.6053781863392225
1.0,0.20382186673143332
1.0,0.001671738643134754
1.0,0.670801475084158
1.0,0.9650182401455913
1.0,0.37448667588659845
1.0,0.32691822107687957
1.0,0.9798167302132066
1.0,0.6542821246078786
1.0,0.04850257892019815
1.0,0.2516362493413027
1.0,0.5898418978606851
1.0,0.797325519209399
1.0,0.3805216684870448
1.0,0.4798825198847633
1.0,0.833735698543257
1.0,0.5534486503378331
1.0,0.15229208958705817
1.0,0.08292945289848998
1.0,0.7516596706500309
1.0,0.8824241737003042
1.0,0.2924765767953697
1.0,0.2836352275216559
1.0,0.889314856010789
1.0,0.7447858826243754
1.0,0.09178747129997168
1.0,0.14539475388541354
1.0,0.5622985218063152
1.0,0.8248707940883188
1.0,0.48676504775701307
1.0,0.38938065506388986
1.0,0.790452684348636
1.0,0.5967335633570039
1.0,0.24279583822201076
1.0,0.05538605995734052
1.0,0.6454181883283038
1.0,0.9886675398361106
1.0,0.32002186856106907
1.0,0.36759848531425826
1.0,0.9738618409899177
1.0,0.6619457082532888
1.0,0.008548018406934805
1.0,0.19497328616343568
1.0,0.6122770531088836
1.0,0.7746629628345731
1.0,0.4359727688141451
1.0,0.47039147709634893
1.0,0.8720477139026855
1.0,0.5148763308998933
1.0,0.16053884690788586
1.0,0.10791511416048534
1.0,0.6983467612209309
1.0,0.9374748378228976
1.0,0.26824519919379775
1.0,0.26711415553201234
1.0,0.9206350513222824
1.0,0.7188616513380955
1.0,0.11272102127128819
1.0,0.1850305098248807
1.0,0.5235974979013927
1.0,0.8591615015193563
1.0,0.4417350089650563
1.0,0.4132029250996336
1.0,0.7676631347004931
1.0,0.6150798935793779
1.0,0.2135468627169574
1.0,0.02320499913786316
1.0,0.692311912158111
1.0,0.9471988403028889
1.0,0.3566439872985274
1.0,0.3408240609646978
1.0,0.9936992663451855
1.0,0.6445821285613887
1.0,0.038779774463403596
1.0,0.2301045799564738
1.0,0.5683335322316956
1.0,0.8151469904970648
1.0,0.3983659481850153
1.0,0.4898646733788677
1.0,0.8436796729050088
1.0,0.5398177816347577
1.0,0.13862254640609542
1.0,0.06532915526839896
1.0,0.7340975521522926
1.0,0.9041688322835316
1.0,0.31425990985648444
1.0,0.310734281445818
1.0,0.9006435641241631
1.0,0.7383767662364925
1.0,0.06960800910130092
1.0,0.1340362762559244
1.0,0.5352311512332887
1.0,0.8470204942761099
1.0,0.4932058550012669
1.0,0.39385304921587033
1.0,0.810633971444154
1.0,0.5716326845359947
1.0,0.23340385234453895
1.0,0.03517308951068709
1.0,0.6409755636924382
1.0,0.9980278348572115
1.0,0.34515250939295783
1.0,0.3601739406010787
1.0,0.9507284333541423
1.0,0.6880293338521543
1.0,0.018922781083204342
1.0,0.21813649333626756
1.0,0.619669884449986
1.0,0.7643179921901248
1.0,0.40985742233796724
1.0,0.4462445437124444
1.0,0.8636711563505104
1.0,0.5203026704889784
1.0,0.1817355623287004
1.0,0.11632338508473755
1.0,0.7224638950677789
1.0,0.9163098432793956
1.0,0.2627890675728915
1.0,0.2715250780536539
1.0,0.9407548367665198
1.0,0.6938222741683668
1.0,0.10339050702415536
1.0,0.16487900350333087
1.0,0.5192163674115723
1.0,0.8684603023944121
1.0,0.46680418567184145
1.0,0.4402405148986921
1.0,0.7789303486678222
1.0,0.6087322713375402
1.0,0.1914288646433902
1.0,0.011907993138712996
1.0,0.665306043236365
1.0,0.9692870388393997
1.0,0.36302332291244227
1.0,0.31673862923207374
1.0,0.9853841804233493
1.0,0.6499469965201349
1.0,0.05991498823293766
1.0,0.2384513567346809
1.0,0.59238920195344
1.0,0.7940434600786664
1.0,0.39297131071015423
1.0,0.48250162281173326
1.0,0.8206077293943369
1.0,0.5658399431085195
1.0,0.14893581493631985
1.0,0.08843086078995034
1.0,0.741428911863056
1.0,0.8938853332694221
1.0,0.2882060650315871
1.0,0.2970631452786469
1.0,0.8870106220998154
1.0,0.7483186710295896
1.0,0.07958857336181464
1.0,0.15581741966461848
1.0,0.5569741004991594
1.0,0.8294566627083972
1.0,0.4756033639661375
1.0,0.38412805510665515
1.0,0.8009322660803073
1.0,0.5855135075979992
1.0,0.24730749882731884
1.0,0.053015776222449275
1.0,0.6587949616588318
1.0,0.9765173996595673
1.0,0.32361925077453824
1.0,0.3698967431815644
1.0,0.9604284275243233
1.0,0.6741467995964842
1.0,0.005016943071694935
1.0,0.20029221551460585
1.0,0.6018484150386291
1.0,0.7858263559428054
1.0,0.43138908984648733
1.0,0.459914088769716
1.0,0.8773020269298946
1.0,0.5103586942509178
1.0,0.17175340695828717
1.0,0.09454005014731398
1.0,0.7007192346082427
1.0,0.9338719636534428
1.0,0.2803893670792914
1.0,0.25393056508372813
1.0,0.9231831472173695
1.0,0.7155727361748478
1.0,0.12516425777600507
1.0,0.17485158969864095
1.0,0.5291661301861069
1.0,0.854819847629454
1.0,0.4531404421615147
1.0,0.41869927821506886
1.0,0.7574277714516156
1.0,0.6265441565633233
1.0,0.2092789440119968
1.0,0.025819617686696533
1.0,0.6791790083169319
1.0,0.9595928462161635
1.0,0.3532909361463827
1.0,0.33827767438696743
1.0,1.0068850464458903
1.0,0.6321334001006862
1.0,0.04206271733560158
1.0,0.22453814107679787
1.0,0.5785141654279097
1.0,0.8037355812569391
1.0,0.4027021063663143
1.0,0.5000945446717595
1.0,0.8381773474985238
1.0,0.5440874096570749
1.0,0.12716047307457068
1.0,0.07845608306591074
1.0,0.7314774378948559
1.0,0.9075240768407147
1.0,0.30186761701318426
1.0,0.2997303961668563
1.0,0.9059094605440191
1.0,0.7298974057227683
1.0,0.07641492923238286
1.0,0.12904984102787445
1.0,0.5464378992718191
1.0,0.8405009383496839
1.0,0.5018955309732872
1.0,0.404503573002906
1.0,0.8060596524431631
1.0,0.5808651353777177
1.0,0.22642798936516564
1.0,0.040021083167009704
1.0,0.6305528875935347
1.0,1.0052699498141306
1.0,0.3361399732055755
1.0,0.351491811143228
1.0,0.9572711166633764
1.0,0.6768303800005608
1.0,0.02393211103176576
1.0,0.21132207922766366
1.0,0.6281261701175499
1.0,0.7590443691304501
1.0,0.42083848044353583
1.0,0.45528012472504564
1.0,0.8564369256433525
1.0,0.5307486240753976
1.0,0.17689520524937183
1.0,0.12327627078601028
1.0,0.7132236275234128
1.0,0.9208609373295185
1.0,0.2521309597455094
1.0,0.2827442397514945
1.0,0.9357657146642057
1.0,0.7025169186062055
1.0,0.09686033869490905
1.0,0.17014209296515656
1.0,0.5082247757081548
1.0,0.8752564900389077
1.0,0.4583296735401694
1.0,0.4298051549520047
1.0,0.7837812993868825
1.0,0.5997149768309301
1.0,0.19868138185653927
1.0,0.007336751284226002
1.0,0.6759440032593829
1.0,0.9623216982000221
1.0,0.37225113551870354
1.0,0.32520552730245783
1.0,0.9785647978489271
1.0,0.6609307414999677
1.0,0.05462895151395287
1.0,0.24498919166186278
1.0,0.5837178049821755
1.0,0.7990404964516836
1.0,0.38177516381659105
1.0,0.4732509530111374
1.0,0.8275653734148374
1.0,0.5551788782183996
1.0,0.1534995928342264
1.0,0.08120126831825424
1.0,0.7504539705356615
1.0,0.8890575399541113
1.0,0.29864894147150245
1.0,0.2897904202192506
1.0,0.8959308101185259
1.0,0.743562770363936
1.0,0.09004211474119793
1.0,0.1466155864306078
1.0,0.5640423191524397
1.0,0.8187140384254572
1.0,0.4801468101814132
1.0,0.3906169784148981
1.0,0.7921502494448507
1.0,0.5905920583324243
1.0,0.23613160856403284
1.0,0.061525761849121244
1.0,0.6520803746859508
1.0,0.9874291769373892
1.0,0.31832250408467333
1.0,0.36537627424438934
1.0,0.9711788685099064
1.0,0.6671018058940718
1.0,0.014226360346052062
1.0,0.18981562931000362
1.0,0.6065964314545212
1.0,0.7768828904365792
1.0,0.4386541783288895
1.0,0.46521832943710284
1.0,0.8664133244982332
1.0,0.5170810078636173
1.0,0.16326624850500826
1.0,0.10570839389643043
1.0,0.6956175564910095
1.0,0.9426461861019626
1.0,0.27387754905053696
1.0,0.2609880212294808
1.0,0.9139861923863526
1.0,0.7201133454111518
1.0,0.11443395708955077
1.0,0.18377677620411126
1.0,0.521882762702949
1.0,0.865285832689089
1.0,0.44838182460065534
1.0,0.4119951835612422
1.0,0.7659331488637673
1.0,0.6212504569990206
1.0,0.22017818754674243
1.0,0.01703287275295357
1.0,0.6856783038604631
1.0,0.9484043021260352
1.0,0.358372413922604
1.0,0.3430133672063739
1.0,0.9964112972202599
1.0,0.6393936101800947
1.0,0.033130014336903206
1.0,0.23529129895758671
1.0,0.5739812528104827
1.0,0.812955640955058
1.0,0.3956521141771421
1.0,0.4950054002976026
1.0,0.8493426441220779
1.0,0.5375801998428408
1.0,0.13592420320403617
1.0,0.06756445359245304
1.0,0.736794332389085
1.0,0.8990265461521475
1.0,0.30859465892417004
1.0,0.31194010164395336
1.0,0.9023716286206328
1.0,0.7322042814765938
1.0,0.06297476293125986
1.0,0.140206481300578
1.0,0.5418628381906806
1.0,0.8458131111127077
1.0,0.4914755070369343
1.0,0.39997726217814594
1.0,0.8172809090398279
1.0,0.5703790691226824
1.0,0.23168899518602037
1.0,0.03642490179120051
1.0,0.6426883775506259
1.0,0.9919015823472227
1.0,0.3385037724171027
1.0,0.3550312923420878
1.0,0.945063540796817
1.0,0.6902649943038152
1.0,0.021619202945007587
1.0,0.21589927367195746
1.0,0.6169711828729376
1.0,0.7694583569812528
1.0,0.41552075193002563
1.0,0.44405331613051235
1.0,0.86095720413518
1.0,0.5254892675300165
1.0,0.18738340111494478
1.0,0.11113474474336862
1.0,0.7168142531487357
1.0,0.9184992714811465
1.0,0.2655009802405088
1.0,0.2702868333623896
1.0,0.9390553503300493
1.0,0.6999618578526904
1.0,0.11005281534187729
1.0,0.15873738027129414
1.0,0.5125522597136691
1.0,0.8696967439528774
1.0,0.46850162880798113
1.0,0.43408340086084135
1.0,0.7723124732198291
1.0,0.6099534622577235
1.0,0.19317229986190798
1.0,0.010685239253262748
1.0,0.6635603245499844
1.0,0.9754418731620053
1.0,0.36963963914778614
1.0,0.32190985555106383
1.0,0.9910166484875457
1.0,0.6477403982161548
1.0,0.05718566529555923
1.0,0.2406561556584798
1.0,0.5951164853431052
1.0,0.7888701904593455
1.0,0.387337039513159
1.0,0.48472191254134617
1.0,0.8232887805340922
1.0,0.5606819241274806
1.0,0.1432555516569466
1.0,0.0935865963031264
1.0,0.7471076121771625
1.0,0.89166348432716
1.0,0.2855227341765867
1.0,0.29436648512562047
1.0,0.8847752036919954
1.0,0.7539838018781381
1.0,0.0847309795769647
1.0,0.15015432836378323
1.0,0.5518334936641904
1.0,0.8321551259942225
1.0,0.4778408256742884
1.0,0.37848045461163393
1.0,0.7957454269954284
1.0,0.5882272215221065
1.0,0.24949896845309175
1.0,0.05030362526360887
1.0,0.6566057755009217
1.0,0.9821672798698337
1.0,0.32880764907206633
1.0,0.37653023139544634
1.0,0.966600673992999
1.0,0.6724184930561736
1.0,0.0038113611647826993
1.0,0.2020223214350976
1.0,0.6030560364932545
1.0,0.7791949110292543
1.0,0.4252186465106106
1.0,0.46162870388439375
1.0,0.87855588063443
1.0,0.5037119986990848
1.0,0.16562895570478844
1.0,0.10118902916700989
1.0,0.7068452488270083
1.0,0.9321589077514143
1.0,0.27913779309000114
1.0,0.2566596497298834
1.0,0.9253899875651904
1.0,0.7099405064018747
1.0,0.11999278941317414
1.0,0.18048609918685934
1.0,0.534339157761587
1.0,0.8520923259485655
1.0,0.45093588528155665
1.0,0.42437977978566527
1.0,0.7625855483888136
1.0,0.623862867132345
1.0,0.2070588963262247
1.0,0.028502710250473767
1.0,0.6814010993030348
1.0,0.9539143841932802
1.0,0.3481349585893658
1.0,0.3316156081130864
1.0,1.0007452244703436
1.0,0.6338326444933159
1.0,0.043301200318089
1.0,0.22284045589681728
1.0,0.5772779621606674
1.0,0.810399930998683
1.0,0.4088434913071279
1.0,0.49835086740940093
1.0,0.8369563948695635
1.0,0.5507055271489089
1.0,0.13331734882119825
1.0,0.0718400088744077
1.0,0.7253223652810271
1.0,0.9092695534832544
1.0,0.3030906091898577
1.0,0.3044723314657859
1.0,0.9107741364622715
1.0,0.7248018387434393
1.0,0.07144258320744062
1.0,0.1319317538438165
1.0,0.5491970714684383
1.0,0.837480734066722
1.0,0.4987521057359385
1.0,0.4072778757540413
1.0,0.8089571761486852
1.0,0.577737321029949
1.0,0.22342291563671973
1.0,0.0448706285307461
1.0,0.6352792120028842
1.0,1.0002819928996085
1.0,0.3310292756717304
1.0,0.34674983081288613
1.0,0.9524064257346533
1.0,0.6819259019484776
1.0,0.028904442046237242
1.0,0.20844015140125086
1.0,0.6253669528895184
1.0,0.7620645584029414
1.0,0.4239818606494723
1.0,0.45250577694249816
1.0,0.8535393869273598
1.0,0.533876393391754
1.0,0.17990026396734698
1.0,0.11842671041180312
1.0,0.708497258082651
1.0,0.9258488792335698
1.0,0.25724161224794223
1.0,0.27775652300450426
1.0,0.9306547769628285
1.0,0.7073662238024099
1.0,0.10158690327179061
1.0,0.16701403844985582
1.0,0.505219942147241
1.0,0.878031032957575
1.0,0.4612269570781595
1.0,0.42678471050151084
1.0,0.7806381143170658
1.0,0.6025971298144042
1.0,0.2014403138856265
1.0,0.002241424472428936
1.0,0.6709714170669087
1.0,0.9670633933314197
1.0,0.3771160516044879
1.0,0.3301932290389773
1.0,0.983675690518892
1.0,0.6560814212932925
1.0,0.04990234190565905
1.0,0.24811720114575128
1.0,0.5867226235326186
1.0,0.7962659085016041
1.0,0.3788778652681302
1.0,0.4762713824511606
1.0,0.8307085134532419
1.0,0.5522967102244548
1.0,0.1507406157737269
1.0,0.08629655009863905
1.0,0.7554265417176651
1.0,0.8843157997913015
1.0,0.2937840103752473
1.0,0.2869083272776596
1.0,0.8931719381313218
1.0,0.7465832748563129
1.0,0.09318535985289768
1.0,0.14187383125732722
1.0,0.5591773430247724
1.0,0.8238093051953712
1.0,0.4851193363320044
1.0,0.38576761317681074
1.0,0.7874236248260861
1.0,0.5955797150375316
1.0,0.2412424862235269
1.0,0.05875127897233699
1.0,0.6491831511898437
1.0,0.990557291494573
1.0,0.3213273976874702
1.0,0.3682583821964512
1.0,0.973937785528523
1.0,0.6640813164121655
1.0,0.011083160265764565
1.0,0.19455742951469646
1.0,0.6114614225926593
1.0,0.7717876686980775
1.0,0.433681667188769
1.0,0.47006770968566103
1.0,0.8711399941484099
1.0,0.5120933661689808
1.0,0.15815541587692644
1.0,0.10848292180462693
1.0,0.6985147949975874
1.0,0.9395181165761911
1.0,0.2708726704582108
1.0,0.26411589561913257
1.0,0.9169913261566814
1.0,0.7173391027018996
1.0,0.1115364934259117
1.0,0.18876467307675052
1.0,0.526993400194911
1.0,0.8604362272834696
1.0,0.44365544014942276
1.0,0.41709069049868824
1.0,0.7709054348468265
1.0,0.616508461658208
1.0,0.21531345158660703
1.0,0.02005313707779848
1.0,0.6888217891396948
1.0,0.9455224493519762
1.0,0.35561330176786776
1.0,0.33988553784813436
1.0,0.9934061784604017
1.0,0.6421678979207591
1.0,0.03602749301101304
1.0,0.2303034170954182
1.0,0.5688706603499329
1.0,0.8178052613711482
1.0,0.40037854365978687
1.0,0.48990993839156877
1.0,0.8443703731494895
1.0,0.5423222402150656
1.0,0.14078895417464235
1.0,0.06454420427807887
1.0,0.7336508921412654
1.0,0.9019084139366773
1.0,0.31135381611031854
1.0,0.30709057129068773
1.0,0.8976452892008125
1.0,0.7371922534015868
1.0,0.06808544545463419
1.0,0.137432163538972
1.0,0.5389653294956293
1.0,0.8489409104500056
1.0,0.49448059577585096
1.0,0.3970953643726746
1.0,0.8145217218327379
1.0,0.5733992884161151
1.0,0.23483240541289835
1.0,0.031682951481800184
1.0,0.6378237166428443
1.0,0.9969971343160811
1.0,0.3434761334525157
1.0,0.35988086772676575
1.0,0.9497898952271081
1.0,0.6852770674102344
1.0,0.01650853543210401
1.0,0.21867360644403422
1.0,0.6198687365994012
1.0,0.7663305726544255
1.0,0.41251570822252126
1.0,0.4469352589673959
1.0,0.8637164063527407
1.0,0.5224690932679961
1.0,0.18424000589853753
1.0,0.1158767100632397
1.0,0.7216789590879296
1.0,0.9134037345227589
1.0,0.26052866423650806
1.0,0.27538214516371595
1.0,0.9440279515329942
1.0,0.6952201477108221
1.0,0.10518791426656363
1.0,0.1617578397322588
1.0,0.5156954297730152
1.0,0.8668146059798741
1.0,0.46574268176842315
1.0,0.43721144036567133
1.0,0.7753173217912137
1.0,0.6071789043285856
1.0,0.19027503133438864
1.0,0.015672971010723742
1.0,0.6686712472408908
1.0,0.9705925829762716
1.0,0.36491305956043385
1.0,0.31681455876020825
1.0,0.986044092316013
1.0,0.6524821233684939
1.0,0.06205061140228514
1.0,0.2376357412289274
1.0,0.59197333029423
1.0,0.791752373463761
1.0,0.39009600156318774
1.0,0.48159388804698694
1.0,0.8202839769941198
1.0,0.5634564970670893
1.0,0.14615286521587817
1.0,0.08859890957707765
1.0,0.7419967044967269
1.0,0.896512819544306
1.0,0.29024932877440973
1.0,0.2971409830128755
1.0,0.8876724121776317
1.0,0.7508557023314251
1.0,0.08172607096369704
1.0,0.15500367859139988
1.0,0.5565601332934258
1.0,0.8271674542786445
1.0,0.4727299630252651
1.0,0.38322222479538526
1.0,0.8006103881126251
1.0,0.5831319697626631
1.0,0.24452642729202978
1.0,0.053185703194729185
1.0,0.6593646624985967
1.0,0.979146760366986
1.0,0.3256644189708373
1.0,0.3737557184977206
1.0,0.9637034204759504
1.0,0.6755465775924159
1.0,0.006816224746638104
1.0,0.1971729261760687
1.0,0.5983293818535483
1.0,0.7841825377134201
1.0,0.43032949414916316
1.0,0.4568869186901717
1.0,0.8736908744858211
1.0,0.5088072354480573
1.0,0.17060145183443817
1.0,0.09830690620447732
1.0,0.7040863468188625
1.0,0.9351793822228497
1.0,0.28228100818075935
1.0,0.25363937039456774
1.0,0.9222465172964294
1.0,0.712822344165463
1.0,0.12275191657838112
1.0,0.17539060725988403
1.0,0.5293668567680571
1.0,0.8568343362998488
1.0,0.4558006062312213
1.0,0.4193918679025553
1.0,0.7574749259073223
1.0,0.6287124575274936
1.0,0.21178529578792804
1.0,0.02537485087129278
1.0,0.6783959505222351
1.0,0.9566886419130032
1.0,0.3510324072425341
1.0,0.3346358424169898
1.0,1.003888679728634
1.0,0.6309507616983153
1.0,0.040542058142411255
1.0,0.22793593281332186
1.0,0.5822502181227851
1.0,0.805657905636929
1.0,0.40397872532605095
1.0,0.5033387342610987
1.0,0.8420670023405841
1.0,0.5458558917223479
1.0,0.1285909343490242
1.0,0.07496785324311793
1.0,0.7283274690304146
1.0,0.9064952807530606
1.0,0.3001931155052771
1.0,0.302265491117965
1.0,0.9080450518161162
1.0,0.7299733071062702
1.0,0.07707481298041385
1.0,0.12675872626833645
1.0,0.5435625619802199
1.0,0.83968529094668
1.0,0.501479627416827
1.0,0.4021200988168432
1.0,0.8032766745780888
1.0,0.579957368715721
1.0,0.22610420506769813
1.0,0.04264853754464318
1.0,0.632596119439107
1.0,1.0054379704566254
1.0,0.3367077376946137
1.0,0.3528896527884329
1.0,0.9590684920085343
1.0,0.6806874189659902
1.0,0.027205197653607516
1.0,0.2096763546684931
1.0,0.627064638069499
1.0,0.7559231734621278
1.0,0.4173175109077284
1.0,0.45372672957145843
1.0,0.8552830641897183
1.0,0.5277195176451265
1.0,0.1732821464755131
1.0,0.12458178302563186
1.0,0.7151133322741541
1.0,0.9246258870568965
1.0,0.25549613560540246
1.0,0.2799919414123243
1.0,0.9333514371158549
1.0,0.7022238175872598
1.0,0.09592177242324221
1.0,0.17215464528482474
1.0,0.5108830334480762
1.0,0.875793571249424
1.0,0.45852849379233424
1.0,0.4319715495863897
1.0,0.786285714812087
1.0,0.6004056601886313
1.0,0.19872659996151926
1.0,0.0044306106303389926
1.0,0.6736835680257491
1.0,0.9618749950338916
1.0,0.37146617139422156
1.0,0.3240209825703017
1.0,0.9770422023050102
1.0,0.6572870032002047
1.0,0.05163064844596964
1.0,0.24690957969112587
1.0,0.5849925176121269
1.0,0.8024363518374809
1.0,0.3855093101816813
1.0,0.4750175287466252
1.0,0.8289938983385642
1.0,0.5584211614779535
1.0,0.15738731132556
1.0,0.0801705358798735
1.0,0.7487775626979691
1.0,0.8855673737805917
1.0,0.2954970662772759
1.0,0.28860781371413013
1.0,0.894410182822586
1.0,0.739920966538591
1.0,0.0870457761685741
1.0,0.1485379389552303
1.0,0.5653189662568091
1.0,0.8221118620592315
1.0,0.483882894773539
1.0,0.39238548862480377
1.0,0.7935807388639368
1.0,0.5938362798190138
1.0,0.2400212953033435
1.0,0.0604969976587176
1.0,0.6504059050752939
1.0,0.9839409752592291
1.0,0.31517256336486466
1.0,0.36262591413225476
1.0,0.9687665592095329
1.0,0.666810639349544
1.0,0.013289758569744632
1.0,0.1918301461250312
1.0,0.6092566236688605
1.0,0.7774219398950727
1.0,0.4388549368080899
1.0,0.4673866585459058
1.0,0.8689197044187971
1.0,0.517773629448354
1.0,0.16331343485796534
1.0,0.10280422149052051
1.0,0.6933590594844113
1.0,0.9422014474311915
1.0,0.2730945194004729
1.0,0.2623878311226628
1.0,0.915785505958546
1.0,0.7239723488719406
1.0,0.11770897818581044
1.0,0.1821329861193586
1.0,0.5208231951502574
1.0,0.8621665752478022
1.0,0.444862823312825
1.0,0.4104437529030143
1.0,0.764781221884551
1.0,0.6182233188167267
1.0,0.2165670669999193
1.0,0.01834032321961075
1.0,0.6875699768591814
1.0,0.9521711863278312
1.0,0.3617395542778565
1.0,0.34555043040545963
1.0,0.9985488267193926
1.0,0.6394714760589559
1.0,0.03379183255935211
1.0,0.23300211867246662
1.0,0.5711078800142431
1.0,0.8121419317790898
1.0,0.39523817886865886
1.0,0.4926238906068992
1.0,0.8465616007314216
1.0,0.5366744014288212
1.0,0.13560235713360427
1.0,0.07019384619712211
1.0,0.7388395324826345
1.0,0.89919650126906
1.0,0.30916438790856765
1.0,0.31373943022661765
1.0,0.903771423503344
1.0,0.7354793175833242
1.0,0.06683375138157792
1.0,0.13914689873741573
1.0,0.5402190631163987
1.0,0.8422940948144066
1.0,0.48835626460611825
1.0,0.39882535020940035
1.0,0.8157294633711293
1.0,0.5667679635863301
1.0,0.22866184199325562
1.0,0.03831655977944808
1.0,0.6439958430277538
1.0,0.9952687076920045
1.0,0.34227067162936947
1.0,0.3571688368516913
1.0,0.9476005889854321
1.0,0.6909268275367348
1.0,0.021697053813398093
1.0,0.21302588586524698
1.0,0.6146820175982883
1.0,0.7690444066622988
1.0,0.41470705776452815
1.0,0.4412722877503267
1.0,0.8585756794340058
1.0,0.5251674364700553
1.0,0.18647758769045447
1.0,0.1131799298264473
1.0,0.7194436607638754
1.0,0.9190689854550733
1.0,0.2656709503678921
1.0,0.2687661910559789
1.0,0.9378727588353996
1.0,0.6969655042695958
1.0,0.10641102652700303
1.0,0.1600140423861342
1.0,0.514474597227821
1.0,0.873432843555474
1.0,0.47189943743128476
1.0,0.43551387526945673
1.0,0.7740809984402055
1.0,0.6138431339865634
1.0,0.19641653635896822
1.0,0.009010784653076665
1.0,0.66253154534911
1.0,0.9722919474526673
1.0,0.3661514224591552
1.0,0.3194975312402195
1.0,0.9882663033858818
1.0,0.6468037814293767
1.0,0.05689451376150224
1.0,0.2433163628832898
1.0,0.5971309871476621
1.0,0.7890709639490167
1.0,0.3878760739611817
1.0,0.4872282774514393
1.0,0.8254571246533658
1.0,0.560729095469967
1.0,0.1439481882521541
1.0,0.09132811430699891
1.0,0.7442034247607818
1.0,0.8908804696875667
1.0,0.28507798049534483
1.0,0.29195222258774056
1.0,0.8820228903423544
1.0,0.7530452506169419
1.0,0.0844378635475483
1.0,0.15281257109323382
1.0,0.5538460609943294
1.0,0.8323539312359165
1.0,0.4783779218952755
1.0,0.38098488504730915
1.0,0.7979118066193427
1.0,0.5882724546375572
1.0,0.2501896368003222
1.0,0.048043175019504294
1.0,0.6536996498575054
1.0,0.981382300734881
1.0,0.3283609609164066
1.0,0.375007650862
1.0,0.9654161142503721
1.0,0.6694202049986612
1.0,0.0001676078545490351
1.0,0.20329701905457825
1.0,0.6049764395329883
1.0,0.7829290423838738
1.0,0.4286145169068786
1.0,0.46305724381859126
1.0,0.880322441359447
1.0,0.507599732200889
1.0,0.16887122395387158
1.0,0.09951260631884672
1.0,0.7058145313990983
1.0,0.9290070175467169
1.0,0.2756476419269523
1.0,0.2587952259915098
1.0,0.9279250975267698
1.0,0.7106003751394349
1.0,0.12006870580714674
1.0,0.17761077690573093
1.0,0.5320480279915782
1.0,0.8516764374025759
1.0,0.45012022286808206
1.0,0.4215967869101202
1.0,0.7602020892132216
1.0,0.6235390678244066
1.0,0.2061511446746988
1.0,0.03054595710651685
1.0,0.6840285386701975
1.0,0.9544821636927892
1.0,0.3483029642213897
1.0,0.3334129684477735
1.0,1.0021430811260192
1.0,0.6371057161046869
1.0,0.04715825429398915
1.0,0.22177893885923713
1.0,0.5756322225910261
1.0,0.8068789764733464
1.0,0.4057222806283347
1.0,0.4971969909452959
1.0,0.8354030147264471
1.0,0.5470924533645793
1.0,0.1302882574013979
1.0,0.07372972863561968
1.0,0.726627862510178
1.0,0.9126347443536182
1.0,0.306855543906765
1.0,0.30644434707103924
1.0,0.9127384667065008
1.0,0.7267700116681806
1.0,0.07340307077115796
1.0,0.1299616595788192
1.0,0.547234662564465
1.0,0.8355067971212126
1.0,0.49678585415145315
1.0,0.40530345847346794
1.0,0.8069904442291359
1.0,0.5757667464298877
1.0,0.22146002639768242
1.0,0.04683928179055143
1.0,0.6372401799016655
1.0,1.0022544888399259
1.0,0.3329940862510238
1.0,0.34872184641813947
1.0,0.9543707559788825
1.0,0.683894074873219
1.0,0.030864929609954565
1.0,0.20647005713625352
1.0,0.623404543985545
1.0,0.760090621457432
1.0,0.422015609064987
1.0,0.4505313596619248
1.0,0.8515726550078104
1.0,0.5319058187916926
1.0,0.17793737472830967
1.0,0.12039536367160845
1.0,0.7104582259814323
1.0,0.9278213751738872
1.0,0.25920642282723555
1.0,0.2757821057239309
1.0,0.9286880450432792
1.0,0.7053956492023485
1.0,0.09962401403275328
1.0,0.16898269170966115
1.0,0.5071809100460223
1.0,0.8800035288978922
1.0,0.46319176765745285
1.0,0.42875672610676413
1.0,0.7826024445612951
1.0,0.6045653027391454
1.0,0.20340080144934383
1.0,0.0002713302074316051
1.0,0.6690090081629353
1.0,0.9650894563859104
1.0,0.3751498000200026
1.0,0.328218811758404
1.0,0.9817089585993427
1.0,0.6541108466932312
1.0,0.047939452666621724
1.0,0.2500858544055566
1.0,0.5886835914314
1.0,0.7982384044419214
1.0,0.38084267584742354
1.0,0.4782433980564139
1.0,0.8326728436974713
1.0,0.5542648831491962
1.0,0.15270110333744424
1.0,0.08432645583364172
1.0,0.7534641328136917
1.0,0.8823418628457922
1.0,0.291817758790762
1.0,0.28493583133734224
1.0,0.8912071275520284
1.0,0.7446146215965076
1.0,0.09122439195411634
1.0,0.14384440585738856
1.0,0.5611402322638097
1.0,0.8257837224759446
1.0,0.48708606825155376
1.0,0.38774155012232003
1.0,0.7893898764105715
1.0,0.5975498093025289
1.0,0.24320489512750024
1.0,0.05678310604759566
1.0,0.6472226636261263
1.0,0.9885852758893195
1.0,0.3193630674432409
1.0,0.36628588625613384
1.0,0.9719729749492296
1.0,0.6621126631523602
1.0,0.00912219236698324
1.0,0.1965280041147578
1.0,0.6134243118316967
1.0,0.7737620859786508
1.0,0.4356483991083183
1.0,0.4720416466311703
1.0,0.8731062457328953
1.0,0.5140634604339781
1.0,0.16011782478089978
1.0,0.1065147488798856
1.0,0.69655430743387
1.0,0.9375461009709378
1.0,0.26890834021398147
1.0,0.26608983256464186
1.0,0.9189575777411668
1.0,0.7193091969668969
1.0,0.11349890232988502
1.0,0.1867965001520092
1.0,0.5250329126311937
1.0,0.8584642116782163
1.0,0.44169110990519345
1.0,0.4151181945583709
1.0,0.7689406242675332
1.0,0.6145398083984027
1.0,0.2133524836878257
1.0,0.02202371167785981
1.0,0.6907846783787321
1.0,0.9474968666325495
1.0,0.3575800336874171
1.0,0.3418594747936437
1.0,0.9953724300448871
1.0,0.6441379921857564
1.0,0.037989901914986364
1.0,0.22833524417067688
1.0,0.5669101727862156
1.0,0.8158332457658948
1.0,0.39841421341555755
1.0,0.4879374424512515
1.0,0.8424055625701962
1.0,0.5403535869552603
1.0,0.13882798627586102
1.0,0.06651477887814021
1.0,0.7356137813803029
1.0,0.9038828312172507
1.0,0.31332054802986786
1.0,0.30905298019466104
1.0,0.8996153834658098
1.0,0.7391585049860722
1.0,0.07005938240014352
1.0,0.13546783329474266
1.0,0.536993313890376
1.0,0.8469804228862884
1.0,0.49251242285110963
1.0,0.39513439647389326
1.0,0.8125530685729325
1.0,0.5714344778368218
1.0,0.23285990947258103
1.0,0.03364968340134951
1.0,0.6397981339234176
1.0,0.9989600235551184
1.0,0.34544670805257705
1.0,0.36184327663073906
1.0,0.9517599894921054
1.0,0.6872433189947197
1.0,0.018482472377613343
1.0,0.21670927619980487
1.0,0.6178967209941479
1.0,0.7643700850907083
1.0,0.41054753529777993
1.0,0.4449742910686146
1.0,0.8617477530929354
1.0,0.5205042826887027
1.0,0.1822675099582202
1.0,0.11784344198278904
1.0,0.7236533763685029
1.0,0.9153666237617962
1.0,0.2624992388365694
1.0,0.2734211772649346
1.0,0.9420592982731889
1.0,0.6932553371315288
1.0,0.1032154183262463
1.0,0.16372457165180812
1.0,0.5176698470535885
1.0,0.8687774952189115
1.0,0.4677132563684845
1.0,0.43917384926964464
1.0,0.7772874160562111
1.0,0.6091451559130708
1.0,0.19224896827989799
1.0,0.013708640766494416
1.0,0.6666992316356374
1.0,0.9686320954125542
1.0,0.3629448866356925
1.0,0.31485359086142695
1.0,0.9840754390562076
1.0,0.6505173127892006
1.0,0.06007811546196781
1.0,0.2396024731484767
1.0,0.5939477475748034
1.0,0.7937152627027984
1.0,0.3920665761632491
1.0,0.48355629695096025
1.0,0.8222540712591171
1.0,0.5654227486515747
1.0,0.14812680216138752
1.0,0.08663457933284832
1.0,0.7400246888914735
1.0,0.8945523319805886
1.0,0.2882811558496684
1.0,0.2951780937738382
1.0,0.8857018375775704
1.0,0.7488889704118757
1.0,0.07975165368312372
1.0,0.1569684891706932
1.0,0.5585326292337431
1.0,0.8291284221774258
1.0,0.47469861628507043
1.0,0.38518271235910256
1.0,0.8025785610373665
1.0,0.5850963000068925
1.0,0.2464984428972831
1.0,0.05121945161024386
1.0,0.6573907255530873
1.0,0.9771843514630127
1.0,0.32369432470584003
1.0,0.37179282925868323
1.0,0.961732845875889
1.0,0.6735798456728666
1.0,0.00484180746606477
1.0,0.19913773675536203
1.0,0.6003018777938657
1.0,0.7861435056122014
1.0,0.4322981474089685
1.0,0.458847406253889
1.0,0.8756590474105624
1.0,0.5107715656922867
1.0,0.1725734674396915
1.0,0.09634065461999199
1.0,0.7021124098733532
1.0,0.9332169733188763
1.0,0.28031091391576207
1.0,0.25559985795828505
1.0,0.9242146902211708
1.0,0.7147866744096923
1.0,0.12472393218363446
1.0,0.17342435567539868
1.0,0.5273929198225477
1.0,0.8548719273958756
1.0,0.453830511966224
1.0,0.41742897866351797
1.0,0.755504351307261
1.0,0.6267457256079443
1.0,0.2098108785073547
1.0,0.027339661450586108
1.0,0.6803684464625525
1.0,0.9586496098117846
1.0,0.3530010605023394
1.0,0.3365963299807071
1.0,1.005856852653375
1.0,0.6329150919425447
1.0,0.04251407374766459
1.0,0.22596968122883654
1.0,0.5802762811772758
1.0,0.8036954967329556
1.0,0.4020086310610536
1.0,0.5013758450220613
1.0,0.8400964277405228
1.0,0.5438891598027986
1.0,0.12661651706845084
1.0,0.07693266382241126
1.0,0.7302999649707319
1.0,0.908456248651842
1.0,0.30216176876508244
1.0,0.30030452321918366
1.0,0.9060763985563108
1.0,0.7280084965269769
1.0,0.07510231704009653
1.0,0.12872545818788578
1.0,0.5455369792607933
1.0,0.8416481801857173
1.0,0.5034502020168883
1.0,0.40408250772081655
1.0,0.8052467688430862
1.0,0.5819236203002064
1.0,0.22807814201320745
1.0,0.040684207300413854
1.0,0.6306241038338536
1.0,1.003477482892908
1.0,0.3347395647698724
1.0,0.3509286848896515
1.0,0.9570998387487291
1.0,0.6787226083866968
1.0,0.025232701713290184
1.0,0.21164308658804243
1.0,0.6290390553500723
1.0,0.7578860627011651
1.0,0.41928808550778973
1.0,0.45568913847543174
1.0,0.8572531584547156
1.0,0.5296857692296117
1.0,0.17525608342102245
1.0,0.12261745278140254
1.0,0.7131413166689007
1.0,0.9226653994931792
1.0,0.25352796268066113
1.0,0.2819543503162977
1.0,0.9353215313808523
1.0,0.7041900691717451
1.0,0.09789570936875154
1.0,0.1701903150405954
1.0,0.5089110178428229
1.0,0.8738330836857067
1.0,0.4565603208675929
1.0,0.4300105816876084
1.0,0.7843170615522816
1.0,0.598440849609338
1.0,0.19675410402120191
1.0,0.006397342549888321
1.0,0.6756579853063224
1.0,0.9638378842729289
1.0,0.3734367459942829
1.0,0.3259833914742751
1.0,0.9790122965700074
1.0,0.6592532547846901
1.0,0.05360458539147897
1.0,0.24494524944689655
1.0,0.5830205020068736
1.0,0.8004758642737635
1.0,0.38354113725693995
1.0,0.47305656084784387
1.0,0.8270252450787589
1.0,0.5564563508986602
1.0,0.15541481538524266
1.0,0.08213726779942282
1.0,0.7507519799785425
1.0,0.8875302630196291
1.0,0.29746764087733724
1.0,0.29056830127784744
1.0,0.8963783557473273
1.0,0.7418852967828203
1.0,0.08901779177382743
1.0,0.14657168737074497
1.0,0.5633450293112998
1.0,0.8201494531552582
1.0,0.4819128005085417
1.0,0.39042259938576646
1.0,0.7916101642638754
1.0,0.5918695478994644
1.0,0.23804687802277016
1.0,0.062461808238010924
1.0,0.6523784010156113
1.0,0.9859019431580104
1.0,0.31714121662467
1.0,0.3645864016959721
1.0,0.9707347321342742
1.0,0.6687749695937732
1.0,0.015261774174997965
1.0,0.18986389454054586
1.0,0.6072826867233511
1.0,0.7754595309910993
1.0,0.4368848425430926
1.0,0.46542376930686846
1.0,0.8669491298187357
1.0,0.5158068975288047
1.0,0.16133901757739202
1.0,0.10476903206981385
1.0,0.6953315554247287
1.0,0.9441624153299728
1.0,0.27506317266027824
1.0,0.26042494188362547
1.0,0.9138149313584847
1.0,0.7220056169523913
1.0,0.11573456090523711
1.0,0.18409779669865195
1.0,0.5227956910905748
1.0,0.8641275431465835
1.0,0.44683147657263034
1.0,0.4124042404667317
1.0,0.7667493948092923
1.0,0.6201876490609559
1.0,0.21853908260517263
1.0,0.016374071635125418
1.0,0.6855960399136721
1.0,0.9502087774238579
1.0,0.35976946001285914
1.0,0.3435875411664223
1.0,0.9965782521193313
1.0,0.6375047441394065
1.0,0.03181741527877877
1.0,0.23496692925175994
1.0,0.5730803759545604
1.0,0.8141028996778711
1.0,0.3972068321284642
1.0,0.4945843781706165
1.0,0.8485297736561629
1.0,0.5386387316730505
1.0,0.1375743727388576
1.0,0.06822759461263679
1.0,0.736865595537125
1.0,0.8972340923650868
1.0,0.3071942936435703
1.0,0.3117650129460443
1.0,0.9018046915837947
1.0,0.7335087429832629
1.0,0.06487086214254059
1.0,0.14111555199722106
1.0,0.54218003101518
1.0,0.844266590754724
1.0,0.49032107518541157
1.0,0.4007973658146537
1.0,0.8176937936153585
1.0,0.5687361365110714
1.0,0.23062232955697293
1.0,0.036346465514450754
1.0,0.6420334341237806
1.0,0.9932947707464952
1.0,0.34030442004488415
1.0,0.35519441957111797
1.0,0.9456338570658828
1.0,0.6889562529366735
1.0,0.019734164574360766
1.0,0.21499453912505231
1.0,0.6166429854970696
1.0,0.7710169026026161
1.0,0.41667186834382147
1.0,0.44324430335558
1.0,0.8605400096782352
1.0,0.5271356093947966
1.0,0.18843807525417178
1.0,0.11120983556144998
1.0,0.7174812518599022
1.0,0.917095048509564
1.0,0.26370469878340674
1.0,0.2707382066612322
1.0,0.9398370890796288
1.0,0.6989336771943372
1.0,0.10837151409072035
1.0,0.15804394812113687
1.0,0.5125121883238476
1.0,0.8714589066099647
1.0,0.46993318584679944
1.0,0.43353945798888344
1.0,0.7721142665206562
1.0,0.6118725593865021
1.0,0.19445364711993088
1.0,0.010979437912881994
1.0,0.6644925132478914
1.0,0.9742644433929847
1.0,0.3681162330384486
1.0,0.32146954684547285
1.0,0.9902306336301112
1.0,0.6487719543541179
1.0,0.058855001325219564
1.0,0.24134626861829248
1.0,0.5951685782436887
1.0,0.7870970270035074
1.0,0.3859098223766963
1.0,0.485253860170866
1.0,0.8234903927338165
1.0,0.5587585208699056
1.0,0.1419852990131168
1.0,0.09329676756680425
1.0,0.7461643926595631
1.0,0.892852965627884
1.0,0.28704279107463815
1.0,0.2939261595332499
1.0,0.8839891419268397
1.0,0.7550153448819393
1.0,0.08640027245152163
1.0,0.1508443981684925
1.0,0.5518855734306121
1.0,0.8303819156306632
1.0,0.4764135916510462
1.0,0.3790123891069918
1.0,0.7959469960400494
1.0,0.5863038013777518
1.0,0.24822866890154086
1.0,0.050013749619565624
1.0,0.6556625390965427
1.0,0.9833567180154543
1.0,0.3303276928359559
1.0,0.37698158780750934
1.0,0.9673823658348574
1.0,0.6713902992636585
1.0,0.0021300167585223606
1.0,0.20132884612983692
1.0,0.6030159519692709
1.0,0.7809570267786204
1.0,0.42665018666264926
1.0,0.4610847478782739
1.0,0.8783576307801537
1.0,0.5056310789410837
1.0,0.16691025605509027
1.0,0.10148318091890804
1.0,0.7077774206381356
1.0,0.9309814348272902
1.0,0.27761437384650167
1.0,0.25682273005119244
1.0,0.9259602869474765
1.0,0.7086317218796295
1.0,0.11810773790836541
1.0,0.17958135150579227
1.0,0.5340109172306156
1.0,0.8536508546831493
1.0,0.4520869547876314
1.0,0.42357072385562955
1.0,0.7621683407977069
1.0,0.625509162089404
1.0,0.20811355357867212
1.0,0.02857778418177552
1.0,0.6820680511064802
1.0,0.9525101480875359
1.0,0.34633863397716036
1.0,0.33144047250745623
1.0,1.000178270546726
1.0,0.6351370628448816
1.0,0.04519728639520782
1.0,0.22374951345929844
1.0,0.5775951118300634
1.0,0.8088533937539197
1.0,0.40768901254788403
1.0,0.49917092789080525
1.0,0.8373692663109323
1.0,0.5490625476295767
1.0,0.13225066630537122
1.0,0.07176155571087835
1.0,0.7246673749464606
1.0,0.910662728748365
1.0,0.3048912136625357
1.0,0.3034480084984154
1.0,0.9090966628811558
1.0,0.7252493843722406
1.0,0.07222046426603745
1.0,0.13369774417094502
1.0,0.5506324861982393
1.0,0.8367834442255819
1.0,0.4987082066760756
1.0,0.4091931452127786
1.0,0.8102346657157254
1.0,0.5771972358489739
1.0,0.22322853660758804
1.0,0.04368934107074276
1.0,0.6337519782235054
1.0,1.000580019229269
1.0,0.3319653220606201
1.0,0.347785244641832
1.0,0.9540795894343549
1.0,0.6814817655728453
1.0,0.028114569497820006
1.0,0.20667081561545395
1.0,0.6239435934440385
1.0,0.7627508136717712
1.0,0.42403012588001454
1.0,0.4505785460148819
1.0,0.8522652765925471
1.0,0.5344121987122565
1.0,0.18010570383711258
1.0,0.11961233402154438
1.0,0.7100134873106612
1.0,0.925562878167289
1.0,0.25630225042132565
1.0,0.27905712682019057
1.0,0.932547048504068
1.0,0.707194962774542
1.0,0.10102382392593529
1.0,0.16546369042183084
1.0,0.5040616526047355
1.0,0.8789439613452008
1.0,0.46154797757270016
1.0,0.425145605559941
1.0,0.7795753063790011
1.0,0.6034133757599291
1.0,0.20184937079111598
1.0,0.0036384705626840825
1.0,0.6727758923647313
1.0,0.9669811293846287
1.0,0.3764572504866598
1.0,0.3288806299808529
1.0,0.981786824478204
1.0,0.656248376192364
1.0,0.050476515865707484
1.0,0.24967191909707337
1.0,0.5878698822554317
1.0,0.7953650316456816
1.0,0.37855349556230344
1.0,0.477921551985982
1.0,0.8317670452834517
1.0,0.5514838397585398
1.0,0.15031959364674083
1.0,0.0848961848180393
1.0,0.7536340879306043
1.0,0.8843870629393416
1.0,0.29444715139543104
1.0,0.28559571508537324
1.0,0.8912830289355302
1.0,0.7467502128686048
1.0,0.09375948690522501
1.0,0.1434285023009282
1.0,0.5603245848608058
1.0,0.8229083851843454
1.0,0.48479495349201573
1.0,0.38741776582485254
1.0,0.7884821097485747
1.0,0.5947668314374546
1.0,0.2408214209414374
1.0,0.05735087053663385
1.0,0.647390684268621
1.0,0.990628507734892
1.0,0.3219905218208744
1.0,0.36955897287797557
1.0,0.9758300139146591
1.0,0.6639100384975182
1.0,0.010520034012188137
1.0,0.19300703457895035
1.0,0.6103031161633743
1.0,0.7727005539305999
1.0,0.43400267454914776
1.0,0.4684285878573116
1.0,0.8700771393026242
1.0,0.5129095989803439
1.0,0.15856442962731251
1.0,0.10987992473977867
1.0,0.7003192571612481
1.0,0.9394358057216791
1.0,0.2702138524536031
1.0,0.26515126629297503
1.0,0.9186644767222211
1.0,0.7168949194185462
1.0,0.11074660399071486
1.0,0.18699532040417402
1.0,0.52556999384171
1.0,0.8611224694181376
1.0,0.44370366222486163
1.0,0.4151634126633509
1.0,0.7696313076252344
1.0,0.6170442238236072
1.0,0.2155188783222107
1.0,0.02123874755337783
1.0,0.6903379752126017
1.0,0.9452364313989157
1.0,0.3546738930335301
1.0,0.3388611717256605
1.0,0.9917286917451241
1.0,0.6426153966418394
1.0,0.03680535718283027
1.0,0.2320693905357671
1.0,0.5703060281720129
1.0,0.8171079583958463
1.0,0.40033460144482064
1.0,0.49182516094258505
1.0,0.8456478458297501
1.0,0.5417821118789871
1.0,0.14059456201134876
1.0,0.06336290368391362
1.0,0.7321236152067833
1.0,0.9022064233795583
1.0,0.3122898155914871
1.0,0.30875986416524465
1.0,0.8986768322046138
1.0,0.7364061916364312
1.0,0.0676451198622636
1.0,0.13600492951572973
1.0,0.53719211913207
1.0,0.8489929902164273
1.0,0.4951706655805602
1.0,0.3958250648211237
1.0,0.8125983016883832
1.0,0.5736008574607361
1.0,0.23536433990825625
1.0,0.03320299524568975
1.0,0.6390131547884649
1.0,0.9960538979117022
1.0,0.3431862578084725
1.0,0.35819952332050536
1.0,0.9487617014345929
1.0,0.6860587592520929
1.0,0.01695989184416702
1.0,0.2201051465960729
1.0,0.6216308523487674
1.0,0.7662904881304421
1.0,0.41182223291726056
1.0,0.4482165593176977
1.0,0.8656354865947398
1.0,0.5222708434137197
1.0,0.18369604989241772
1.0,0.11435329081974022
1.0,0.7205014861638056
1.0,0.9143359063338863
1.0,0.2608228159884062
1.0,0.27349709365890723
1.0,0.9427191670107492
1.0,0.6957904470931082
1.0,0.10535099458787268
1.0,0.16290890923833354
1.0,0.5172539585075989
1.0,0.8664863654489027
1.0,0.4648379340873561
1.0,0.43826609761811874
1.0,0.7769636167482729
1.0,0.6067616967374788
1.0,0.1894659754043529
1.0,0.013876646398518325
1.0,0.6672670111351463
1.0,0.971259534779717
1.0,0.3649881334917356
1.0,0.3187106448373271
1.0,0.9873485106675787
1.0,0.6519151694448762
1.0,0.06187547579665498
1.0,0.23648126246968357
1.0,0.5904267930494667
1.0,0.792069523133157
1.0,0.3910050591256689
1.0,0.4805272055311599
1.0,0.8186409974747876
1.0,0.5638693685084581
1.0,0.14697292569728254
1.0,0.09039951404975567
1.0,0.7433898797618373
1.0,0.8958578292097394
1.0,0.2901708756108804
1.0,0.2990370822241562
1.0,0.8889768736843008
1.0,0.750288765294587
1.0,0.08155098226578797
1.0,0.15384924673987715
1.0,0.555013612935442
1.0,0.8274846471031438
1.0,0.4736390337219082
1.0,0.3821555591663378
1.0,0.798967455501014
1.0,0.5835448543381939
1.0,0.24534653092853753
1.0,0.054986350822510605
1.0,0.6607578508978691
1.0,0.9784918169401406
1.0,0.32558598269408756
1.0,0.37187068012707375
1.0,0.9623946791088087
1.0,0.6761168938614815
1.0,0.0069793519756682606
1.0,0.19832404258986452
1.0,0.5998879274749117
1.0,0.7838543403375521
1.0,0.42942475960225795
1.0,0.45794159282939867
1.0,0.8753372163506012
1.0,0.5083900409911125
1.0,0.16979243905950583
1.0,0.0965106247473753
1.0,0.70268212384728
1.0,0.9358463809340162
1.0,0.28235609899884073
1.0,0.2519580691434108
1.0,0.9212183366380762
1.0,0.7136040829150425
1.0,0.12320328987722373
1.0,0.1768221642987023
1.0,0.5311290194251442
1.0,0.8567942649100273
1.0,0.45510717408106405
1.0,0.4206732151605782
1.0,0.7593940230361009
1.0,0.6285142508283207
1.0,0.21124135291597013
1.0,0.023851444761955203
1.0,0.6772185207532145
1.0,0.9576208306109102
1.0,0.35132660590215337
1.0,0.3363051784466501
1.0,1.004920235866597
1.0,0.6301647468408809
1.0,0.04010174943682026
1.0,0.22650871567685918
1.0,0.580477054666947
1.0,0.8057099985375125
1.0,0.40466883828586364
1.0,0.5020684816172688
1.0,0.8401435990830092
1.0,0.5460575039220723
1.0,0.129122881978544
1.0,0.07648791014116942
1.0,0.7295169503311385
1.0,0.9055520612354613
1.0,0.29990328676895495
1.0,0.30170241177210966
1.0,0.9078737907882484
1.0,0.7318655786475097
1.0,0.07837541679610019
1.0,0.12707974676287712
1.0,0.5444754903678457
1.0,0.8385270014041746
1.0,0.4999292793888019
1.0,0.40252915572233267
1.0,0.8040929205236138
1.0,0.5788945607776564
1.0,0.2244651001261283
1.0,0.041989736426815034
1.0,0.632513855492316
1.0,1.007242445754448
1.0,0.33810478378486886
1.0,0.35346382674848126
1.0,0.9592354469076058
1.0,0.6787985529253021
1.0,0.025892598595483082
1.0,0.20935198496266633
1.0,0.6261637612135765
1.0,0.7570704321849409
1.0,0.4188722288590505
1.0,0.45330570744447235
1.0,0.8544701937238032
1.0,0.5287780494753362
1.0,0.17493231601033452
1.0,0.1252449240458156
1.0,0.7151845954221941
1.0,0.9228334332698357
1.0,0.25409577032480274
1.0,0.28076982247092114
1.0,0.9337989827446563
1.0,0.7005463440061441
1.0,0.09489744945587172
1.0,0.1721107462249619
1.0,0.5101857436069361
1.0,0.877228985979225
1.0,0.4602944841194628
1.0,0.43177717055725806
1.0,0.7857456296311118
1.0,0.6016831497556714
1.0,0.2006418694202566
1.0,0.005366657019228672
1.0,0.6739815943554096
1.0,0.9603477612545128
1.0,0.3702848839342182
1.0,0.3232311100218845
1.0,0.9765980659293778
1.0,0.6589601668999063
1.0,0.05266606227491554
1.0,0.2469578449216681
1.0,0.5856787728809568
1.0,0.8010129923920009
1.0,0.38373997439588436
1.0,0.47522296861639074
1.0,0.8295297036590668
1.0,0.557147051143141
1.0,0.15546008039794373
1.0,0.0792311740532569
1.0,0.7484915616316883
1.0,0.887083603008602
1.0,0.2966826898870171
1.0,0.2878179242789333
1.0,0.8939659995392326
1.0,0.7415941171041307
1.0,0.08808114684241661
1.0,0.14858616103066913
1.0,0.5660052083914772
1.0,0.8206884557060304
1.0,0.4821135421009625
1.0,0.39259091536040747
1.0,0.794116501029336
1.0,0.5925621525974216
1.0,0.23809401746800615
1.0,0.059557588924379914
1.0,0.6501198871222335
1.0,0.9854571613321359
1.0,0.316358173840444
1.0,0.363403778304072
1.0,0.9692140579306131
1.0,0.6651331526342664
1.0,0.012265392447270738
1.0,0.19178620391006496
1.0,0.6085593206935586
1.0,0.7788573077171526
1.0,0.4406209102484388
1.0,0.4671922663826122
1.0,0.8683795760827184
1.0,0.5190511021286146
1.0,0.1652286574089816
1.0,0.1037402209716891
1.0,0.6936570689272922
1.0,0.9406741704967093
1.0,0.27191321880630764
1.0,0.26296195817499013
1.0,0.9159524439708379
1.0,0.7220834396761491
1.0,0.1163963659935241
1.0,0.18180860327936993
1.0,0.5199222751392316
1.0,0.8633138170838357
1.0,0.446417494356426
1.0,0.41002268762092486
1.0,0.763968338284474
1.0,0.6192818037392153
1.0,0.21821721964796112
1.0,0.019003447353014898
1.0,0.6876411930995004
1.0,0.9503787194066086
1.0,0.3603391458421533
1.0,0.3449873041518832
1.0,0.9983775488047452
1.0,0.6413637044450919
1.0,0.03509242324087653
1.0,0.23332312603284538
1.0,0.5720207652467655
1.0,0.8109836253498046
1.0,0.39368778393291276
1.0,0.49303290435728525
1.0,0.8473778335427846
1.0,0.5356115465830354
1.0,0.13396323530525486
1.0,0.06953502819251438
1.0,0.7387572216281223
1.0,0.9010009634327208
1.0,0.31056139084371936
1.0,0.3139025105479267
1.0,0.9043417228856302
1.0,0.7341705330610792
1.0,0.0649486998767692
1.0,0.13824215105634866
1.0,0.5398908225854273
1.0,0.8438526235489904
1.0,0.489507334112193
1.0,0.3980162942793646
1.0,0.8153122557800225
1.0,0.5684142585433891
1.0,0.22971649924570303
1.0,0.038391633710749835
1.0,0.6446627948311993
1.0,0.9938644715862601
1.0,0.34047434701716406
1.0,0.35699370124606117
1.0,0.9470336350618144
1.0,0.6922312458883004
1.0,0.02359313989051692
1.0,0.21393494342772815
1.0,0.6149991672676843
1.0,0.7674978694175354
1.0,0.4135525790052843
1.0,0.442092348231731
1.0,0.8589885508753746
1.0,0.5235244569507231
1.0,0.18541090517462744
1.0,0.11310147666291795
1.0,0.7187886704293089
1.0,0.9204621607201838
1.0,0.2674715548405701
1.0,0.2683258654636083
1.0,0.937086697070244
1.0,0.6979970472733971
1.0,0.10808031940155995
1.0,0.16070411219084346
1.0,0.5145266769942425
1.0,0.8716596331919148
1.0,0.47047220340804247
1.0,0.43604580976481466
1.0,0.7742825674848264
1.0,0.6119197138422089
1.0,0.1951462368074173
1.0,0.008720909009033422
1.0,0.6615883089447311
1.0,0.9734813855982879
1.0,0.3676714662230448
1.0,0.3199488876522825
1.0,0.9890479952277403
1.0,0.6457755876368615
1.0,0.055213169355241905
1.0,0.24262288757802913
1.0,0.5970909026236786
1.0,0.7908330796983828
1.0,0.38930761411322035
1.0,0.48668432144531953
1.0,0.8252588747990895
1.0,0.5626481757119659
1.0,0.14522948860245594
1.0,0.09162226605889708
1.0,0.7451355965719092
1.0,0.8897029967634427
1.0,0.28355456125184536
1.0,0.29240359588658316
1.0,0.882804629091934
1.0,0.7520170699585887
1.0,0.08275656229639136
1.0,0.15211913894307655
1.0,0.5538059896045078
1.0,0.8341160938930038
1.0,0.47980947893409376
1.0,0.38044094217535124
1.0,0.7977135999201698
1.0,0.5901915517663358
1.0,0.25147098405834506
1.0,0.04833737367912354
1.0,0.6546318385554124
1.0,0.9802048709658604
1.0,0.326837554807069
1.0,0.374567342156409
1.0,0.9646300993929376
1.0,0.6704517611366243
1.0,0.0018369438842093656
1.0,0.20398713201439092
1.0,0.6050285324335717
1.0,0.7811558789280356
1.0,0.42718729977041586
1.0,0.46358919144811106
1.0,0.8805240535591713
1.0,0.505676328943314
1.0,0.16760097131004179
1.0,0.09922277758252457
1.0,0.704871311881499
1.0,0.9301964988474409
1.0,0.2771676988250038
1.0,0.2586201372936007
1.0,0.9273581604899317
1.0,0.711904836646104
1.0,0.12196480501842748
1.0,0.17851984760237402
1.0,0.5323652208160777
1.0,0.8501299170445922
1.0,0.4489657910165593
1.0,0.42241689054662795
1.0,0.7606149737887523
1.0,0.6218961352127956
1.0,0.20508447904565139
1.0,0.030467520829767093
1.0,0.6833735952433522
1.0,0.9558753520920615
1.0,0.3501036118491711
1.0,0.3335760956768037
1.0,1.002713397395085
1.0,0.6357969747375453
1.0,0.04527321592334233
1.0,0.22087420431233196
1.0,0.575304025215158
1.0,0.8084375220947098
1.0,0.40687339704213055
1.0,0.49638797817036356
1.0,0.8349858202695022
1.0,0.5487387952293595
1.0,0.1313429315406249
1.0,0.07380481945370101
1.0,0.7272948612213445
1.0,0.9112305213820358
1.0,0.305059262449663
1.0,0.3056854758354929
1.0,0.9118339338627963
1.0,0.7279213166510152
1.0,0.07440799364323848
1.0,0.13096261593400402
1.0,0.5483812805278079
1.0,0.8346052701242759
1.0,0.4960307092652705
1.0,0.4065238116217526
1.0,0.8080492847121505
1.0,0.5749541977509393
1.0,0.2204862052209959
1.0,0.04586870662816462
1.0,0.6364311174045488
1.0,1.0033091226385127
1.0,0.33420999254734873
1.0,0.3494696699472138
1.0,0.955279611838163
1.0,0.6827394075449363
1.0,0.02987201511447405
1.0,0.20547246312651668
1.0,0.6222459176456021
1.0,0.7610031961608408
1.0,0.42276643093559363
1.0,0.4493230148902402
1.0,0.8505104521793478
1.0,0.5327226904862171
1.0,0.17890014819852415
1.0,0.12136161581841927
1.0,0.711278336185021
1.0,0.9267547329987004
1.0,0.2579938788763586
1.0,0.27681788637125576
1.0,0.9298084847456342
1.0,0.7045217414715917
1.0,0.0988345251894946
1.0,0.1681966815429988
1.0,0.5063102408243298
1.0,0.8811195292535229
1.0,0.4642233491255854
1.0,0.4278137702105574
1.0,0.7817590381071023
1.0,0.6056547608298724
1.0,0.2045905294846808
1.0,0.0014563787285122494
1.0,0.6700945072420019
1.0,0.964249768775846
1.0,0.3742098424653281
1.0,0.32719503948767914
1.0,0.9805851565515398
1.0,0.6549890774395639
1.0,0.04871789380340841
1.0,0.250867541556643
1.0,0.5895653083595644
1.0,0.7971103957096908
1.0,0.379814456724739
1.0,0.4791753062461487
1.0,0.8335205731672399
1.0,0.5531720627130212
1.0,0.1515233836787073
1.0,0.08314476965800909
1.0,0.7523666253580251
1.0,0.8831925981623285
1.0,0.29275339332986045
1.0,0.2839120553139997
1.0,0.8900833217516078
1.0,0.745492856095458
1.0,0.09200283684352072
1.0,0.14462608925585724
1.0,0.5620219454393565
1.0,0.8246557174963316
1.0,0.4860578528814869
1.0,0.3886734620646725
1.0,0.7902376096329579
1.0,0.5964569851137363
1.0,0.2420271717161456
1.0,0.05560142362458071
1.0,0.6461251599230775
1.0,0.9894360074532383
1.0,0.3202986982297217
1.0,0.3673216706560764
1.0,0.9730934184042022
1.0,0.6612387516689858
1.0,0.008332699771106863
1.0,0.1957419977007131
1.0,0.6125536463626219
1.0,0.7748780825816637
1.0,0.4366799768238332
1.0,0.47109868698234586
1.0,0.8722628355260849
1.0,0.5151529222773227
1.0,0.16130755656885443
1.0,0.10769979364834856
1.0,0.6976398027603189
1.0,0.936706417113491
1.0,0.2679683864119247
1.0,0.2668376523410985
1.0,0.9198664298478295
1.0,0.7181545333912319
1.0,0.1125059915870222
1.0,0.18579890238965466
1.0,0.5238742825386331
1.0,0.8593767901342427
1.0,0.4424419355284178
1.0,0.41390985353930393
1.0,0.7678784251916884
1.0,0.6153566763403094
1.0,0.2143152534054225
1.0,0.022989967577288307
1.0,0.6916047923349385
1.0,0.9464302207047449
1.0,0.3563674859839224
1.0,0.34110060731071506
1.0,0.9944679009538002
1.0,0.6452892934159734
1.0,0.0389948210344492
1.0,0.22933620427847942
1.0,0.5680567945021763
1.0,0.8149317150163403
1.0,0.3976590647767572
1.0,0.48915779184691843
1.0,0.843464399300593
1.0,0.5395410420289296
1.0,0.1378541688517922
1.0,0.06554419996313571
1.0,0.7348047151305684
1.0,0.9049374687684553
1.0,0.31453645807881053
1.0,0.3099659189019855
1.0,0.9003668095078642
1.0,0.7381615076425476
1.0,0.0689011125588809
1.0,0.13431280946777974
1.0,0.5359998027286831
1.0,0.8477276422439151
1.0,0.49342091470647437
1.0,0.3940681107973867
1.0,0.8113411212882679
1.0,0.5724013341550803
1.0,0.23368038368008542
1.0,0.03446619109195822
1.0,0.6407603032221844
1.0,0.9977510821172214
1.0,0.34438414872543416
1.0,0.3609423463000146
1.0,0.9510052011046031
1.0,0.6882446393538203
1.0,0.019629694512403963
1.0,0.2178599770111918
1.0,0.6189012798623128
1.0,0.7636108573564815
1.0,0.40964240578786315
1.0,0.4460295290386491
1.0,0.862964023393176
1.0,0.5195340640249962
1.0,0.1814590441273158
1.0,0.11703029663762833
1.0,0.7226791986931361
1.0,0.9165866129061653
1.0,0.26355747514813627
1.0,0.27229377270415167
1.0,0.9410314431544201
1.0,0.6940373807812954
1.0,0.10409773192062305
1.0,0.16460220573192857
1.0,0.5184479316916949
1.0,0.8677533589442709
1.0,0.4665888501492339
1.0,0.44002518125239337
1.0,0.7782234070939898
1.0,0.6079638337413539
1.0,0.19115206499567908
1.0,0.012615216158871833
1.0,0.6655211479729848
1.0,0.9695636471036088
1.0,0.36379201943924894
1.0,0.31596994771573783
1.0,0.9851076171905525
1.0,0.6497319067939858
1.0,0.05920781024419107
1.0,0.2387282014138043
1.0,0.593157654560097
1.0,0.7947504466839109
1.0,0.39318665936692365
1.0,0.48271697334481156
1.0,0.8213147178758903
1.0,0.5666083938388676
1.0,0.14921265773913442
1.0,0.08772368092489491
1.0,0.7412138202605982
1.0,0.8936087719129341
1.0,0.28743738539156
1.0,0.29629445438076674
1.0,0.8867340194645329
1.0,0.7481035606640434
1.0,0.07888134471272928
1.0,0.15609422118863847
1.0,0.5577425399716545
1.0,0.8301636024059206
1.0,0.47581869573612734
1.0,0.38434338500033616
1.0,0.801639203901522
1.0,0.5862819489468031
1.0,0.24758430222764768
1.0,0.05230854944967275
1.0,0.6585798531695943
1.0,0.9762407951479759
1.0,0.3228505580003493
1.0,0.37066542094528265
1.0,0.9607049870045025
1.0,0.6743618930752509
1.0,0.00572412481305921
1.0,0.20001536708286477
1.0,0.6010799586793544
1.0,0.7851193730901785
1.0,0.43117374494233557
1.0,0.4596987419892554
1.0,0.876595042200959
1.0,0.509590239767952
1.0,0.17147656040285492
1.0,0.0952472337649871
1.0,0.7009343299633183
1.0,0.9341485212573132
1.0,0.28115804296670077
1.0,0.2546989313801783
1.0,0.9234599055862861
1.0,0.7157879910161752
1.0,0.1258711505658074
1.0,0.1745750602394033
1.0,0.5283974824433302
1.0,0.8541126959090312
1.0,0.45292537870368954
1.0,0.41848421288093485
1.0,0.756720617854884
1.0,0.6257755106968554
1.0,0.209002416429068
1.0,0.026526512352807712
1.0,0.679394265034568
1.0,0.9598696027087712
1.0,0.35405930056652396
1.0,0.3375092649354139
1.0,1.0066082749428118
1.0,0.6319180983516378
1.0,0.04135580765901965
1.0,0.2248146536492559
1.0,0.5792827662629653
1.0,0.8044427198431999
1.0,0.40291712666903606
1.0,0.5003095630981724
1.0,0.8388844842084758
1.0,0.5448560123684394
1.0,0.12743698752333757
1.0,0.07774917526563765
1.0,0.7312621380221164
1.0,0.9072473034613273
1.0,0.3010992056853219
1.0,0.2995152707908393
1.0,0.9052022469054044
1.0,0.7291286998144174
1.0,0.07613834160757106
1.0,0.12975679573586862
1.0,0.5466532160313381
1.0,0.8407777548841746
1.0,0.5026639554353115
1.0,0.4052719993412392
1.0,0.8063364708539628
1.0,0.581080450260928
1.0,0.227134942196851
1.0,0.039744493665889065
1.0,0.6297841798088749
1.0,1.004562738051825
1.0,0.33592484970586733
1.0,0.3517068896115239
1.0,0.9579783134152114
1.0,0.6775990427538082
1.0,0.02420868552241565
1.0,0.2106151113855076
1.0,0.6279108102029274
1.0,0.7587675357091799
1.0,0.4200700090737904
1.0,0.4545116552316091
1.0,0.8561600940983911
1.0,0.5305332622844662
1.0,0.1761882355309069
1.0,0.12355284340035133
1.0,0.7139922884003514
1.0,0.9215681359576623
1.0,0.2523460400901142
1.0,0.28295950960329247
1.0,0.9364725924435372
1.0,0.7032852999131264
1.0,0.09713708205335488
1.0,0.16943492623426304
1.0,0.5080097272608004
1.0,0.8749799455691993
1.0,0.4575610408078635
1.0,0.4290365240960076
1.0,0.783504756793483
1.0,0.5994999265072668
1.0,0.1979742132493369
1.0,0.0076134927663629864
1.0,0.676712382689995
1.0,0.9630285778556625
1.0,0.37246640724681035
1.0,0.3249902405638802
1.0,0.9778578731618744
1.0,0.6601623470588849
1.0,0.05435216500040363
1.0,0.2456963152376529
1.0,0.5839328402953681
1.0,0.7993169940136708
1.0,0.38254377966211744
1.0,0.47401957073297263
1.0,0.8278418728531336
1.0,0.5553939116552833
1.0,0.15420671453370768
1.0,0.08092447992839616
1.0,0.7496855742182699
1.0,0.8883506171433675
1.0,0.2984336566092337
1.0,0.28957514661483497
1.0,0.8952239285865767
1.0,0.7427943928096328
1.0,0.08976537513536978
1.0,0.14732274940888362
1.0,0.5642573638471765
1.0,0.8189905866477832
1.0,0.48091544666633684
1.0,0.39138561302351293
1.0,0.7924267957908678
1.0,0.5908071049034699
1.0,0.2368387734186175
1.0,0.061249024119601946
1.0,0.6513119990079564
1.0,0.9867222935291311
1.0,0.3181072286039488
1.0,0.36559156473558463
1.0,0.9718857969495768
1.0,0.6678701965825369
1.0,0.014503143106983607
1.0,0.1891085094868312
1.0,0.6063813998939463
1.0,0.7766063891219742
1.0,0.4378855587307454
1.0,0.46444970796264995
1.0,0.8661368213073193
1.0,0.5168659781793513
1.0,0.1625591305581447
1.0,0.10598517853367082
1.0,0.6963859490557835
1.0,0.9433531126653242
1.0,0.2740928376654234
1.0,0.26120314285288015
1.0,0.9146934022723495
1.0,0.7208820550721203
1.0,0.11471054846698026
1.0,0.1830698177434994
1.0,0.5216674421908122
1.0,0.8650090199072159
1.0,0.4476134038912487
1.0,0.41122676097552674
1.0,0.7656563342055854
1.0,0.6210351383631927
1.0,0.2194712309624394
1.0,0.017309466006691893
1.0,0.6864470153977406
1.0,0.9491115101357233
1.0,0.35858753366969454
1.0,0.3427982924906956
1.0,0.9957041042210425
1.0,0.6386249436742295
1.0,0.03285343609363563
1.0,0.2359982705523605
1.0,0.574196616477723
1.0,0.8132324706237106
1.0,0.3964205817942698
1.0,0.4957738660384215
1.0,0.8496194719144218
1.0,0.5377955653863898
1.0,0.1366311766751188
1.0,0.06728787722549431
1.0,0.7360256677595287
1.0,0.8983193512766213
1.0,0.30837958233218293
1.0,0.31264709012550673
1.0,0.9025869791537111
1.0,0.7324811242794084
1.0,0.063743213661608
1.0,0.13999138969812014
1.0,0.5411556583256252
1.0,0.8450444314726806
1.0,0.4911989456804463
1.0,0.3997006989453491
1.0,0.816512227523492
1.0,0.5696718911339358
1.0,0.23147390545987137
1.0,0.03719335439785748
1.0,0.6429652222297493
1.0,0.9921169310039922
1.0,0.33921075902234726
1.0,0.3543243507682555
1.0,0.9448482071505183
1.0,0.689988194656104
1.0,0.020850765348821364
1.0,0.21611437840857722
1.0,0.6176784058930965
1.0,0.7702270535080594
1.0,0.41579736019423474
1.0,0.4443299225184126
1.0,0.8617258987856778
1.0,0.5261964924264841
1.0,0.18759850772787337
1.0,0.11036630902349125
1.0,0.7165374553773334
1.0,0.918283935958539
1.0,0.26479403679036767
1.0,0.2695797004050553
1.0,0.938840335656254
1.0,0.6996853396513059
1.0,0.10928420887789513
1.0,0.15895268389665132
1.0,0.51325917126656
1.0,0.8704651515281222
1.0,0.4687783984347508
1.0,0.4343601686113021
1.0,0.773080878918765
1.0,0.6106603756869231
1.0,0.193387605363574
1.0,0.009916634665589433
1.0,0.6632838082249086
1.0,0.9752268566119011
1.0,0.368932504314143
1.0,0.32261700539517774
1.0,0.9912317100690621
1.0,0.6480169295517013
1.0,0.0579543149146448
1.0,0.24044089518822603
1.0,0.5944095869243764
1.0,0.7881018297918219
1.0,0.38706028677316895
1.0,0.4844451579250473
1.0,0.8225204179902597
1.0,0.5599750275850606
1.0,0.14304029306300167
1.0,0.09435524779852081
1.0,0.7473841453890178
1.0,0.8918785440323675
1.0,0.28622988214439177
1.0,0.2950736218355725
1.0,0.8849902221184083
1.0,0.7542603163269049
1.0,0.08549958228832917
1.0,0.14993902849104374
1.0,0.5511265858639174
1.0,0.83138671466636
1.0,0.4775640522949011
1.0,0.37820368310855546
1.0,0.7949770175438748
1.0,0.5875203118455246
1.0,0.2492836667040434
1.0,0.0510722260986645
1.0,0.6568822880733798
1.0,0.9823823001725555
1.0,0.3295147876583272
1.0,0.3758230777987147
1.0,0.9663856086588649
1.0,0.6721419654732448
1.0,0.003042715298314821
1.0,0.20223757815273372
1.0,0.6037629311593656
1.0,0.7799632754493957
1.0,0.4254954030032183
1.0,0.4619054622533103
1.0,0.8793242469308802
1.0,0.5044188914888871
1.0,0.1658442105461157
1.0,0.10042038142423317
1.0,0.7065687193677707
1.0,0.931943844293589
1.0,0.27843064136957835
1.0,0.2559526650009477
1.0,0.9251746407847298
1.0,0.7096636598464424
1.0,0.11922433493020833
1.0,0.18070119454193487
1.0,0.5350463413792601
1.0,0.8528610018359749
1.0,0.45121244288542695
1.0,0.42465633926584445
1.0,0.7633542261525319
1.0,0.6245700488737091
1.0,0.2072739898049914
1.0,0.027734253891199108
1.0,0.6811242508712937
1.0,0.9536990392891285
1.0,0.34742797573673895
1.0,0.33232254593430094
1.0,1.0009605543640245
1.0,0.6341094478936448
1.0,0.04406964166689291
1.0,0.22262534740757986
1.0,0.5765707353878908
1.0,0.809631238224494
1.0,0.4085668867955365
1.0,0.49807426477411837
1.0,0.8361877039716834
1.0,0.5499982984998235
1.0,0.13310223845565197
1.0,0.07260844834690276
1.0,0.7255991668050471
1.0,0.9094848852532442
1.0,0.3037975488873811
1.0,0.3042570709955321
1.0,0.9100672380435426
1.0,0.7240334780759156
1.0,0.07116583046745058
1.0,0.13263890368793044
1.0,0.5494121330499546
1.0,0.8377572654022685
1.0,0.49952075535502405
1.0,0.4080465272494357
1.0,0.8092337093605406
1.0,0.5779523807351565
1.0,0.2241300636045248
1.0,0.04459387391444721
1.0,0.6345108494590517
1.0,0.9995750963571884
1.0,0.33081401707778546
1.0,0.34696513443824334
1.0,0.953113337287544
1.0,0.6826943095237223
1.0,0.02918121167300688
1.0,0.2077330184439165
1.0,0.6251519382157231
1.0,0.7617880402015568
1.0,0.42321325418549016
1.0,0.45173717235482486
1.0,0.853262870602284
1.0,0.5336613768416499
1.0,0.1791931291337038
1.0,0.11870347816226393
1.0,0.7092656637815868
1.0,0.9265557926627696
1.0,0.25745691774960827
1.0,0.277971627741124
1.0,0.9313619999829874
1.0,0.7081349203292165
1.0,0.10186351153599969
1.0,0.16630709687602357
1.0,0.5050046085009423
1.0,0.8777542333098638
1.0,0.4604585194819733
1.0,0.42601627478163345
1.0,0.7803613165456634
1.0,0.6023817942917966
1.0,0.2007333704354854
1.0,0.0025180308603291695
1.0,0.6717401117174064
1.0,0.9677706182278873
1.0,0.37733115821741653
1.0,0.3299781374365195
1.0,0.9829685106538366
1.0,0.6553127416532655
1.0,0.049625780549171064
1.0,0.24882418962730463
1.0,0.5869379740656969
1.0,0.7965427513044187
1.0,0.37964631599847837
1.0,0.47703983505781755
1.0,0.8309853581323653
1.0,0.5525120588812242
1.0,0.15144760237897145
1.0,0.08601998686584222
1.0,0.7546578602013292
1.0,0.8836086218025548
1.0,0.2935689206490983
1.0,0.28669321878842213
1.0,0.8924647113585452
1.0,0.7458145820821239
1.0,0.09290875534130628
1.0,0.1425807690785418
1.0,0.5593926729184534
1.0,0.8240861085957001
1.0,0.4858877776808083
1.0,0.3865360526493058
1.0,0.7877004263501061
1.0,0.5957950468075214
1.0,0.24194942592105034
1.0,0.05847467633705445
1.0,0.6484144602919636
1.0,0.9898500628454876
1.0,0.32111228732192393
1.0,0.3684734775515267
1.0,0.974644969146196
1.0,0.664849992299575
1.0,0.01135971786963486
1.0,0.19385044478576077
1.0,0.6112460758121988
1.0,0.7715108221426452
1.0,0.4329132127058032
1.0,0.46929925332638633
1.0,0.8708631457166689
1.0,0.5118780212648291
1.0,0.15744843302429962
1.0,0.10875948128480607
1.0,0.6992834727613056
1.0,0.9402252983175554
1.0,0.2710877639369775
1.0,0.2643311523367686
1.0,0.9176982208227926
1.0,0.7181074671220409
1.0,0.11181324991851943
1.0,0.1880575194800189
1.0,0.526778334860777
1.0,0.8601596997005408
1.0,0.4428867942829549
1.0,0.41632204275591156
1.0,0.7706289053875889
1.0,0.6162933982003829
1.0,0.21460629986618424
1.0,0.020329895446715058
1.0,0.689590155436145
1.0,0.9462293421417785
1.0,0.35582855660919505
1.0,0.33967023797539486
1.0,0.9926992706601286
1.0,0.6413994865928967
1.0,0.03575071963162571
1.0,0.23101055380537025
1.0,0.5690856787763459
1.0,0.818081775819915
1.0,0.40114714637115134
1.0,0.4906785392266244
1.0,0.8446468857219476
1.0,0.5425372605177874
1.0,0.14149609276090322
1.0,0.0642674327750004
1.0,0.7328824826897119
1.0,0.9012015042600954
1.0,0.31113851436127016
1.0,0.30779769486647784
1.0,0.8978603245140051
1.0,0.7374687509635741
1.0,0.06885406130016057
1.0,0.1372168768003944
1.0,0.5382584048085766
1.0,0.8481725160089228
1.0,0.49420380926230173
1.0,0.3968185759828165
1.0,0.8137533255153462
1.0,0.5726923656053713
1.0,0.2346171205506296
1.0,0.0324515692036354
1.0,0.6381002160811404
1.0,0.9972121677529647
1.0,0.344183255151997
1.0,0.3591737009958722
1.0,0.9495748467797537
1.0,0.685000522940526
1.0,0.015739902699798036
1.0,0.21888887629583223
1.0,0.6205756143787329
1.0,0.7670989539613464
1.0,0.41279245158096706
1.0,0.4472120004495329
1.0,0.8644847857833527
1.0,0.5231759729236365
1.0,0.18445527762664438
1.0,0.11510807920724257
1.0,0.72140241649453
1.0,0.9131886841990957
1.0,0.2598214956293057
1.0,0.2746751773215598
1.0,0.9438125916183717
1.0,0.6949433142895518
1.0,0.10441944289681822
1.0,0.16197291820055473
1.0,0.5164026265248501
1.0,0.8675832687331216
1.0,0.46601925625907303
1.0,0.4374880129800124
1.0,0.7760859826681523
1.0,0.6078861029567294
1.0,0.19049011167899343
1.0,0.014904501517287175
1.0,0.6683944156959293
1.0,0.9703772211853402
1.0,0.3642060898419689
1.0,0.31752151346820245
1.0,0.9862594090755321
1.0,0.6527589399029846
1.0,0.06281903586430947
1.0,0.23742061585291035
1.0,0.5912661166556155
1.0,0.7909836675554102
1.0,0.38981941393837594
1.0,0.4813172985458663
1.0,0.81951526920946
1.0,0.5627492853047836
1.0,0.14593774171617
1.0,0.08936733591541081
1.0,0.7422735229075265
1.0,0.8967281344275162
1.0,0.2909562816060951
1.0,0.2978479546076493
1.0,0.8878877758448719
1.0,0.7511325320000777
1.0,0.08249453858082477
1.0,0.15478860387572163
1.0,0.5558529402942084
1.0,0.8263987877727793
1.0,0.47245338478199755
1.0,0.3829456484284265
1.0,0.7998417234830688
1.0,0.582424774887137
1.0,0.24431135070004267
1.0,0.053954168935548066
1.0,0.6596414902909404
1.0,0.9793621259105351
1.0,0.3263713924419199
1.0,0.37304876003710874
1.0,0.9634880999638136
1.0,0.6752697648105428
1.0,0.006047804037231475
1.0,0.19738804779946806
1.0,0.5990365917395453
1.0,0.7849512473743886
1.0,0.43060608552659263
1.0,0.45716351194391
1.0,0.8744595860230985
1.0,0.5095144434577454
1.0,0.1708165715815287
1.0,0.09753848361876184
1.0,0.7038095321606807
1.0,0.9349640635870218
1.0,0.2815740515964564
1.0,0.2529322505713953
1.0,0.9220314857358546
1.0,0.712545842850858
1.0,0.12198329698023706
1.0,0.17560589775107932
1.0,0.5300737852077274
1.0,0.857602726988314
1.0,0.45607738899215283
1.0,0.4196686525397957
1.0,0.7582433184720963
1.0,0.6294193840908551
1.0,0.21200058440281447
1.0,0.02460622939683987
1.0,0.6781194473313213
1.0,0.9564736122287372
1.0,0.35032528929567053
1.0,0.3353430053952656
1.0,1.0041037244233706
1.0,0.6312273099206415
1.0,0.041310694627334915
1.0,0.22772065920890616
1.0,0.5815433365908358
1.0,0.8048895280826257
1.0,0.4037019857202228
1.0,0.5030619965315793
1.0,0.8412986266625897
1.0,0.5451490083140899
1.0,0.12837565886829966
1.0,0.07573648785173275
1.0,0.7286040153764318
1.0,0.9067103273241063
1.0,0.30090028035986177
1.0,0.3025423357970884
1.0,0.9088135044227732
1.0,0.7306802937115147
1.0,0.0772901616371833
1.0,0.12599004475200054
1.0,0.5432859987474231
1.0,0.839470201220531
1.0,0.5007724494280803
1.0,0.40141291895178777
1.0,0.803061582975631
1.0,0.5796808073592331
1.0,0.22533552542767105
1.0,0.042863888077721464
1.0,0.6333031079206604
1.0,1.0062064211869735
1.0,0.33698458049742824
1.0,0.35261285501703055
1.0,0.958300056288657
1.0,0.6799804755158491
1.0,0.026989862130999978
1.0,0.2104450493189909
1.0,0.6273412444573991
1.0,0.7561382800750563
1.0,0.4180247358041961
1.0,0.45443395259161723
1.0,0.8554981689263381
1.0,0.5279961259093355
1.0,0.17405084300231977
1.0,0.12436644937933317
1.0,0.7144063907003217
1.0,0.9238574494607102
1.0,0.25521933595769136
1.0,0.2797154250872486
1.0,0.9325828325281816
1.0,0.7015166827536166
1.0,0.09570675587313811
1.0,0.1729230509837606
1.0,0.511159801198537
1.0,0.8760088767510901
1.0,0.4592354072215339
1.0,0.43267846113928055
1.0,0.7865010184374441
1.0,0.6006824298154009
1.0,0.19949500753676397
1.0,0.004215595956543738
1.0,0.6729764350684148
1.0,0.9611063885699095
1.0,0.371189653192837
1.0,0.32429751578215704
1.0,0.9778108538004046
1.0,0.6579941511680099
1.0,0.051845708151177144
1.0,0.2461412171472934
1.0,0.5847157629958281
1.0,0.8022210932435359
1.0,0.38480241363926126
1.0,0.4743106303278963
1.0,0.8287786378683104
1.0,0.5581444087379634
1.0,0.15661895065803635
1.0,0.08038559746138985
1.0,0.749484712542083
1.0,0.8863360233996773
1.0,0.29577359761282235
1.0,0.28888432628658817
1.0,0.8951787836576416
1.0,0.7406281051248519
1.0,0.08726079647129589
1.0,0.14776952950367672
1.0,0.5650421947537306
1.0,0.8218965603101831
1.0,0.4831759850969571
1.0,0.39167858082453066
1.0,0.7933654389911973
1.0,0.5935595064396265
1.0,0.23925288397548108
1.0,0.060712016085130535
1.0,0.651113041785246
1.0,0.9847095779705936
1.0,0.3154490778136315
1.0,0.36234938467301714
1.0,0.9679979114667562
1.0,0.6661034876291212
1.0,0.01307469511191944
1.0,0.19259851242148135
1.0,0.6095333820377771
1.0,0.7776371947363999
1.0,0.43956182959789225
1.0,0.46809355321201696
1.0,0.8691349611364332
1.0,0.5180503859409618
1.0,0.16408179927810668
1.0,0.10258915615638647
1.0,0.6926519058876797
1.0,0.9414328015647236
1.0,0.27281799181754407
1.0,0.2621109826909217
1.0,0.9150170495992714
1.0,0.7232653660193138
1.0,0.11749363328165868
1.0,0.18290166388307683
1.0,0.5210997546304366
1.0,0.8623816687265689
1.0,0.4455700050541893
1.0,0.41115093652068746
1.0,0.7649963172396265
1.0,0.6184998764205969
1.0,0.21733574288732868
1.0,0.018124976439150148
1.0,0.6868629921302457
1.0,0.9514027318448653
1.0,0.3614627077224242
1.0,0.3458272319294796
1.0,0.9993172661918877
1.0,0.6401784157564793
1.0,0.034007164329341956
1.0,0.2322334277745865
1.0,0.5708312773789606
1.0,0.8119268214135434
1.0,0.39453095021957346
1.0,0.4919166638341227
1.0,0.8463464922421842
1.0,0.5363977969172298
1.0,0.1348336643594153
1.0,0.07040917609080312
1.0,0.739546470303849
1.0,0.899964942617864
1.0,0.30944119130889647
1.0,0.3129707224419579
1.0,0.9034948340022234
1.0,0.735264194083616
1.0,0.06612653961927215
1.0,0.1394237171482153
1.0,0.5409874894547319
1.0,0.843001047646092
1.0,0.4885715794893285
1.0,0.39904066696891943
1.0,0.8164364180791234
1.0,0.5675363880483544
1.0,0.22893865852774634
1.0,0.037609346140833465
1.0,0.6437807176517368
1.0,0.9949921200671927
1.0,0.3415019657210186
1.0,0.3579374977286299
1.0,0.9478771615997731
1.0,0.6911419078813396
1.0,0.02240425244154196
1.0,0.21274905432028549
1.0,0.6139135481048518
1.0,0.7683374369438338
1.0,0.4144916959735968
1.0,0.44105692783570416
1.0,0.8578687115918497
1.0,0.5243989651003099
1.0,0.18620075426918414
1.0,0.11388712657828233
1.0,0.7196587392321714
1.0,0.9193455599457232
1.0,0.26643961312113956
1.0,0.26953457048659096
1.0,0.9381495003175365
1.0,0.6971807759977027
1.0,0.10711790618264345
1.0,0.15973749979273466
1.0,0.5137059663718238
1.0,0.8727256749482717
1.0,0.47168438710762145
1.0,0.4352988268221023
1.0,0.773373831709312
1.0,0.6130745012542574
1.0,0.19613999188925982
1.0,0.009717662432408252
1.0,0.6627468152009081
1.0,0.9725686908111132
1.0,0.36691980376607614
1.0,0.31872913492282784
1.0,0.9879895149960238
1.0,0.6465884965671078
1.0,0.056187590950758405
1.0,0.24359286232158595
1.0,0.5978996048694973
1.0,0.7897780856484979
1.0,0.38809110739806535
1.0,0.4874433127646319
1.0,0.8261642482291559
1.0,0.5614977113154933
1.0,0.1442246858141414
1.0,0.09062118961994624
1.0,0.7439881380222042
1.0,0.8906036831740175
1.0,0.284309586054262
1.0,0.2911838469097462
1.0,0.8817461526128352
1.0,0.7528299751362174
1.0,0.08373098013929017
1.0,0.15308911743925105
1.0,0.5546146956029442
1.0,0.8330610960905012
1.0,0.4785929684663211
1.0,0.3811999297420459
1.0,0.7986189695976186
1.0,0.5890410911224808
1.0,0.2504661850226482
1.0,0.04733629348755502
1.0,0.6534843762530897
1.0,0.9811055611290528
1.0,0.32759258336210334
1.0,0.37577604342677395
1.0,0.9656928988876124
1.0,0.6696354936135476
1.0,0.0008745344179105594
1.0,0.20302051586366443
1.0,0.6042078180585353
1.0,0.7822219244370102
1.0,0.42839948722261256
1.0,0.4628422122580164
1.0,0.8796153215362745
1.0,0.506831112602745
1.0,0.16859472263926661
1.0,0.10021953475851708
1.0,0.7060298218902936
1.0,0.9292838003076485
1.0,0.2764160326154175
1.0,0.2595639375287872
1.0,0.9282016907805082
1.0,0.7108154948865254
1.0,0.12077591381683482
1.0,0.17733396224754905
1.0,0.5312796054058628
1.0,0.850969480818273
1.0,0.4499049042322541
1.0,0.4213814663979834
1.0,0.7594951307526098
1.0,0.6227706471150001
1.0,0.20587433189282575
1.0,0.03125316699251378
1.0,0.6842436602935968
1.0,0.9547587550702187
1.0,0.3490716738823582
1.0,0.33264430381821725
1.0,1.0018665047590605
1.0,0.6368906395126999
1.0,0.04645105941846297
1.0,0.22205576665158092
1.0,0.576400688331845
1.0,0.807585949944429
1.0,0.40593764617188377
1.0,0.49741235461253613
1.0,0.8361099863212208
1.0,0.5478609209817071
1.0,0.13056508707005055
1.0,0.07302253563640233
1.0,0.7264127877944997
1.0,0.9123581661103507
1.0,0.30608687740089985
1.0,0.3061183008832606
1.0,0.912389702171242
1.0,0.7263828353382725
1.0,0.07299247060164449
1.0,0.13053459798949402
1.0,0.5478303193226199
1.0,0.8361408656740169
1.0,0.4974433465438628
1.0,0.40596803580807156
1.0,0.8076164671696182
1.0,0.5763697282977687
1.0,0.22202467902850323
1.0,0.046419675338587964
1.0,0.6368591278438235
1.0,1.001896477854685
1.0,0.3326744045028431
1.0,0.34904071009566423
1.0,0.9547276636945232
1.0,0.6842740536824024
1.0,0.03128368797032066
1.0,0.20590430123583256
1.0,0.6228007440470082
1.0,0.7594637504253524
1.0,0.42134995848172474
1.0,0.4498749555286446
1.0,0.8509394195361327
1.0,0.5313110251356058
1.0,0.1773654945558227
1.0,0.12080679692224855
1.0,0.7108464905704698
1.0,0.9281711979473339
1.0,0.25953333211708235
1.0,0.2763851326232241
1.0,0.9292527727264538
1.0,0.7060602715683644
1.0,0.10025011202558927
1.0,0.16862463569300812
1.0,0.5068611532454879
1.0,0.8795838774145166
1.0,0.462810640547257
1.0,0.4283694747245023
1.0,0.7821917993603694
1.0,0.604239181499013
1.0,0.20305199188267278
1.0,0.0009054738125895959
1.0,0.6696665455867572
1.0,0.965662469848939
1.0,0.37574550180956984
1.0,0.3276239430499634
1.0,0.9811370333954434
1.0,0.6534543675075972
1.0,0.047306172163531855
1.0,0.250435752231357
1.0,0.589010545752659
1.0,0.7986499127449153
1.0,0.38123098546787326
1.0,0.4786234218970096
1.0,0.833091677110191
1.0,0.5545837918581332
1.0,0.15305808610543867
1.0,0.08369953977014986
1.0,0.7527984071780757
1.0,0.881776061913959
1.0,0.2912138837998714
1.0,0.284340970134137
1.0,0.8906351948428939
1.0,0.7439581649265797
1.0,0.09059108893532036
1.0,0.1441942961779536
1.0,0.5614671940903041
1.0,0.8261952082632322
1.0,0.48747440038770956
1.0,0.3881215964786219
1.0,0.7898086873075851
1.0,0.5978687255167012
1.0,0.24356187039025928
1.0,0.05615616746839768
1.0,0.6465569605062165
1.0,0.988019467452251
1.0,0.31875919995758567
1.0,0.3668889206606624
1.0,0.9725376951271688
1.0,0.6627773080340822
1.0,0.0097482678441131
1.0,0.19616994059286935
1.0,0.6131045625363977
1.0,0.7733424119795689
1.0,0.4352672945138286
1.0,0.47165441776461464
1.0,0.8726955780162634
1.0,0.5137373466990811
1.0,0.15976900770899335
1.0,0.10714886996933747
1.0,0.697211867373398
1.0,0.938119106928731
1.0,0.2695040495087841
1.0,0.26640867372646054
1.0,0.9193145079725136
1.0,0.719689168270845
1.0,0.11391766819548649
1.0,0.18623076676729436
1.0,0.5244290901769507
1.0,0.857837348151372
1.0,0.44102545181669583
1.0,0.4144617829198553
1.0,0.768307396301091
1.0,0.6139449922266098
1.0,0.21278062603104486
1.0,0.022435152433735277
1.0,0.6911729354625342
1.0,0.9478467119217022
1.0,0.35790692046155775
1.0,0.3415334060901589
1.0,0.9950236880253344
1.0,0.643750808350613
1.0,0.03757930925070827
1.0,0.22890820509705784
1.0,0.5675058070286645
1.0,0.8164673218239344
1.0,0.3990716983027318
1.0,0.4886020122806197
1.0,0.8430315930159138
1.0,0.5409565463074352
1.0,0.13939266142238796
1.0,0.0660951799314121
1.0,0.7352327218172253
1.0,0.9035248427477159
1.0,0.3130008437659811
1.0,0.30941012807783375
1.0,0.8999340069758026
1.0,0.7395770231789063
1.0,0.07043960137685897
1.0,0.13486379318867384
1.0,0.536427798157487
1.0,0.8463150124705581
1.0,0.491885311651498
1.0,0.39450092083468363
1.0,0.8118969046071842
1.0,0.5708628378318669
1.0,0.2322648756489622
1.0,0.03403818815791896
1.0,0.6402093270065257
1.0,0.9992866926774332
1.0,0.3457967709935557
1.0,0.36149427192794825
1.0,0.9514341834718588
1.0,0.6868329589927382
1.0,0.01809505588017327
1.0,0.21730517312549186
1.0,0.6184694192372907
1.0,0.7650273373155858
1.0,0.41118184401811614
1.0,0.4456005541766288
1.0,0.862412090260007
1.0,0.5210686951519915
1.0,0.18287073199363316
1.0,0.11746214975741497
1.0,0.7232340100840714
1.0,0.9150471821811477
1.0,0.26214098768379657
1.0,0.2728494922285674
1.0,0.9414641893972163
1.0,0.6926218164609069
1.0,0.10255917930814429
1.0,0.16405128580553516
1.0,0.5180199850469209
1.0,0.8691660450068931
1.0,0.4681245245039463
1.0,0.4395924425148325
1.0,0.7776676800643387
1.0,0.6095023788485973
1.0,0.192567636821303
1.0,0.013043155298410403
1.0,0.6660720754046136
1.0,0.9680279802541317
1.0,0.3623793258713913
1.0,0.31541807837706953
1.0,0.9846787061230329
1.0,0.6511436509495685
1.0,0.0607424976604517
1.0,0.23928295651547432
1.0,0.5935894513906184
1.0,0.7933338954250706
1.0,0.39164716484740536
1.0,0.4831458919175666
1.0,0.8218665797093233
1.0,0.5650736989173716
1.0,0.14780092108878712
1.0,0.08729187658913821
1.0,0.7406590726641635
1.0,0.8951482739376878
1.0,0.288853929145165
1.0,0.29574257378424534
1.0,0.8863051121496309
1.0,0.7495152860565376
1.0,0.08041605839731372
1.0,0.15664898004292618
1.0,0.5581743255443227
1.0,0.8287470774154041
1.0,0.4742791824535206
1.0,0.38477228481000275
1.0,0.8021910920032788
1.0,0.584747242767454
1.0,0.24617256932991807
1.0,0.05187677138223987
1.0,0.6580250868100712
1.0,0.9777803009253473
1.0,0.3242670904961012
1.0,0.3712211367170807
1.0,0.9611377445051518
1.0,0.6729463024865385
1.0,0.00418559096366889
1.0,0.19946445841432445
1.0,0.6006520082819627
1.0,0.7865320779158892
1.0,0.4327093930287242
1.0,0.4592659769833707
1.0,0.8760393339343963
1.0,0.5111287811225776
1.0,0.17289214348633192
1.0,0.09567519166761411
1.0,0.7014852311266232
1.0,0.9326128656656891
1.0,0.2797453456462255
1.0,0.25525087577120037
1.0,0.9238888616852179
1.0,0.7143763219129462
1.0,0.12433650818095901
1.0,0.17402023008537953
1.0,0.5279656405813966
1.0,0.8555291721155178
1.0,0.45446482819179557
1.0,0.41805524927676757
1.0,0.7561686809690973
1.0,0.6273101605869392
1.0,0.21041407802706155
1.0,0.026958361719976662
1.0,0.6799490876833564
1.0,0.9583301457154297
1.0,0.35264283186527273
1.0,0.33695350037958594
1.0,1.006175453647662
1.0,0.6333336176406141
1.0,0.04289428521914466
1.0,0.22536561860706156
1.0,0.5797107879600929
1.0,0.80303007881199
1.0,0.40138152736667737
1.0,0.5007423768880871
1.0,0.8394402562695391
1.0,0.5433175423135498
1.0,0.12602146072912587
1.0,0.07732116107374533
1.0,0.7307111655590753
1.0,0.9087828952584507
1.0,0.30251185422176724
1.0,0.30093182204967966
1.0,0.9067417414249228
1.0,0.7285739447127474
1.0,0.07570654477704974
1.0,0.12834505158028595
1.0,0.5451185286150775
1.0,0.841329624222843
1.0,0.5030928665028311
1.0,0.4037324973164855
1.0,0.8049199271003578
1.0,0.5815122545966847
1.0,0.22768968979328563
1.0,0.041279188587385066
1.0,0.6311959164592222
1.0,1.0041338194790699
1.0,0.33537298787243436
1.0,0.3502942035489017
1.0,0.956442639060499
1.0,0.6781499626802017
1.0,0.024636632167189594
1.0,0.21203067570589612
1.0,0.6294493628154061
1.0,0.7582118161847642
1.0,0.4196372628309942
1.0,0.45604732208108617
1.0,0.8575727876662487
1.0,0.5301053231449276
1.0,0.17563730809927813
1.0,0.12201429829310795
1.0,0.7125767165747275
1.0,0.9220008746952232
1.0,0.2529017671197653
1.0,0.2815430296441882
1.0,0.9349331542132842
1.0,0.7038401037988263
1.0,0.09756894267837689
1.0,0.17084660659534504
1.0,0.5095443658930311
1.0,0.8744280199412656
1.0,0.4571320584406078
1.0,0.43057595482102523
1.0,0.7849212442578226
1.0,0.5990680733874801
1.0,0.19741940185840157
1.0,0.006078861639367669
1.0,0.6753006948236776
1.0,0.9634575527176829
1.0,0.3730183403799794
1.0,0.32640287033723714
1.0,0.9793934762168509
1.0,0.6596113633379908
1.0,0.05392416957159975
1.0,0.2442807997012943
1.0,0.5823943514773899
1.0,0.7998727848378226
1.0,0.382976582194179
1.0,0.4724839601727609
1.0,0.826429250585012
1.0,0.5558219145893226
1.0,0.1547576907493664
1.0,0.0824629762516096
1.0,0.7511010822493932
1.0,0.8879178071060705
1.0,0.2978778732903173
1.0,0.29098778764604494
1.0,0.8967595278889354
1.0,0.7422434278518272
1.0,0.08933735343824209
1.0,0.14590723011990733
1.0,0.5627188862870516
1.0,0.8195463512036112
1.0,0.48134826796148683
1.0,0.3898500212263896
1.0,0.7910141472544225
1.0,0.5912351190953622
1.0,0.23738974588165854
1.0,0.06278749417449157
1.0,0.6527275258021681
1.0,0.9862894797392164
1.0,0.31755145654288547
1.0,0.364175088529098
1.0,0.9703463474614707
1.0,0.6684250267365606
1.0,0.014934984968917181
1.0,0.19052017859006012
1.0,0.6079160422787947
1.0,0.7760544447309522
1.0,0.4374566026318135
1.0,0.4659891649559914
1.0,0.8675532900085705
1.0,0.5164341288121823
1.0,0.16200430790935627
1.0,0.10445052864358706
1.0,0.69497428745779
1.0,0.9437820762694914
1.0,0.2746447745512101
1.0,0.2597904380271695
1.0,0.9131577541859608
1.0,0.7214329637406607
1.0,0.11513849886437189
1.0,0.18448540833221175
1.0,0.5232059760402025
1.0,0.8644533041354179
1.0,0.4471806463905994
1.0,0.41276241656715074
1.0,0.7670690315260608
1.0,0.6206071804605657
1.0,0.21892032979913445
1.0,0.0157709246520662
1.0,0.6850314323142636
1.0,0.949544275141608
1.0,0.3591432419362572
1.0,0.3442148174812122
1.0,0.9972436175036493
1.0,0.6380701848199417
1.0,0.03242165052096737
1.0,0.23458654515986627
1.0,0.5726619027931386
1.0,0.8137843512202321
1.0,0.3968494891091717
1.0,0.4942343602610501
1.0,0.8482029394186699
1.0,0.5382273434538227
1.0,0.1371859430346419
1.0,0.06882258340484337
1.0,0.7374374006572583
1.0,0.8978904514669548
1.0,0.30782769423042616
1.0,0.3111075730902823
1.0,0.9011704504105769
1.0,0.7329129136046943
1.0,0.0642979762685134
1.0,0.14152609963008692
1.0,0.5425673799655018
1.0,0.8446155279103964
1.0,0.4906470688365426
1.0,0.4011172351937187
1.0,0.818051737053481
1.0,0.569117121021795
1.0,0.2310421236398208
1.0,0.03578162525274556
1.0,0.6414305198030179
1.0,0.9926688153531312
1.0,0.33963965507939614
1.0,0.35586000260726186
1.0,0.9462609157288467
1.0,0.6895602405060947
1.0,0.020299852927663335
1.0,0.2145758483118046
1.0,0.6162628190570019
1.0,0.7706598072560911
1.0,0.41635307221341505
1.0,0.4429172214453196
1.0,0.8601902394414361
1.0,0.5267473973424068
1.0,0.18802646938311807
1.0,0.11178188835435054
1.0,0.7180759929793413
1.0,0.917728231444594
1.0,0.26436127553710065
1.0,0.27111914614054367
1.0,0.9402568081101229
1.0,0.69925350154199
1.0,0.10872938247648903
1.0,0.15741803775918525
1.0,0.5118474984107133
1.0,0.8708941113796718
1.0,0.46933034657839057
1.0,0.4329437036626686
1.0,0.7715414256780412
1.0,0.6112151945830939
1.0,0.19381945097812528
1.0,0.011328300016200667
1.0,0.6648184618676101
1.0,0.9746749159734968
1.0,0.36850353695735805
1.0,0.32108140984543676
1.0,0.9898190727904698
1.0,0.6484449474962113
1.0,0.058505276119832764
1.0,0.2419793765009687
1.0,0.5958251099659704
1.0,0.7876690047440542
1.0,0.3865045184647233
1.0,0.48585780270887496
1.0,0.8240560060347654
1.0,0.5594240588746372
1.0,0.14261228262372702
1.0,0.09293971725169145
1.0,0.7458456715815105
1.0,0.8924343198460486
1.0,0.2866626996869241
1.0,0.29353801502797844
1.0,0.8835775885924336
1.0,0.7546883155083265
1.0,0.08605056976184094
1.0,0.1514775135564041
1.0,0.5525420976476583
1.0,0.8309539158869161
1.0,0.47700826522336703
1.0,0.37961630912929467
1.0,0.7965126318567043
1.0,0.5869693318772481
1.0,0.24885566001738646
1.0,0.04965672182015895
1.0,0.655343795502784
1.0,0.9829380797388542
1.0,0.32994759394300643
1.0,0.3773625197815854
1.0,0.9678020923705869
1.0,0.6717101010956051
1.0,0.0024879076599971647
1.0,0.2007029432731207
1.0,0.6023512545509013
1.0,0.7803922540640337
1.0,0.42604732487853425
1.0,0.46048897103635295
1.0,0.8777848124532448
1.0,0.5049737066324401
1.0,0.16627606741852002
1.0,0.10183206553793284
1.0,0.7081033467421483
1.0,0.9313919149130377
1.0,0.2780016702601757
1.0,0.25748833560304246
1.0,0.9265873230947343
1.0,0.7092357169542862
1.0,0.11867341875643261
1.0,0.17916263817683842
1.0,0.5336307733062539
1.0,0.8532937518313889
1.0,0.45176816616246035
1.0,0.4232436494506045
1.0,0.7618185630556725
1.0,0.6251209725527203
1.0,0.20770192519191227
1.0,0.02914982946944072
1.0,0.6826627997311548
1.0,0.9531433085068597
1.0,0.34699523324656034
1.0,0.3307830551674003
1.0,0.999544006857802
1.0,0.6345412409715484
1.0,0.04462439301594525
1.0,0.22416003857645816
1.0,0.5779824832960913
1.0,0.8092023234043567
1.0,0.4080150137042505
1.0,0.49949080477510566
1.0,0.8377272022438195
1.0,0.5494435546560065
1.0,0.13267043787251295
1.0,0.07119670794393777
1.0,0.7240644681309334
1.0,0.9100367508392949
1.0,0.3042264712127538
1.0,0.30382906055625747
1.0,0.9095162693331192
1.0,0.7255690661204213
1.0,0.07257847525127825
1.0,0.13307172123046276
1.0,0.5499679088636357
1.0,0.8362187915947611
1.0,0.4981052248081947
1.0,0.4085974884546236
1.0,0.8096617273050506
1.0,0.5765397434565642
1.0,0.2225944680547838
1.0,0.044038105606001555
1.0,0.634078024411284
1.0,1.0009906193987825
1.0,0.33235249839052816
1.0,0.34739698005279457
1.0,0.9536681561837147
1.0,0.6811548562829985
1.0,0.027764746724373332
1.0,0.20730405108713157
1.0,0.6245999975773188
1.0,0.7633226938442582
1.0,0.4246249195361014
1.0,0.4511823459534188
1.0,0.8528310324929681
1.0,0.5350778492955188
1.0,0.1807325748691922
1.0,0.1192554263059037
1.0,0.7096946236331364
1.0,0.9251441198069229
1.0,0.2559222716121422
1.0,0.2783995893963687
1.0,0.93191290489891
1.0,0.7065992609849748
1.0,0.1004508104629067
1.0,0.16587433562275655
1.0,0.5044489039869973
1.0,0.8792927709118719
1.0,0.4618740988128326
1.0,0.42546536236047544
1.0,0.7799333623956541
1.0,0.6037945028701249
1.0,0.2022690222744917
1.0,0.0030737428795095134
1.0,0.6721728654654381
1.0,0.9663550313917927
1.0,0.3757926281206439
1.0,0.3295463556164689
1.0,0.9824137405416958
1.0,0.6568522511832545
1.0,0.05104231679754068
1.0,0.24925308568435353
1.0,0.587489858414836
1.0,0.7950080488776873
1.0,0.3782345868533664
1.0,0.47759459766472295
1.0,0.8314171474576513
1.0,0.55109553013809
1.0,0.149908085343747
1.0,0.0854681100219385
1.0,0.7542289566390449
1.0,0.8850203434424314
1.0,0.29510363058106504
1.0,0.2862614182052831
1.0,0.8919099675147283
1.0,0.74735408035426
1.0,0.09432529534229359
1.0,0.1430096914039145
1.0,0.559944538504504
1.0,0.8225514099215864
1.0,0.48447603727784333
1.0,0.38709080399835816
1.0,0.7881322194280097
1.0,0.5943784993012987
1.0,0.2404099351541497
1.0,0.05792280324576842
1.0,0.6479855454718263
1.0,0.9912618107536879
1.0,0.32264697849080226
1.0,0.3689014129384476
1.0,0.9751958928252071
1.0,0.6633143292027155
1.0,0.009947028054394937
1.0,0.1934177022955822
1.0,0.61069034502993
1.0,0.7730493710025063
1.0,0.4343287882840448
1.0,0.4687483371526106
1.0,0.8704352028245126
1.0,0.5132907035748336
1.0,0.15898410362639437
1.0,0.10931520456183948
1.0,0.6997162227567195
1.0,0.9388097302445492
1.0,0.26954920757188106
1.0,0.26476300920917295
1.0,0.9182530359663457
1.0,0.7165680326444055
1.0,0.11039675870156207
1.0,0.18762854837061627
1.0,0.5262264054802256
1.0,0.8616943270749184
1.0,0.4442984783966546
1.0,0.4157672351175939
1.0,0.7701970410099492
1.0,0.6177098819121049
1.0,0.21614574184905494
1.0,0.020881817322031027
1.0,0.6900191340507831
1.0,0.9448176655333141
1.0,0.354293921729582
1.0,0.3392422312887379
1.0,0.9921482906918522
1.0,0.6429351009057261
1.0,0.03716334565236495
1.0,0.2314433600900495
1.0,0.5696414583426446
1.0,0.8165432832493192
1.0,0.39973164209264583
1.0,0.4912295267001362
1.0,0.8450748849033691
1.0,0.5411246269918127
1.0,0.13996048595330915
1.0,0.0637116457034663
1.0,0.732449683910268
1.0,0.9026170160438364
1.0,0.3126769994266306
1.0,0.30834867108213654
1.0,0.8982883274480443
1.0,0.7360561286954526
1.0,0.06731845073994881
1.0,0.13666109348147798
1.0,0.5378255947712797
1.0,0.8495880240400461
1.0,0.4957423055855152
1.0,0.39639058055401266
1.0,0.813202341794452
1.0,0.5742279686603476
1.0,0.23602975032398651
1.0,0.03288437173569698
1.0,0.6386560069052922
1.0,0.9956736789349867
1.0,0.3427677396156384
1.0,0.3586188896049369
1.0,0.949142993659967
1.0,0.6864170104048657
1.0,0.01727933342481567
1.0,0.21944080942900124
1.0,0.6210045892407532
1.0,0.7656872660950291
1.0,0.41125782045397175
1.0,0.4476438610745549
1.0,0.8650395896690528
1.0,0.5216365346933834
1.0,0.18303879766754008
1.0,0.11467909683998688
1.0,0.7208504908665964
1.0,0.9147233228313264
1.0,0.26123317599038764
1.0,0.27412424988993106
1.0,0.9433846524788332
1.0,0.6963560078574094
1.0,0.10595510974629528
1.0,0.16252864523020583
1.0,0.516835365262411
1.0,0.8661676969074976
1.0,0.46448071115182965
1.0,0.4379159596247863
1.0,0.7766369025945458
1.0,0.6063504286020169
1.0,0.1890774256163712
1.0,0.014471755274490915
1.0,0.6678386961715135
1.0,0.971915773797819
1.0,0.3656216541623574
1.0,0.3180762610646371
1.0,0.9866912134112887
1.0,0.6513423961493796
1.0,0.06127953383955576
1.0,0.23686875401947738
1.0,0.5908371980828604
1.0,0.7923954042057575
1.0,0.39135410885987193
1.0,0.480885501715345
1.0,0.81896051410779
1.0,0.5642887798243019
1.0,0.14735429297501035
1.0,0.08979624698293044
1.0,0.7428253922461948
1.0,0.8951934470112556
1.0,0.2895445374505124
1.0,0.29840272096717235
1.0,0.8883195539123048
1.0,0.7497159995043258
1.0,0.08095503280345338
1.0,0.15423671577396483
1.0,0.5554240404845419
1.0,0.8278105206705089
1.0,0.4739880909613466
1.0,0.3825138628557582
1.0,0.799286964628781
1.0,0.5839642881697438
1.0,0.2457278756905592
1.0,0.05438307625045001
1.0,0.6601933708874619
1.0,0.9778274122259506
1.0,0.3249596670494257
1.0,0.37249785887380377
1.0,0.9630601420611865
1.0,0.6766824621310181
1.0,0.0075834596288554814
1.0,0.1979437560660307
1.0,0.59946935674543
1.0,0.7835356642909117
1.0,0.4290675441719669
1.0,0.4575914623413016
1.0,0.8750104946916388
1.0,0.5079787953713567
1.0,0.169403866755818
1.0,0.09710572611811252
1.0,0.7032538163888826
1.0,0.9365025974364121
1.0,0.2829896421851687
1.0,0.2523774279226069
1.0,0.9215996363686856
1.0,0.7139623115521092
1.0,0.12352275397357851
1.0,0.17615783463686602
1.0,0.5305027488118946
1.0,0.8561910653903204
1.0,0.4545427391020691
1.0,0.42010049440172925
1.0,0.75879814862612
1.0,0.627879934602749
1.0,0.21058410819632786
1.0,0.024177273297907986
1.0,0.6775675029402992
1.0,0.9580082546135856
1.0,0.3517369583988994
1.0,0.33589397785830666
1.0,1.004531738615263
1.0,0.6298146613841961
1.0,0.0397751028302116
1.0,0.22716488714784283
1.0,0.5811105228009212
1.0,0.8063050548768375
1.0,0.4052404557751125
1.0,0.5026339748344517
1.0,0.8407476617047841
1.0,0.5466846076164485
1.0,0.12978829989950963
1.0,0.07616930914688276
1.0,0.7291597799322598
1.0,0.9051718497639812
1.0,0.2994847610708855
1.0,0.3011305991467411
1.0,0.9072788095012772
1.0,0.7312321555449476
1.0,0.0777190802099383
1.0,0.12740658850560552
1.0,0.5448255007721767
1.0,0.8389154536240964
1.0,0.5003406450923236
1.0,0.4029476063680484
1.0,0.8044733271312137
1.0,0.5792518962917135
1.0,0.22478365608900272
1.0,0.041324393558203144
1.0,0.6318865566618199
1.0,1.0066382180174949
1.0,0.33753933559909827
1.0,0.35402842684265445
1.0,0.9598386013959004
1.0,0.6794247484861979
1.0,0.026557123393439092
1.0,0.2090323557511333
1.0,0.6258055776079221
1.0,0.7566892075066851
1.0,0.41845267494373467
1.0,0.45289539997913847
1.0,0.8540826046059495
1.0,0.5284288721521317
1.0,0.17460656252673548
1.0,0.1259021237340456
1.0,0.715819076762944
1.0,0.9234295028159363
1.0,0.254668416031298
1.0,0.28112711295356596
1.0,0.9341174636551769
1.0,0.7009647496204475
1.0,0.0952777810111178
1.0,0.17150656351942092
1.0,0.5096203704735194
1.0,0.8765636881420255
1.0,0.4596672603413205
1.0,0.4311438225070498
1.0,0.7850893380763622
1.0,0.6011114121826566
1.0,0.20004693316469763
1.0,0.0057550341867967465
1.0,0.6743929150275191
1.0,0.9606745279448875
1.0,0.37063484930713697
1.0,0.3228820077510338
1.0,0.9762723574771911
1.0,0.6585499344869262
1.0,0.052278518188474093
1.0,0.24755383941541495
1.0,0.5862513735560397
1.0,0.8016701170278772
1.0,0.384374410705222
1.0,0.47584911914587436
1.0,0.830194153404669
1.0,0.5577116062059019
1.0,0.15606315983388458
1.0,0.07884999440641347
1.0,0.7480720827687262
1.0,0.8867640188284812
1.0,0.2963245813337165
1.0,0.2874687994923765
1.0,0.893640313602752
1.0,0.7411838771859152
1.0,0.08769361026121053
1.0,0.1491821780401221
1.0,0.5665777865508539
1.0,0.8213455878471422
1.0,0.48274797090506477
1.0,0.3932170583846557
1.0,0.7947809582801736
1.0,0.5931266851444764
1.0,0.23869711941965313
1.0,0.05917641678277184
1.0,0.649700400754036
1.0,0.9851375996677212
1.0,0.3160000427714372
1.0,0.3637610462710107
1.0,0.9695325613568399
1.0,0.6655515507433345
1.0,0.012645731507752181
1.0,0.19118204372023012
1.0,0.6079939250444356
1.0,0.7781920173851883
1.0,0.4399936789650612
1.0,0.46655891082716855
1.0,0.8677232920332042
1.0,0.5184793420398937
1.0,0.16463374366912875
1.0,0.10412860564449256
1.0,0.6940683820941663
1.0,0.9410009597027901
1.0,0.2722631616635203
1.0,0.2635265657743987
1.0,0.916555590953897
1.0,0.7227096577527511
1.0,0.11706086827577399
1.0,0.18148896656260152
1.0,0.5195640990388125
1.0,0.8629325698898739
1.0,0.4459979629568163
1.0,0.40961240267129717
1.0,0.7635807266509141
1.0,0.6189326339212463
1.0,0.2178914586591267
1.0,0.01966062452553878
1.0,0.6882756969559565
1.0,0.9509747814474737
1.0,0.36091179905388393
1.0,0.34441549903175
1.0,0.9977825600125386
1.0,0.640730303858236
1.0,0.03443606413900852
1.0,0.2336499602703384
1.0,0.5723707831563319
1.0,0.8113720550540203
1.0,0.3940991721521406
1.0,0.4934513775187071
1.0,0.8477582176346784
1.0,0.5359688896023279
1.0,0.13428178376289387
1.0,0.06886966280819636
1.0,0.7381299453133324
1.0,0.9003967281905323
1.0,0.30999595016318415
1.0,0.3145054248686893
1.0,0.9049065631473354
1.0,0.7348352980265671
1.0,0.06557465527013305
1.0,0.13788420761822623
1.0,0.5395709532063623
1.0,0.8434328294661425
1.0,0.4891263496014693
1.0,0.3976289453290429
1.0,0.8149017081471567
1.0,0.568088264892258
1.0,0.22936756209003062
1.0,0.0390258748839677
1.0,0.6453202346869613
1.0,0.9944373574602873
1.0,0.34107017639573267
1.0,0.3563989601266219
1.0,0.9464615822689137
1.0,0.6915746691346066
1.0,0.02295995695548693
1.0,0.21428471366452717
1.0,0.6153262491779448
1.0,0.7679094752885891
1.0,0.4139407910576741
1.0,0.4424725146717988
1.0,0.8594072416886224
1.0,0.5238432530811296
1.0,0.1857680005211525
1.0,0.11247441799995397
1.0,0.7181230873931651
1.0,0.9198964723668812
1.0,0.2668675672711489
1.0,0.2679999168438895
1.0,0.9367378349669252
1.0,0.6976097433544877
1.0,0.10766984682104787
1.0,0.1612769530334584
1.0,0.5151224313204573
1.0,0.8722938293337203
1.0,0.47112956821145074
1.0,0.4367104996779489
1.0,0.7749084778467781
1.0,0.6125225531106178
1.0,0.19571103203771026
1.0,0.008301189978539325
1.0,0.6612073694654196
1.0,0.9731235172125192
1.0,0.36735164187539204
1.0,0.32026760873033516
1.0,0.9894050455428531
1.0,0.6461556790245755
1.0,0.05563181513707737
1.0,0.24205727427708032
1.0,0.5964869600856696
1.0,0.7902060960877726
1.0,0.38864207610848867
1.0,0.4860277897230379
1.0,0.8246257669164133
1.0,0.5620534796239389
1.0,0.14465751086190912
1.0,0.09203382689853853
1.0,0.7455237335719452
1.0,0.8900527219688295
1.0,0.283881568109752
1.0,0.29272233948034193
1.0,0.8831616568913406
1.0,0.7523971688515382
1.0,0.08317520057299146
1.0,0.1515535031264216
1.0,0.553202069582205
1.0,0.8334891027771582
1.0,0.4791439484345975
1.0,0.379784417958305
1.0,0.7970804845322581
1.0,0.589596878194015
1.0,0.25089898380209213
1.0,0.048748927013529626
1.0,0.6550199830606838
1.0,0.980554573655541
1.0,0.3271645841806818
1.0,0.37424141605239636
1.0,0.9642812147739128
1.0,0.6700644647229502
1.0,0.001426463798461901
1.0,0.20455995034129976
1.0,0.6056243092754927
1.0,0.7817900675646059
1.0,0.4278446720790595
1.0,0.46425388886648067
1.0,0.8811499564158876
1.0,0.506279190727429
1.0,0.1681657440246286
1.0,0.0988030510467951
1.0,0.7044903799074229
1.0,0.9298386079459662
1.0,0.2768478969930571
1.0,0.25802538866892616
1.0,0.9267861152022665
1.0,0.711248237376704
1.0,0.1213316445991036
1.0,0.17886962534440845
1.0,0.5326922952211027
1.0,0.8505415454313521
1.0,0.449353980553243
1.0,0.42279703447098965
1.0,0.7610336871177061
1.0,0.6222149238379666
1.0,0.2054415818974118
1.0,0.029840484682509234
1.0,0.6827079896915021
1.0,0.9553096712439944
1.0,0.3494996167745145
1.0,0.3341790024923309
1.0,1.0032782451620255
1.0,0.6364617171873271
1.0,0.04589919383241231
1.0,0.2205162683794449
1.0,0.5749841483308576
1.0,0.808017750527568
1.0,0.4064923900157007
1.0,0.49600060670433577
1.0,0.8345752951523425
1.0,0.5484127940729931
1.0,0.13099400189018787
1.0,0.07443908314262501
1.0,0.7279522785614003
1.0,0.9118034147612983
1.0,0.3056550843229962
1.0,0.305028839039916
1.0,0.9111999703832874
1.0,0.7273257949870969
1.0,0.0738358808084549
1.0,0.13137428184694072
1.0,0.5487702731246767
1.0,0.8349558209055539
1.0,0.4963578512174139
1.0,0.406841947291446
1.0,0.8084059597654946
1.0,0.5753339438978261
1.0,0.22090423557353062
1.0,0.04530367873557505
1.0,0.6358275501283086
1.0,1.0026824842687296
1.0,0.33354506997191785
1.0,0.3501335342844568
1.0,0.9559053871058779
1.0,0.6833421417400499
1.0,0.030435954747934243
1.0,0.20505356967191385
1.0,0.6218651132605274
1.0,0.7606454328483674
1.0,0.42244746218477364
1.0,0.4489967210296941
1.0,0.8501609746467284
1.0,0.5323348011589484
1.0,0.17848930035624333
1.0,0.12193480190186147
1.0,0.7118747059405366
1.0,0.9273895145488652
1.0,0.2586516189415356
1.0,0.2771976775495548
1.0,0.9302265901505226
1.0,0.7048399221726974
1.0,0.09919127529519241
1.0,0.16756999814180357
1.0,0.5056452431965452
1.0,0.8805544563295211
1.0,0.4636197067969914
1.0,0.42721817349428537
1.0,0.7811868802409065
1.0,0.6049980489819418
1.0,0.20395652097375955
1.0,0.0018070045621440486
1.0,0.6704216942255575
1.0,0.9646615097411364
1.0,0.3745988800936092
1.0,0.3268070751080567
1.0,0.9801742636778467
1.0,0.6546627085266642
1.0,0.048368371239376734
1.0,0.2515023981591616
1.0,0.5902230934561536
1.0,0.7976836568454867
1.0,0.38041087151166686
1.0,0.47977808547267453
1.0,0.834084587853054
1.0,0.5538359720816766
1.0,0.15214923399877592
1.0,0.0827869613141234
1.0,0.7520475815548514
1.0,0.8827736596763135
1.0,0.292372513892432
1.0,0.2835240984396126
1.0,0.8896724213726793
1.0,0.7451665096982644
1.0,0.09165329176378292
1.0,0.14526093835314047
1.0,0.5626797380411811
1.0,0.8252289561164214
1.0,0.4866542901841209
1.0,0.3892762638069045
1.0,0.7908016018030657
1.0,0.5971209019876269
1.0,0.24265301453097882
1.0,0.05524359276498891
1.0,0.6458061386356099
1.0,0.9890170614619879
1.0,0.31991782629752863
1.0,0.36770146933961084
1.0,0.9735115163038554
1.0,0.6615569548857976
1.0,0.008689427361098541
1.0,0.1951153067942825
1.0,0.6118886562400727
1.0,0.7743129871419557
1.0,0.4360763570109453
1.0,0.47050311278178003
1.0,0.871690655144183
1.0,0.5144962179346275
1.0,0.1606735405526978
1.0,0.10805039696627423
1.0,0.6979670122595807
1.0,0.9371181505735462
1.0,0.2683574315454411
1.0,0.2675014941626354
1.0,0.9204922276312505
1.0,0.7187572600811102
1.0,0.11306993872571776
1.0,0.18538003145075793
1.0,0.5234934556378522
1.0,0.8590190343270047
1.0,0.4421229592723624
1.0,0.41358355217352255
1.0,0.7675289551643043
1.0,0.6149687644973346
1.0,0.2139044280788478
1.0,0.023563161165965883
1.0,0.6922011545852188
1.0,0.9470650247706159
1.0,0.3570252035333933
1.0,0.34044394799943206
1.0,0.9938339599899975
1.0,0.6446937642468198
1.0,0.038422715704900995
1.0,0.22974789270712226
1.0,0.568445764583339
1.0,0.8152822733028537
1.0,0.39798619922366524
1.0,0.48947592001137646
1.0,0.8438210818591725
1.0,0.5399207656601103
1.0,0.13827222172003303
1.0,0.06497917957578152
1.0,0.7342011403490928
1.0,0.9043108529143784
1.0,0.3138715129876735
1.0,0.31059145400216837
1.0,0.9010309140126392
1.0,0.7387256874435398
1.0,0.06950360658646249
1.0,0.13393224525023703
1.0,0.5355806691065482
1.0,0.8474084333255629
1.0,0.49306339156153295
1.0,0.3937188734322993
1.0,0.8110145872601898
1.0,0.5719902461452674
1.0,0.23329273452034874
1.0,0.035062320679941805
1.0,0.6413337294731586
1.0,0.9984090623499304
1.0,0.34501869010806707
1.0,0.3603086229880376
1.0,0.9503483241414942
1.0,0.6876722863515047
1.0,0.019034413016017746
1.0,0.21824872944052864
1.0,0.6193131859427815
1.0,0.7639382394761569
1.0,0.4099927164016092
1.0,0.4463859639244612
1.0,0.8632823992304015
1.0,0.519952334545063
1.0,0.18183855010667063
1.0,0.11642696952892011
1.0,0.7221139306330145
1.0,0.9159214501632024
1.0,0.26293107694588524
1.0,0.2718826396629266
1.0,0.9406437189423296
1.0,0.6936880983847957
1.0,0.10377112284019126
1.0,0.16526023099604983
1.0,0.5190825481266815
1.0,0.8683495335636667
1.0,0.46716235145256185
1.0,0.4405894361057393
1.0,0.7788259461529837
1.0,0.6085894438938905
1.0,0.19181621453186634
1.0,0.012295932188166055
1.0,0.6651635797966311
1.0,0.9691830078337123
1.0,0.3633728407857018
1.0,0.3163882932881583
1.0,0.9854871682013195
1.0,0.6500884167321517
1.0,0.05952623111282872
1.0,0.23806296361848764
1.0,0.5925312113264337
1.0,0.794147044522849
1.0,0.39262134627538986
1.0,0.48214457531108373
1.0,0.8207193613271504
1.0,0.5659746254954784
1.0,0.14855570572367177
1.0,0.08805110807598257
1.0,0.741564205926698
1.0,0.8939975693736831
1.0,0.2878493665243825
1.0,0.29671279244795185
1.0,0.8871135779805354
1.0,0.748460048086503
1.0,0.07919978809707305
1.0,0.1554289908985572
1.0,0.5571160892327558
1.0,0.8295602227605647
1.0,0.4752533601288874
1.0,0.3837709644509022
1.0,0.8010438698684881
1.0,0.5856481730981785
1.0,0.24692735771742041
1.0,0.052635999116466534
1.0,0.6589302163199879
1.0,0.9766296001139604
1.0,0.3232625316279364
1.0,0.3702542803988222
1.0,0.9603172702976475
1.0,0.6740125881630451
1.0,0.005397538248333552
1.0,0.2006733998522214
1.0,0.6017145676091056
1.0,0.7857155702252805
1.0,0.4317472237299574
1.0,0.4602629743268952
1.0,0.8771976037756589
1.0,0.5102158424152532
1.0,0.17214071744427756
1.0,0.09492797230998744
1.0,0.7005767392712584
1.0,0.9337678894926521
1.0,0.2807388568079183
1.0,0.25406523058390745
1.0,0.922803006107471
1.0,0.7152156455190949
1.0,0.1252758615641858
1.0,0.174963790153034
1.0,0.5288094110395051
1.0,0.8544400705234713
1.0,0.45327569682267094
1.0,0.4188406552719823
1.0,0.757038986186874
1.0,0.6261938037326282
1.0,0.2093818998927167
1.0,0.025923177738864118
1.0,0.6788290044796818
1.0,0.9592044174501022
1.0,0.3534329248799791
1.0,0.3381348225513029
1.0,1.0072723569318807
1.0,0.6324822856578655
1.0,0.041958294181365874
1.0,0.2244340669160071
1.0,0.5788636551565365
1.0,0.8041235034196126
1.0,0.40255961102933
1.0,0.4999603332383204
1.0,0.8385579426751624
1.0,0.5444449468743328
1.0,0.12704931584789472
1.0,0.07834529734838587
1.0,0.7318355717783259
1.0,0.9079052611783303
1.0,0.3017337695836609
1.0,0.2998727413991331
1.0,0.9055216284441701
1.0,0.7295480060569659
1.0,0.07651885328846614
1.0,0.12915435424493465
1.0,0.5460888636099324
1.0,0.8401134777589859
1.0,0.5020384728717763
1.0,0.40463727032772195
1.0,0.8056785581683721
1.0,0.5805070915570721
1.0,0.22653862497798302
1.0,0.040132330456510136
1.0,0.6301952002715694
1.0,1.0048892045327846
1.0,0.3362742747018391
1.0,0.35135664654489623
1.0,0.9576507436646516
1.0,0.6771869490424551
1.0,0.023820000640197198
1.0,0.21121032533477543
1.0,0.6284833508361273
1.0,0.7594246003031732
1.0,0.420703664838649
1.0,0.45513822605427373
1.0,0.8568252043047063
1.0,0.5310984778079402
1.0,0.17679173526002875
1.0,0.12317316480058288
1.0,0.7135740704169323
1.0,0.9212498126570845
1.0,0.2519894325838885
1.0,0.2823861959308489
1.0,0.935876350277023
1.0,0.7026506159310213
1.0,0.09647924442011799
1.0,0.16976134768381046
1.0,0.5083590772044184
1.0,0.8753677373284081
1.0,0.4579719862182042
1.0,0.42945575528620233
1.0,0.7838852234429657
1.0,0.5998573220632069
1.0,0.1982935497566903
1.0,0.0069492906935281
1.0,0.6760869451578719
1.0,0.9624262114170823
1.0,0.3719020998568168
1.0,0.3255553810350004
1.0,0.9784613278595841
1.0,0.6607888428291957
1.0,0.055017230175306645
1.0,0.24537806698942888
1.0,0.5835762778205547
1.0,0.7989373904662562
1.0,0.3821256067101106
1.0,0.4736075220530318
1.0,0.8274532630232688
1.0,0.5550437136200679
1.0,0.15387921983550165
1.0,0.08158149949097716
1.0,0.7503191549307748
1.0,0.8889457860612231
1.0,0.2990061221900799
1.0,0.2901402945911905
1.0,0.8958273757790509
1.0,0.7434209110956498
1.0,0.09043041779456668
1.0,0.14700449365542423
1.0,0.5639008088775985
1.0,0.8186109605846624
1.0,0.4804972962300361
1.0,0.39097358685927824
1.0,0.7920381634452971
1.0,0.5904569143734899
1.0,0.2365112712151761
1.0,0.06190602116647683
1.0,0.6519456022361674
1.0,0.9873174549417513
1.0,0.31867970169003035
1.0,0.36501825856837644
1.0,0.9712895472778272
1.0,0.667235535116138
1.0,0.013845282958040602
1.0,0.18943492343114324
1.0,0.6067307573427998
1.0,0.7769941583654769
1.0,0.43829652665679225
1.0,0.4648689616685508
1.0,0.866517265441096
1.0,0.5172233812405267
1.0,0.1628784595602627
1.0,0.1053209539451298
1.0,0.6957605340393667
1.0,0.9427507387215085
1.0,0.2735285377806652
1.0,0.26085287727054635
1.0,0.9143658550374958
1.0,0.7204699538555319
1.0,0.11432187108999718
1.0,0.18366505420847337
1.0,0.522239960308306
1.0,0.8656660920064446
1.0,0.44824705215087196
1.0,0.41185332429295596
1.0,0.7663214519171361
1.0,0.6216003313709605
1.0,0.22007475320726738
1.0,0.016929794912158826
1.0,0.6860287899090861
1.0,0.9487932093508517
1.0,0.3582309036477627
1.0,0.3431557405832833
1.0,0.9960235082755143
1.0,0.6390442424115426
1.0,0.033233955279766074
1.0,0.23539585157713264
1.0,0.573632241540611
1.0,0.8125682010037574
1.0,0.3957950917254992
1.0,0.4951391295196689
1.0,0.8489615667340665
1.0,0.5372221841668279
1.0,0.13603488197195696
1.0,0.06767572152135076
1.0,0.7364366807169878
1.0,0.8986458402732871
1.0,0.3087289848124486
1.0,0.31231976054247895
1.0,0.9022364959195515
1.0,0.732092199229658
1.0,0.0633313601177869
1.0,0.14056369016378809
1.0,0.541751112442425
1.0,0.8456783274050712
1.0,0.49185577010690756
1.0,0.40036556898413234
1.0,0.8171390385136885
1.0,0.5702756310305896
1.0,0.2320388808158133
1.0,0.03677537658197039
1.0,0.6425853034624489
1.0,0.9917600833302345
1.0,0.3388926758893015
1.0,0.3546434921394892
1.0,0.9452059179263441
1.0,0.6903689465045311
1.0,0.021269831423837836
1.0,0.2155502661547034
1.0,0.6170757242346305
1.0,0.7696013307769922
1.0,0.4151333232365781
1.0,0.44367225000035393
1.0,0.8610909296046285
1.0,0.5255999350400842
1.0,0.18702538919154957
1.0,0.11077708931865371
1.0,0.7169255323354864
1.0,0.9186336011220427
1.0,0.26512026310379533
1.0,0.2701833952702969
1.0,0.9394052359598422
1.0,0.7003501646586768
1.0,0.10991094481573799
1.0,0.1585958812543059
1.0,0.5129411631858679
1.0,0.8700472187436473
1.0,0.46839855471980407
1.0,0.4339713186139054
1.0,0.7726690704063561
1.0,0.6103331211562492
1.0,0.19303716716082658
1.0,0.010550455545626298
1.0,0.6639405876199577
1.0,0.9757990820252154
1.0,0.36952791339953056
1.0,0.32202052306113155
1.0,0.9906586365641504
1.0,0.6473593320859964
1.0,0.057319390765007805
1.0,0.24079048529937608
1.0,0.5947357682063918
1.0,0.7885125350346306
1.0,0.38744831869990976
1.0,0.48482586474206213
1.0,0.8229394090129224
1.0,0.560294123924882
1.0,0.1433979287864737
1.0,0.09372957009886582
1.0,0.7467201834837149
1.0,0.8913144768099059
1.0,0.28562727553827955
1.0,0.29447713199629094
1.0,0.8844171561187321
1.0,0.7536026963454939
1.0,0.0848646806543983
1.0,0.15028862610742916
1.0,0.5514527596406974
1.0,0.8317974424248749
1.0,0.4779520617059358
1.0,0.3785843674098641
1.0,0.7953960310822437
1.0,0.5878394006801105
1.0,0.24964130993275083
1.0,0.05044657091471563
1.0,0.6562183036523708
1.0,0.9818182404553293
1.0,0.3289121735469796
1.0,0.3764267651587209
1.0,0.9669505164676885
1.0,0.6728067679649097
1.0,0.0036694737518638064
1.0,0.20188078301562365
1.0,0.6034449155734382
1.0,0.7795453651806269
1.0,0.42511553677256547
1.0,0.4615165897402075
1.0,0.8789124609341774
1.0,0.5040916294529777
1.0,0.16549377984860364
1.0,0.10105422481997615
1.0,0.7072254762471135
1.0,0.9325160772121386
1.0,0.27902604294973055
1.0,0.2562718288878875
1.0,0.9255323290448495
1.0,0.7100444192001049
1.0,0.11964339349998943
1.0,0.18013705977235495
1.0,0.5344436822365003
1.0,0.8522352715996723
1.0,0.45054841343300567
1.0,0.4239986742530212
1.0,0.7627192494662473
1.0,0.6239735140030154
1.0,0.20670084875296146
1.0,0.028145026681126197
1.0,0.6815123353346821
1.0,0.9540486819369262
1.0,0.3477542245658727
1.0,0.3319952388669793
1.0,1.000610048614159
1.0,0.6337205303491297
1.0,0.04365778061783644
1.0,0.22319762535754167
1.0,0.5771662120203969
1.0,0.8102651266516493
1.0,0.4092237187272331
1.0,0.498739142318137
1.0,0.8368145074566447
1.0,0.5506020609121834
1.0,0.13366719129588778
1.0,0.07219046302578029
1.0,0.725219255542982
1.0,0.9091280150637805
1.0,0.30347948827004145
1.0,0.30486063827177234
1.0,0.9106322659361322
1.0,0.7246984006513465
1.0,0.07179246883723357
1.0,0.13228222863458639
1.0,0.5490939973802612
1.0,0.8373392350497337
1.0,0.4991410092081372
1.0,0.4076575346525669
1.0,0.8088220434476039
1.0,0.5776252387830131
1.0,0.22377951282324676
1.0,0.0452278373939562
1.0,0.6351674862546286
1.0,1.000147209191972
1.0,0.3314095387417037
1.0,0.3463687646827277
1.0,0.9525401512041018
1.0,0.6820365694585453
1.0,0.028546430122842015
1.0,0.20808249597653594
1.0,0.6254782320762692
1.0,0.7621988880438376
1.0,0.42360114351275885
1.0,0.45211797673989956
1.0,0.8536817640568868
1.0,0.53398034559247
1.0,0.17955089244617725
1.0,0.11807770289454907
1.0,0.7086017994443439
1.0,0.9259918530293093
1.0,0.2568541835544947
1.0,0.27764444075756833
1.0,0.9310113741493555
1.0,0.7077458827009354
1.0,0.10145177057070923
1.0,0.16687925474221937
1.0,0.5056002052172143
1.0,0.878388241820785
1.0,0.4611152313299039
1.0,0.42668127240941806
1.0,0.7809879999468587
1.0,0.6029854366203906
1.0,0.2012984433594872
1.0,0.0020999254554407
1.0,0.6713603205391074
1.0,0.9674138681221895
1.0,0.37701297751631085
1.0,0.33029718123969326
1.0,0.9833263189977223
1.0,0.655693621090694
1.0,0.05004471903518616
1.0,0.2482601749414907
1.0,0.5863351948391711
1.0,0.79591690098435
1.0,0.3789824066298231
1.0,0.4763820499612283
1.0,0.8303505015298467
1.0,0.5519156440942964
1.0,0.1508743412431755
1.0,0.08643087973953531
1.0,0.7550458245809516
1.0,0.8839581443665866
1.0,0.29389528956199806
1.0,0.28701224007588977
1.0,0.8928225422181371
1.0,0.746195454014317
1.0,0.09332770133255676
1.0,0.14201677690843398
1.0,0.5587898711762214
1.0,0.8234602657808668
1.0,0.4852238608069177
1.0,0.38587826004748116
1.0,0.7870655772528228
1.0,0.5951986095048875
1.0,0.24137618730096053
1.0,0.058885576715982914
1.0,0.6488024171663507
1.0,0.9901996079252253
1.0,0.32143863371911763
1.0,0.3681462680522649
1.0,0.9742943658282703
1.0,0.6644609471660585
1.0,0.01094798440957977
1.0,0.19442262516766273
1.0,0.6118416500127646
1.0,0.7721448381588019
1.0,0.43356991704849845
1.0,0.4699642434489356
1.0,0.8714898366230995
1.0,0.5124816410777169
1.0,0.15801352846400754
1.0,0.10834138338515298
1.0,0.6989036740777712
1.0,0.9398685707275637
1.0,0.2707695607201657
1.0,0.2637347900864884
1.0,0.917125027234115
1.0,0.71744974957257
1.0,0.11117844585264844
1.0,0.18840698950740295
1.0,0.5271046362265583
1.0,0.8605705250271155
1.0,0.44327470612592973
1.0,0.41670286965669234
1.0,0.7710477763264856
1.0,0.6166123744564382
1.0,0.2149640556734223
1.0,0.019704097663294073
1.0,0.6889263136146081
1.0,0.9456653950030829
1.0,0.3552258299193168
1.0,0.34027381275687046
1.0,0.9932642910474828
1.0,0.6420644316840337
1.0,0.03637733548570257
1.0,0.23065387124679082
1.0,0.5687675506118879
1.0,0.8176637229516742
1.0,0.4007674227399707
1.0,0.49028956914546173
1.0,0.8442351972933048
1.0,0.5422101260708794
1.0,0.1411455344743898
1.0,0.06490137373880325
1.0,0.7335391420009949
1.0,0.9017736095896436
1.0,0.3117340435304238
1.0,0.30722426861550367
1.0,0.8972641949260215
1.0,0.7368342095809413
1.0,0.06819608106745156
1.0,0.13754341082847243
1.0,0.538607642173664
1.0,0.8485601651686595
1.0,0.49461489727211455
1.0,0.39723770960495136
1.0,0.8141338897328889
1.0,0.5730498887503127
1.0,0.23493632946898163
1.0,0.031787464698860395
1.0,0.6374746809809575
1.0,0.9966096737253831
1.0,0.34361907535100483
1.0,0.3597389690559938
1.0,0.9501781738884619
1.0,0.685626921142777
1.0,0.016405065442760925
1.0,0.21857050045860682
1.0,0.6202191794929208
1.0,0.7667194479819917
1.0,0.41237418106090035
1.0,0.4468000943690642
1.0,0.864096033354016
1.0,0.5228256623098905
1.0,0.18412789550696898
1.0,0.11576495617035146
1.0,0.722036139806507
1.0,0.9137839656954819
1.0,0.26039384863162124
1.0,0.2750327454979135
1.0,0.9441318755890775
1.0,0.6953624929430988
1.0,0.10480008216671466
1.0,0.1613703791415609
1.0,0.5158383716715043
1.0,0.8669191191969343
1.0,0.46539364610653644
1.0,0.43685339654502575
1.0,0.7754279574040311
1.0,0.6073126016534015
1.0,0.1898939370595976
1.0,0.015292225729377626
1.0,0.6688055487371544
1.0,0.970703830265772
1.0,0.36455537223846857
1.0,0.31717112780210266
1.0,0.9859319819244444
1.0,0.6523469587701621
1.0,0.062430238403560386
1.0,0.23801597240165032
1.0,0.5918385146893432
1.0,0.7916406195708728
1.0,0.3904531822817652
1.0,0.48194374177952953
1.0,0.8201805070047767
1.0,0.5633145983963174
1.0,0.14654114387723197
1.0,0.08898778490464375
1.0,0.741855177335106
1.0,0.8964097135588786
1.0,0.2905997716679293
1.0,0.2974975914572556
1.0,0.8875603261780781
1.0,0.7507205583724906
1.0,0.08210573361484032
1.0,0.15538393790875546
1.0,0.5564253608436424
1.0,0.8270557322830066
1.0,0.47308716063062217
1.0,0.3835720991673251
1.0,0.8005069537731501
1.0,0.5829901104943769
1.0,0.2449147303453985
1.0,0.05357461041954562
1.0,0.6592231522237554
1.0,0.9790436825261912
1.0,0.3260149050194603
1.0,0.3734063507291685
1.0,0.9638073614188132
1.0,0.6756889509693252
1.0,0.006428435801892545
1.0,0.19678548622476807
1.0,0.5984723594019055
1.0,0.784287090332966
1.0,0.42998048287929136
1.0,0.4565289030141587
1.0,0.8738015532537419
1.0,0.5089409646701235
1.0,0.1702203744464267
1.0,0.09792620032561693
1.0,0.7042206727071411
1.0,0.9352906501517474
1.0,0.2819233565086621
1.0,0.2534975111262815
1.0,0.9226348203497982
1.0,0.7131722185374029
1.0,0.12264848223890608
1.0,0.1752875294190893
1.0,0.52971734281668
1.0,0.8572232435246653
1.0,0.45565909595638
1.0,0.41925672394362085
1.0,0.7578545885584657
1.0,0.6290690659718736
1.0,0.21167320978837445
1.0,0.025263128875654874
1.0,0.6787531481275922
1.0,0.9570689012303588
1.0,0.3508976347927507
1.0,0.3347695716390561
1.0,1.0035076023406224
1.0,0.6305927460223024
1.0,0.040652736910332034
1.0,0.22804720074221957
1.0,0.5818925664506879
1.0,0.8052771997580686
1.0,0.40411305121432956
1.0,0.5034811076380081
1.0,0.8416792133958385
1.0,0.5455065239537958
1.0,0.12869487529188706
1.0,0.07507240586266387
1.0,0.7279784577605428
1.0,0.9061078408017601
1.0,0.30033609305363423
1.0,0.3021313153343939
1.0,0.9084256676321522
1.0,0.7303308687155429
1.0,0.07696369515622364
1.0,0.12664795743759116
1.0,0.5439207277609404
1.0,0.840066518439399
1.0,0.5013458081319362
1.0,0.4019772713731936
1.0,0.8036640244665649
1.0,0.5803062899227683
1.0,0.2259998025528597
1.0,0.04254450653895581
1.0,0.6329456373123665
1.0,1.0058259095060784
1.0,0.33656527425487975
1.0,0.35303107300044967
1.0,0.9586797348884254
1.0,0.6803370830220747
1.0,0.02730818543157776
1.0,0.20977993911267565
1.0,0.6267146736347345
1.0,0.7555347803459346
1.0,0.41745952028072214
1.0,0.4538614119584173
1.0,0.8549029549770703
1.0,0.5273624701444769
1.0,0.1733937784083265
1.0,0.12469401912989296
1.0,0.7147566337669494
1.0,0.9242461343429287
1.0,0.25563142966904445
1.0,0.2803408626193716
1.0,0.9332470346010165
1.0,0.7020809901436101
1.0,0.09630912231171833
1.0,0.1725425843342778
1.0,0.5107405700083423
1.0,0.8756895402437367
1.0,0.45887801166559383
1.0,0.4323291111956625
1.0,0.7861745969878968
1.0,0.6002714844050602
1.0,0.19910721577755516
1.0,0.004811838123057953
1.0,0.6735497487408583
1.0,0.9617642262031464
1.0,0.37182433717494195
1.0,0.3236639350696522
1.0,0.9771538342378235
1.0,0.6574216855871636
1.0,0.051250539233321554
1.0,0.2465298269771581
1.0,0.5851278116757689
1.0,0.8025485879417419
1.0,0.3851526116744767
1.0,0.47466719280270975
1.0,0.8290968861165344
1.0,0.5585625816899703
1.0,0.15699855420545106
1.0,0.07978214276368024
1.0,0.7489195720709629
1.0,0.8856709582247743
1.0,0.29514710184251153
1.0,0.2882507230583772
1.0,0.8945217866107668
1.0,0.7400556320387703
1.0,0.08666563505867568
1.0,0.14815816184924754
1.0,0.5654542209179654
1.0,0.8222240625136246
1.0,0.4835261756269371
1.0,0.39203513579410876
1.0,0.7936836947446567
1.0,0.5939776568759272
1.0,0.23963251003860192
1.0,0.06010856889265632
1.0,0.6505478938088904
1.0,0.9840445353113966
1.0,0.31482255952761456
1.0,0.362974799689434
1.0,0.9686621360552972
1.0,0.6666677875138793
1.0,0.013677069055735035
1.0,0.19221806828770466
1.0,0.6091141283318762
1.0,0.7773178657342819
1.0,0.4392044265367168
1.0,0.4677441957631635
1.0,0.8688085471921211
1.0,0.517639418014915
1.0,0.16369403003460398
1.0,0.10318540582813607
1.0,0.6932252120548879
1.0,0.9420906617136666
1.0,0.27345265328394297
1.0,0.2625292081795762
1.0,0.9153967206938045
1.0,0.7236219960412456
1.0,0.11781193406653034
1.0,0.18223654617152618
1.0,0.5204731913130073
1.0,0.8617781464817409
1.0,0.44500481204642145
1.0,0.41057841840319365
1.0,0.7644010807746525
1.0,0.6178662281609737
1.0,0.21667867078810005
1.0,0.018452523674003806
1.0,0.6872132577125796
1.0,0.9517914092218485
1.0,0.3618748089390127
1.0,0.3454162189720205
1.0,0.9989294218960312
1.0,0.6398290132762137
1.0,0.03368067533267617
1.0,0.23289133295494174
1.0,0.5714660138977131
1.0,0.8125231161167052
1.0,0.3951043314391354
1.0,0.4924810387712346
1.0,0.846948911217412
1.0,0.5370232869860004
1.0,0.13549793397936855
1.0,0.07008977203633134
1.0,0.7391890222112614
1.0,0.8995844234317335
1.0,0.30902189257158336
1.0,0.3133506412092584
1.0,0.9039128118181106
1.0,0.7355822772166618
1.0,0.06648338729302983
1.0,0.1387969061580187
1.0,0.5403226194159486
1.0,0.84243607229015
1.0,0.48796783959267465
1.0,0.3984452128521196
1.0,0.8158641176134555
1.0,0.5668795636218931
1.0,0.22830476259535573
1.0,0.03795982937499314
1.0,0.6441080472347646
1.0,0.9954039736110137
1.0,0.34189089077076906
1.0,0.35754942077047686
1.0,0.9474663813046106
1.0,0.690815681567912
1.0,0.022054587278038162
1.0,0.21338402350133473
1.0,0.6145712206229104
1.0,0.7689105554801576
1.0,0.4150882533599968
1.0,0.44165960949417016
1.0,0.8584328238457236
1.0,0.5250630020579665
1.0,0.18682647700025137
1.0,0.11352941580245653
1.0,0.7193395978609377
1.0,0.9189264938707068
1.0,0.2660588612727125
1.0,0.268877791091542
1.0,0.9375156794374996
1.0,0.6965853669123151
1.0,0.10654568076932926
1.0,0.16014930830514348
1.0,0.5140948163692205
1.0,0.8730761131510191
1.0,0.4720116416382955
1.0,0.43561683490279435
1.0,0.7737306343516573
1.0,0.6134543449692041
1.0,0.19655792467373467
1.0,0.009152762128820057
1.0,0.6621431203356664
1.0,0.9719419548732703
1.0,0.36625497875870516
1.0,0.3193930968281307
1.0,0.9886151926956788
1.0,0.64719110317322
1.0,0.05675165817321997
1.0,0.24317387129892323
1.0,0.5975188980524825
1.0,0.7894204499250259
1.0,0.38777201105824394
1.0,0.4871171314826165
1.0,0.8258146581180059
1.0,0.5611096793887524
1.0,0.14381398057133268
1.0,0.09119426312485782
1.0,0.7445846203562504
1.0,0.8912386073236545
1.0,0.2849671835199669
1.0,0.2918478313307552
1.0,0.882371807796784
1.0,0.753432589247565
1.0,0.08429503985651637
1.0,0.1526701039008822
1.0,0.5542340113016355
1.0,0.8327034528617938
1.0,0.47827387963173507
1.0,0.38087375596526585
1.0,0.7982693719812332
1.0,0.5886530817114461
1.0,0.2500554572641334
1.0,0.04790935948723122
1.0,0.6540808660923714
1.0,0.9817404627629837
1.0,0.32825020334351435
1.0,0.3751192865474311
1.0,0.9650590554918695
1.0,0.6690400920333953
1.0,0.00030230149936098544
1.0,0.20343230186036715
1.0,0.6045966905716381
1.0,0.7825723551345223
1.0,0.42872674925852194
1.0,0.4631602278439438
1.0,0.8799721166733846
1.0,0.5072109788333978
1.0,0.16901263290803534
1.0,0.09965462694969351
1.0,0.7054261345302874
1.0,0.9286570418540995
1.0,0.2757512301237526
1.0,0.25917585306539875
1.0,0.927790917990581
1.0,0.7104892460573916
1.0,0.12042627116903715
1.0,0.17796893893383367
1.0,0.5319372704186861
1.0,0.8515426218703028
1.0,0.45050143910294793
1.0,0.42198412554074327
1.0,0.7600592655221897
1.0,0.6234346765674212
1.0,0.20650006212912836
1.0,0.0308954787323941
1.0,0.6839244964066571
1.0,0.9543396965004376
1.0,0.3486909145286958
1.0,0.3330242150802823
1.0,1.002284490080183
1.0,0.6372087001300395
1.0,0.04680792960792677
1.0,0.22142896316661967
1.0,0.5757358107878263
1.0,0.8070209971041932
1.0,0.4053338837595238
1.0,0.49681687798003016
1.0,0.835537708371259
1.0,0.5472040890500105
1.0,0.12993119864289532
1.0,0.07337304138626814
1.0,0.7267400948618213
1.0,0.9127700271594071
1.0,0.30647579494541494
1.0,0.30682544885106566
1.0,0.9126047618764496
1.0,0.7266593685501278
1.0,0.0737611220970389
1.0,0.13031933939554907
1.0,0.5471234227801999
1.0,0.8353725031301844
1.0,0.4971665919275639
1.0,0.40569128306808155
1.0,0.8068481065020945
1.0,0.5756628298790397
1.0,0.22180941855824943
1.0,0.04718832495767353
1.0,0.6371356591793699
1.0,1.0021115394362015
1.0,0.33338155434695704
1.0,0.3483335752620211
1.0,0.9545126471444192
1.0,0.6839975373573266
1.0,0.030515083382647346
1.0,0.2061196067374986
1.0,0.6235076574762078
1.0,0.7602321561242883
1.0,0.4216267262321855
1.0,0.45015172515541424
1.0,0.8517078271113775
1.0,0.5320179366884966
1.0,0.17758079818117992
1.0,0.12003819045826639
1.0,0.7105699723690851
1.0,0.9279561832735387
1.0,0.258826199159748
1.0,0.275678189173083
1.0,0.9290374372038462
1.0,0.705783473796962
1.0,0.09948167630571189
1.0,0.1688397423059367
1.0,0.5075683781419555
1.0,0.8803525720650144
1.0,0.46308724693515724
1.0,0.42864608298871143
1.0,0.782960495887176
1.0,0.6049464045191719
1.0,0.20326709661929254
1.0,0.0001370362164033738
1.0,0.6693897459390461
1.0,0.9654471362026402
1.0,0.37503856023573756
1.0,0.32833092965520794
1.0,0.9813523820522129
1.0,0.6537312121867206
1.0,0.04807462477018883
1.0,0.250220662505208
1.0,0.5883033677639125
1.0,0.7978812312285793
1.0,0.3809544222350764
1.0,0.4783468605405216
1.0,0.832322997470164
1.0,0.5538766119930778
1.0,0.15284299450298083
1.0,0.08446799050049798
1.0,0.7530752499808903
1.0,0.8819914124470373
1.0,0.29192087228142477
1.0,0.28504790983166045
1.0,0.8908505266128837
1.0,0.7442349664505997
1.0,0.09135952840781543
1.0,0.14397918581240732
1.0,0.5607599654412188
1.0,0.8254265173653521
1.0,0.487197797752427
1.0,0.3878449919670305
1.0,0.7890399945333961
1.0,0.5971614987439248
1.0,0.24334676190102184
1.0,0.056924608817201586
1.0,0.6468337639065453
1.0,0.988234797345932
1.0,0.3194661377788003
1.0,0.3661819378080356
1.0,0.972322350223017
1.0,0.6625004596023412
1.0,0.008979811484838441
1.0,0.19638503407163604
1.0,0.613811744277762
1.0,0.7741110897432871
1.0,0.4355438539940078
1.0,0.47193097536848494
1.0,0.8734642539036729
1.0,0.5144445303167542
1.0,0.15998410306406888
1.0,0.10638041548637164
1.0,0.6969350208179659
1.0,0.9379037601482704
1.0,0.2687970647798484
1.0,0.26570152200603775
1.0,0.9190994445146884
1.0,0.7194126388116073
1.0,0.11314902045270976
1.0,0.18644602160862161
1.0,0.525135982966753
1.0,0.8586057144478222
1.0,0.4413022101856124
1.0,0.414738539412463
1.0,0.7690757607212323
1.0,0.614651886892721
1.0,0.21299588274868098
1.0,0.0216665065672674
1.0,0.6908964078796055
1.0,0.9476316465875683
1.0,0.35719976686482613
1.0,0.3422405446764198
1.0,0.9952387083280562
1.0,0.644027320923071
1.0,0.0383479100857639
1.0,0.22869290334800949
1.0,0.5667988973520826
1.0,0.8156989123723809
1.0,0.39879492679965334
1.0,0.48832523890123236
1.0,0.8422631816880514
1.0,0.540249638507162
1.0,0.13917736154964847
1.0,0.06686378264277658
1.0,0.7355092362659923
1.0,0.903739861174129
1.0,0.3137079804759331
1.0,0.30919484321556495
1.0,0.8992270841650588
1.0,0.7388086268615146
1.0,0.07016281298700089
1.0,0.1355709148881551
1.0,0.5366428315943707
1.0,0.8465915119088542
1.0,0.49265392937333324
1.0,0.39526953668021003
1.0,0.8121734021691716
1.0,0.5710778731450593
1.0,0.2329719992247523
1.0,0.03376140164436973
1.0,0.6394409325654429
1.0,0.9985797679903805
1.0,0.34558148425497814
1.0,0.3617095436560551
1.0,0.9521410631274992
1.0,0.6876013384233504
1.0,0.018371797362310253
1.0,0.21659800451828948
1.0,0.6182543689136275
1.0,0.7647507947221863
1.0,0.41041321316211904
1.0,0.4448319214443229
1.0,0.8621355457902986
1.0,0.5208536467046371
1.0,0.18216356526273964
1.0,0.11773889311586079
1.0,0.7240023913909923
1.0,0.9157540599604792
1.0,0.26235625753559455
1.0,0.2730645725731722
1.0,0.9421713880253602
1.0,0.6933904773378455
1.0,0.10283575192248533
1.0,0.16334431608707023
1.0,0.5178046232559895
1.0,0.8688892134619317
1.0,0.46735605501050975
1.0,0.4388239711450871
1.0,0.7773908466430685
1.0,0.6092870189339747
1.0,0.19186066897914691
1.0,0.013319729789060293
1.0,0.666840738157861
1.0,0.9687351770059667
1.0,0.36259440433968726
1.0,0.31520295487736133
1.0,0.9839714943607271
1.0,0.6503749431649088
1.0,0.06046590815933106
1.0,0.23998990934715966
1.0,0.5938047662738286
1.0,0.7936107138358701
1.0,0.3924155911857385
1.0,0.48391431637959087
1.0,0.822143396243814
1.0,0.5652890156768907
1.0,0.1485078757967813
1.0,0.0870152889643264
1.0,0.7398903667558127
1.0,0.8944410602990732
1.0,0.28863880376914797
1.0,0.29552749719225824
1.0,0.8855979172741048
1.0,0.7487466214269812
1.0,0.08013948203035498
1.0,0.1573559535140088
1.0,0.5583896910878717
1.0,0.8290239052077478
1.0,0.4750476481943395
1.0,0.38554075242713043
1.0,0.8024679216719314
1.0,0.5849626064346942
1.0,0.24687954092469183
1.0,0.05160019313897229
1.0,0.6572564203042061
1.0,0.97707310792613
1.0,0.324052015780423
1.0,0.37143625646417117
1.0,0.9618449525148399
1.0,0.673715014023816
1.0,0.004462184217407217
1.0,0.19875750183002142
1.0,0.6004366896461347
1.0,0.7862552632577073
1.0,0.4319409704430087
1.0,0.45849755627396405
1.0,0.8757625211525232
1.0,0.5109134606104409
1.0,0.17218518502572006
1.0,0.09595178304504359
1.0,0.7022539407875917
1.0,0.9333200755516861
1.0,0.2799604672696248
1.0,0.2554661643860868
1.0,0.9245957882485795
1.0,0.7151447144777202
1.0,0.1246132928181994
1.0,0.17331311213851594
1.0,0.5277506108971306
1.0,0.8552526689246039
1.0,0.4536962067173427
1.0,0.4172866296786235
1.0,0.7558921796544923
1.0,0.6270951290263643
1.0,0.2097069582038891
1.0,0.02723514448090821
1.0,0.6807174783718215
1.0,0.9590370741551001
1.0,0.352858122356468
1.0,0.33673822489886135
1.0,1.0054685702394037
1.0,0.6325652419626198
1.0,0.04261754748962536
1.0,0.22607278346164625
1.0,0.5799258345311386
1.0,0.8033066251580072
1.0,0.4021501619752922
1.0,0.5015110133730107
1.0,0.8397168044918653
1.0,0.5435325870082865
1.0,0.12672862370740173
1.0,0.07704442146791719
1.0,0.7299427880047721
1.0,0.9080760137265014
1.0,0.30229658061735154
1.0,0.3001631424096526
1.0,0.9064651800684348
1.0,0.7283588531102896
1.0,0.07499936491199431
1.0,0.1286218943831005
1.0,0.5458869793454256
1.0,0.8420366127043963
1.0,0.5033082170359094
1.0,0.40394784597325495
1.0,0.8056269137056022
1.0,0.5822807072033417
1.0,0.22796653447240903
1.0,0.040572010598638485
1.0,0.6309808267330732
1.0,1.003857256246273
1.0,0.33460430635609845
1.0,0.35106290007570834
1.0,0.956719247324708
1.0,0.6783650674168215
1.0,0.02534385518734843
1.0,0.211753876058185
1.0,0.6286809252192199
1.0,0.7575048746109319
1.0,0.41942192918469545
1.0,0.4558319865584786
1.0,0.8568658442161076
1.0,0.5293368874250503
1.0,0.17536051032787583
1.0,0.12272152318957562
1.0,0.7127918231876561
1.0,0.9222774810831234
1.0,0.2536704617702631
1.0,0.2823114372194329
1.0,0.9352099238400539
1.0,0.7040554074241835
1.0,0.09827585423126765
1.0,0.17057008839396046
1.0,0.508775759429049
1.0,0.8737208869839314
1.0,0.4569170437668125
1.0,0.43036093827092115
1.0,0.7842141094241795
1.0,0.5982994687998069
1.0,0.19714288553332582
1.0,0.006785775068567286
1.0,0.6755160003253436
1.0,0.9637343204681437
1.0,0.37378674607891527
1.0,0.3256345096697135
1.0,0.9791167234768609
1.0,0.659396102867737
1.0,0.05321727115287088
1.0,0.24455733103684077
1.0,0.5831630010964756
1.0,0.8005799346819366
1.0,0.38319164377569537
1.0,0.4726990198779684
1.0,0.8271363985528171
1.0,0.556590566084717
1.0,0.15503422396122174
1.0,0.08175607970918958
1.0,0.7508858236554482
1.0,0.8876410524897717
1.0,0.29710951074648484
1.0,0.2902193763181825
1.0,0.8964827545095481
1.0,0.7420281279790877
1.0,0.088630445637969
1.0,0.14618374456867422
1.0,0.563487488998416
1.0,0.8202534879135632
1.0,0.4815632863878998
1.0,0.3900650415291114
1.0,0.7917212858406834
1.0,0.5920037199304179
1.0,0.2376662584541166
1.0,0.06208058449790965
1.0,0.6525122240531197
1.0,0.986012708236138
1.0,0.31678304709133187
1.0,0.36494345294923936
1.0,0.9706231039540785
1.0,0.6686402834541967
1.0,0.01564187963502836
1.0,0.1902436510071313
1.0,0.6071473964123268
1.0,0.7753472911342205
1.0,0.4372415372976795
1.0,0.4657741014981662
1.0,0.8668461382881478
1.0,0.5156654810694057
1.0,0.16172777845011865
1.0,0.1051574214333894
1.0,0.6951895422991172
1.0,0.944058834638408
1.0,0.2754131408476603
1.0,0.26055911391457887
1.0,0.9134343117898311
1.0,0.7216480590957363
1.0,0.115845682482045
1.0,0.18420856177677952
1.0,0.5224375215572367
1.0,0.8637463194064823
1.0,0.4469652996101388
1.0,0.412547071662999
1.0,0.7663620486734338
1.0,0.619838724101291
1.0,0.21864348136739337
1.0,0.016478106393430475
1.0,0.6852465257930302
1.0,0.9498208346217871
1.0,0.3599119196999754
1.0,0.3434461247070232
1.0,0.9969670129920579
1.0,0.6378550763307043
1.0,0.03171442374819084
1.0,0.23486334856019508
1.0,0.5734303441419425
1.0,0.8144912890414466
1.0,0.39706481900285273
1.0,0.49444969203103994
1.0,0.8489098791161933
1.0,0.5389957829263178
1.0,0.13746274455866186
1.0,0.068115354755758
1.0,0.737222290291712
1.0,0.8976138488316722
1.0,0.30705900333254604
1.0,0.31138438962477305
1.0,0.9019388748726013
1.0,0.7336198683126884
1.0,0.06451329302803249
1.0,0.140757393721736
1.0,0.5422907923406899
1.0,0.8444004025343793
1.0,0.489939855197928
1.0,0.4004100234314129
1.0,0.8178366135537728
1.0,0.5688405315206744
1.0,0.23027341585516106
1.0,0.035996940135955814
1.0,0.6421374726347032
1.0,0.9934372416914644
1.0,0.3399164734901957
1.0,0.35558316918599153
1.0,0.9454924443591013
1.0,0.6888532726639386
1.0,0.02008449301304083
1.0,0.21534451106505206
1.0,0.6165393935476517
1.0,0.770874885724387
1.0,0.4170602689652501
1.0,0.4436244200734635
1.0,0.8604053197860408
1.0,0.5270239699567478
1.0,0.1887951302600567
1.0,0.1115665265634192
1.0,0.7173690232608765
1.0,0.9169597619511575
1.0,0.26408444399213915
1.0,0.2708426016708353
1.0,0.9394881753778169
1.0,0.6985463348110964
1.0,0.10851433402913459
1.0,0.15818641906610617
1.0,0.5121242417691592
1.0,0.8711093812314697
1.0,0.47003722435772216
1.0,0.433650583318309
1.0,0.771756697406148
1.0,0.6114919360652309
1.0,0.19458783040873734
1.0,0.01111324969253738
1.0,0.6641112932604077
1.0,0.9739062851174997
1.0,0.36822699436395845
1.0,0.32135790740742404
1.0,0.9905876886359961
1.0,0.6491520710720015
1.0,0.0587203114330253
1.0,0.2412109820598859
1.0,0.5955483234524211
1.0,0.7874537180054766
1.0,0.3857975937776706
1.0,0.48515087989813116
1.0,0.8238407211724966
1.0,0.5591472704847792
1.0,0.14184388630633538
1.0,0.09315475068857514
1.0,0.7465527932809918
1.0,0.8932029375678837
1.0,0.2869391991252202
1.0,0.29381456325030453
1.0,0.8843462250773573
1.0,0.7553954784866024
1.0,0.0862656144565777
1.0,0.1507091360021009
1.0,0.5522653580418302
1.0,0.8307386422825005
1.0,0.4763013836914177
1.0,0.37890942572103653
1.0,0.7962973563759798
1.0,0.5866925941477288
1.0,0.2480872843393921
1.0,0.049871768391204545
1.0,0.6560509603573687
1.0,0.983706714347469
1.0,0.3302241402890237
1.0,0.3770860184669804
1.0,0.9670334727724428
1.0,0.6710029812724326
1.0,0.0022728760994223164
1.0,0.20147133396158584
1.0,0.6026280373118328
1.0,0.780607544555229
1.0,0.4267542533182046
1.0,0.46119589759971447
1.0,0.8780001010681313
1.0,0.5052504912696805
1.0,0.167044459983294
1.0,0.10161703585366684
1.0,0.7073962287952846
1.0,0.9306232934385849
1.0,0.27772516706926187
1.0,0.25721152282116944
1.0,0.9258189023853277
1.0,0.7085287584936742
1.0,0.11845809824429582
1.0,0.179931347837807
1.0,0.5339073646836834
1.0,0.8535088734547882
1.0,0.4524753760484573
1.0,0.4239508574602926
1.0,0.762033682802763
1.0,0.6253975658064586
1.0,0.2084706367291897
1.0,0.028934510833612776
1.0,0.6819558431468518
1.0,0.9523748859211442
1.0,0.3467184185883785
1.0,0.331059884836053
1.0,1.0003124744749297
1.0,0.6352482125663221
1.0,0.04483975668318544
1.0,0.223391372070593
1.0,0.5777059050528236
1.0,0.8089872486886784
1.0,0.40730782070503313
1.0,0.4987836098995795
1.0,0.8375121256518323
1.0,0.5491669782890478
1.0,0.13190177324295663
1.0,0.07141207348748681
1.0,0.724771441602016
1.0,0.9108052165801138
1.0,0.3045032990050976
1.0,0.3030606661151747
1.0,0.90923948281957
1.0,0.7253537793818436
1.0,0.07187155056422558
1.0,0.13334821879245007
1.0,0.550736524709162
1.0,0.8369259151705513
1.0,0.4983202601213872
1.0,0.40881252189150735
1.0,0.8103688490045319
1.0,0.5773083611783995
1.0,0.22287096749307994
1.0,0.04333118279525772
1.0,0.6338627395490153
1.0,1.0007138310089243
1.0,0.33158410207313654
1.0,0.3481653613597155
1.0,0.9539448995421606
1.0,0.6813701261347966
1.0,0.02847162450370492
1.0,0.20702750661742317
1.0,0.6238313648450128
1.0,0.7626155271133647
1.0,0.42440987108874695
1.0,0.45096729562975546
1.0,0.8521238638857658
1.0,0.5343092184395217
1.0,0.18045603227579265
1.0,0.11996230596154413
1.0,0.7099098953612433
1.0,0.9254208612890599
1.0,0.2566906510427543
1.0,0.27916825214961616
1.0,0.9321894793895599
1.0,0.7068143394532708
1.0,0.10115800721474173
1.0,0.16559750220148622
1.0,0.5036804326172519
1.0,0.8785858030697158
1.0,0.4616587388982101
1.0,0.42525000056954404
1.0,0.7792263926771892
1.0,0.6030260333766884
1.0,0.20199219072953023
1.0,0.003780941507653382
1.0,0.6723879458100429
1.0,0.9666316040061338
1.0,0.3765612889975825
1.0,0.328777649708118
1.0,0.982137152916884
1.0,0.6566371258072375
1.0,0.05033510315892606
1.0,0.24952990221884425
1.0,0.5882582828768603
1.0,0.7957150035856815
1.0,0.37844990361288555
1.0,0.4778099125479332
1.0,0.8321241002893366
1.0,0.5518639564764232
1.0,0.15018490375454657
1.0,0.08476089825963273
1.0,0.7540138331393367
1.0,0.8847437539413108
1.0,0.29433492279640533
1.0,0.28549275169941796
1.0,0.8916333892714606
1.0,0.7471390056385817
1.0,0.09361810234307624
1.0,0.14328652107256715
1.0,0.5607130061216318
1.0,0.8232583815163601
1.0,0.4846914009450835
1.0,0.38730616954190716
1.0,0.7888391928990923
1.0,0.5951469650421176
1.0,0.2406867629464935
1.0,0.05721560837024224
1.0,0.6477704688798391
1.0,0.9909852343867291
1.0,0.32187831386124593
1.0,0.3696701225994162
1.0,0.9754724842026367
1.0,0.6635294508261149
1.0,0.010654237940391867
1.0,0.19314088951370914
1.0,0.6099219243205234
1.0,0.7723424125418944
1.0,0.434113467771908
1.0,0.4685330185167827
1.0,0.8697282462402096
1.0,0.5125222809891181
1.0,0.15870728896821248
1.0,0.11002241257152756
1.0,0.6999313425038101
1.0,0.9390863234982875
1.0,0.2703179191091585
1.0,0.2655313998976381
1.0,0.9185298187272772
1.0,0.7167833231356008
1.0,0.11110368714123244
1.0,0.18735204705601127
1.0,0.5254577858820816
1.0,0.860987207251746
1.0,0.4440834468360797
1.0,0.4155522054333279
1.0,0.7694899230630856
1.0,0.616941260437652
1.0,0.21586923865814112
1.0,0.02158874388539255
1.0,0.6902344226656695
1.0,0.9450944501705546
1.0,0.355062314294356
1.0,0.3384738537344347
1.0,0.9918715510860241
1.0,0.6427198273013105
1.0,0.03645646412041567
1.0,0.23171990831237557
1.0,0.5704100948275683
1.0,0.8172504462275951
1.0,0.39994668678738254
1.0,0.4914445732711818
1.0,0.8457820497579538
1.0,0.5418932616004276
1.0,0.14023703229932638
1.0,0.06300476229520818
1.0,0.7322344084295435
1.0,0.9023402783143171
1.0,0.3119086237486362
1.0,0.30862520241768304
1.0,0.89905697706713
1.0,0.7367632785395665
1.0,0.06753351232146516
1.0,0.13589273281395436
1.0,0.5375488420312896
1.0,0.8493727635697923
1.0,0.4950354071667863
1.0,0.3956836840115926
1.0,0.8129870832005072
1.0,0.5739512140440487
1.0,0.23526138778015407
1.0,0.03309943144090448
1.0,0.6393631548730973
1.0,0.9964423304303811
1.0,0.3430442728274937
1.0,0.3583423714035523
1.0,0.9483743871959849
1.0,0.6857098774475313
1.0,0.017064318751020414
1.0,0.22020921700424598
1.0,0.6212813588675228
1.0,0.7659025697203863
1.0,0.4119647320068625
1.0,0.44835077450375455
1.0,0.8652548951707189
1.0,0.5219133024438443
1.0,0.18380720336647596
1.0,0.11446408028988278
1.0,0.7201433560329532
1.0,0.913954718243653
1.0,0.26095665966531195
1.0,0.2738474502422199
1.0,0.9426162148826469
1.0,0.695649066283577
1.0,0.10573977609999659
1.0,0.1632973417570125
1.0,0.5171119735266202
1.0,0.8663828016441174
1.0,0.4651879341719885
1.0,0.438623184521254
1.0,0.7768520092074743
1.0,0.6066270349899172
1.0,0.189846120266869
1.0,0.01425641975188338
1.0,0.6671317527213724
1.0,0.9711473380779416
1.0,0.36534485639095515
1.0,0.31835310386745164
1.0,0.9874596641416369
1.0,0.652049384630933
1.0,0.06149488437263405
1.0,0.23610007437945033
1.0,0.5905606367263724
1.0,0.7921803126032997
1.0,0.3906469289948165
1.0,0.4801783237265984
1.0,0.818745424381641
1.0,0.564012216591505
1.0,0.14658561145867444
1.0,0.09001159563969989
1.0,0.7435323788514393
1.0,0.8959618996179125
1.0,0.2898213821296358
1.0,0.29867952436750117
1.0,0.8890879952611086
1.0,0.7504229373255403
1.0,0.08117036269713439
1.0,0.15346802299977588
1.0,0.5551474359729505
1.0,0.8275954121812714
1.0,0.47328086418857007
1.0,0.3818066342066729
1.0,0.7990718542632348
1.0,0.5836876855344612
1.0,0.24495918479267909
1.0,0.05459840802043986
1.0,0.6609003105849853
1.0,0.9785958516984457
1.0,0.3252364685734457
1.0,0.3722210123183715
1.0,0.9622916875782207
1.0,0.6759754774020824
1.0,0.007368112848394883
1.0,0.1987124319534401
1.0,0.5997459143493002
1.0,0.7837507596459872
1.0,0.42977472778964004
1.0,0.4582986440826659
1.0,0.8752255881704055
1.0,0.508255354851536
1.0,0.17017254451953623
1.0,0.09689038121396076
1.0,0.7025468335362558
1.0,0.9357341410771374
1.0,0.2827127937534276
1.0,0.2521009003396781
1.0,0.9208309905022177
1.0,0.7132551579553776
1.0,0.12330768863944447
1.0,0.17692619905700735
1.0,0.5307795053045024
1.0,0.8564063221079565
1.0,0.4552496337681803
1.0,0.4208073871915316
1.0,0.7590134034674474
1.0,0.6281566929716655
1.0,0.21135247449277803
1.0,0.023962209840082793
1.0,0.6768603512198764
1.0,0.9572396068708089
1.0,0.3514604289396618
1.0,0.3361704923070735
1.0,1.0053003413266275
1.0,0.6305217980941481
1.0,0.039990121256624545
1.0,0.2263964758199804
1.0,0.5808337494215339
1.0,0.8060897550040979
1.0,0.40453354797483937
1.0,0.5019270651578698
1.0,0.8405323599557357
1.0,0.5464078361133701
1.0,0.12901989044795606
1.0,0.07638432944960455
1.0,0.7298669185185206
1.0,0.9059404505990369
1.0,0.29976127364334354
1.0,0.30183755197842643
1.0,0.9074941243844874
1.0,0.7315089739557472
1.0,0.07848750654827147
1.0,0.12719146500589734
1.0,0.544118289009871
1.0,0.8381467458394366
1.0,0.5000640555912029
1.0,0.40267101874323663
1.0,0.8037046212228628
1.0,0.5785446826530988
1.0,0.2245685307129857
1.0,0.04209281802022746
1.0,0.6321633731963107
1.0,1.006853534777014
1.0,0.33824629030709247
1.0,0.35332145712418955
1.0,0.959623239604969
1.0,0.6791479169412366
1.0,0.02578865390000253
1.0,0.2092474360957381
1.0,0.6265127762360659
1.0,0.7574578683836238
1.0,0.41872924755807567
1.0,0.45317197446978835
1.0,0.854851267359197
1.0,0.5291360689039668
1.0,0.17482164099503142
1.0,0.1251336523643002
1.0,0.7155422433416737
1.0,0.9232141429013139
1.0,0.25396144818914185
1.0,0.2804199443463636
1.0,0.9339024133315137
1.0,0.700688207027048
1.0,0.09450915015512067
1.0,0.1717218352475278
1.0,0.5103272501291598
1.0,0.8773320675726375
1.0,0.4599440018234575
1.0,0.43142056586549565
1.0,0.7858577193832831
1.0,0.6018182899619882
1.0,0.20026220301649564
1.0,0.0049864014544907746
1.0,0.6741163705578107
1.0,0.960459479497533
1.0,0.3699276825762435
1.0,0.3235891294505151
1.0,0.9764873909140748
1.0,0.6588264339252224
1.0,0.053047135910309316
1.0,0.24733855455314618
1.0,0.5855444507452959
1.0,0.8009017207104855
1.0,0.38409762231536393
1.0,0.4755723326323251
1.0,0.8294257589635862
1.0,0.5570046815188492
1.0,0.15584787309530698
1.0,0.07961861025193984
1.0,0.7483485803307135
1.0,0.8869790541416738
1.0,0.2970317049095066
1.0,0.2881759643469612
1.0,0.8938553601737976
1.0,0.7414604235319324
1.0,0.08846224486982535
1.0,0.14896690255939754
1.0,0.5658709031425958
1.0,0.8205772121691477
1.0,0.48247123317554547
1.0,0.39294031877882757
1.0,0.7940125807258703
1.0,0.5924198036125272
1.0,0.23848184581523743
1.0,0.0599450532676955
1.0,0.649976948976362
1.0,0.985352644362458
1.0,0.31670720574971306
1.0,0.3630539283241471
1.0,0.969317531672574
1.0,0.6652750475524206
1.0,0.011877110033299273
1.0,0.19139733233511655
1.0,0.6087008516077971
1.0,0.7789604099499623
1.0,0.4402704636023016
1.0,0.4668356935881001
1.0,0.8684916827216693
1.0,0.519186270479564
1.0,0.16484903416032404
1.0,0.10335998604634848
1.0,0.6937918807795613
1.0,0.9407859281422152
1.0,0.2715560418403479
1.0,0.26281960919009567
1.0,0.9163402723180691
1.0,0.7224328430945692
1.0,0.11629244569005852
1.0,0.18170408630969204
1.0,0.5202713070485007
1.0,0.8637012814271513
1.0,0.4462745562105546
1.0,0.40988899404872664
1.0,0.7643494363118827
1.0,0.6196398438072432
1.0,0.21810658028252605
1.0,0.01889220381613215
1.0,0.6879988841740834
1.0,0.9507594609353369
1.0,0.360204840593272
1.0,0.3451224725028326
1.0,0.9979979255560877
1.0,0.6410071316505799
1.0,0.035204529879827404
1.0,0.23343488367835133
1.0,0.5716635882808057
1.0,0.810603390424464
1.0,0.39382259578518186
1.0,0.49317479927543956
1.0,0.8469895511288132
1.0,0.5352616966031105
1.0,0.13406670904721563
1.0,0.06963813042532409
1.0,0.7384067749819851
1.0,0.9006120918577725
1.0,0.31070292175795794
1.0,0.3142903351425403
1.0,0.9041993851585888
1.0,0.7340666165102312
1.0,0.06529809203733623
1.0,0.13859119422347077
1.0,0.5397863018631317
1.0,0.8437096741452659
1.0,0.48989480220812626
1.0,0.398397396059391
1.0,0.8151785509499712
1.0,0.5683036154253364
1.0,0.23007455057158396
1.0,0.03874931352747972
1.0,0.6445515550469342
1.0,0.9937301775952319
1.0,0.3408550847932748
1.0,0.35661406673955054
1.0,0.9471688071653814
1.0,0.6923433637851044
1.0,0.023236563343387164
1.0,0.21357777021438606
1.0,0.6151109136553372
1.0,0.7676326775171869
1.0,0.4131723553377968
1.0,0.4417040770756126
1.0,0.8591304420409113
1.0,0.5236279194348309
1.0,0.18506105894732022
1.0,0.11275102626416304
1.0,0.7188917839199718
1.0,0.9206036953870401
1.0,0.26708267200776864
1.0,0.26821522234555556
1.0,0.9374447483961249
1.0,0.6983781490534235
1.0,0.10794661457150866
1.0,0.16056981819981522
1.0,0.5149074147703533
1.0,0.8720173130086446
1.0,0.47036096362377744
1.0,0.43594189321396676
1.0,0.7746319596453934
1.0,0.6123075384368225
1.0,0.1950038990803759
1.0,0.008577959605308966
1.0,0.6619757770406643
1.0,0.97383042876541
1.0,0.36756694550074925
1.0,0.3200523501363902
1.0,0.9886981490004332
1.0,0.6453873164807431
1.0,0.05535506052077848
1.0,0.2427644222448854
1.0,0.5967020197908771
1.0,0.7904826292996279
1.0,0.38941072760388307
1.0,0.48679643934212347
1.0,0.8249022982519597
1.0,0.5622685412054553
1.0,0.14536466070602305
1.0,0.09175707415854849
1.0,0.7447553729044216
1.0,0.8893458235501006
1.0,0.28366630763949824
1.0,0.2925070377312936
1.0,0.8824547472147587
1.0,0.7516287593999846
1.0,0.08289842906991297
1.0,0.15226064171268247
1.0,0.5534170898849268
1.0,0.8337656153496162
1.0,0.47991254926965315
1.0,0.38055302066966945
1.0,0.7973569989810251
1.0,0.5898118966204279
1.0,0.2516061205120442
1.0,0.0484721536341423
1.0,0.6542515717328214
1.0,0.979847665855268
1.0,0.3269492843079423
1.0,0.3744566708937236
1.0,0.9649881075637151
1.0,0.6708328310194004
1.0,0.0017032221673784786
1.0,0.203852798620877
1.0,0.6054092458176675
1.0,0.7815135381053683
1.0,0.4270760243362828
1.0,0.4634852430000128
1.0,0.8808734288329588
1.0,0.506064125393295
1.0,0.16745859042789699
1.0,0.09907980753940282
1.0,0.7052587443275642
1.0,0.9305455026120774
1.0,0.27706315371069323
1.0,0.25824048214769285
1.0,0.9274932969436308
1.0,0.7120169151404222
1.0,0.12160820407928274
1.0,0.1781626424917816
1.0,0.532476950316951
1.0,0.8502646969996109
1.0,0.44858552419396835
1.0,0.42202857998802384
1.0,0.7607568405622739
1.0,0.621999577057506
1.0,0.2047345971684761
1.0,0.030117042286379528
1.0,0.6834766655789115
1.0,0.9560168548616674
1.0,0.34971471212959004
1.0,0.3339638921267846
1.0,1.0025710165129402
1.0,0.635693026289447
1.0,0.04562259119712977
1.0,0.22122320807696835
1.0,0.5751994801008475
1.0,0.808294552051588
1.0,0.4072608294881958
1.0,0.49676904805313965
1.0,0.8348520985526713
1.0,0.5486281239666742
1.0,0.13170093971140245
1.0,0.07416247863103362
1.0,0.7271835857872113
1.0,0.9110961879885218
1.0,0.30543997583375876
1.0,0.3057972334809988
1.0,0.9114767568968366
1.0,0.7275410817256746
1.0,0.07454280549550758
1.0,0.13109778428495344
1.0,0.5480016572791503
1.0,0.8342486973297638
1.0,0.4961428159042214
1.0,0.4066269138545623
1.0,0.8076988380660133
1.0,0.5745653261759909
1.0,0.22062773613523448
1.0,0.04601060154631889
1.0,0.6360428349905773
1.0,1.0029592726585879
1.0,0.3343134662893095
1.0,0.3493651529775359
1.0,0.9556286437474321
1.0,0.6831268718882519
1.0,0.029729076968602657
1.0,0.20533011414162222
1.0,0.6226337459928334
1.0,0.7613525995792609
1.0,0.42266251063212806
1.0,0.44921177135335744
1.0,0.8508681432539308
1.0,0.5331034320149455
1.0,0.17876584294964287
1.0,0.12122792224622103
1.0,0.7116594342124297
1.0,0.9271127730667282
1.0,0.2578832395109235
1.0,0.2764290147963074
1.0,0.9299500156598727
1.0,0.7046248437044015
1.0,0.09848407854335738
1.0,0.1678468315630739
1.0,0.5064137145662906
1.0,0.8812614241716772
1.0,0.4638350667116139
1.0,0.42743353528521677
1.0,0.7818938499593715
1.0,0.6057665184753783
1.0,0.20423335251872105
1.0,0.0010998059340001803
1.0,0.6702066138809528
1.0,0.9643849371267954
1.0,0.3738302192166706
1.0,0.32757578101640755
1.0,0.9804508513026584
1.0,0.6548778339026812
1.0,0.04907558487799135
1.0,0.25122558162467085
1.0,0.5894546689941293
1.0,0.7969767021374926
1.0,0.3801955547521478
1.0,0.4795627705894643
1.0,0.8333776350213686
1.0,0.5530675457433434
1.0,0.15187241558797632
1.0,0.08349417307642917
1.0,0.7522627050545596
1.0,0.8830502491774341
1.0,0.2931412216770917
1.0,0.2842927649454778
1.0,0.8899489996159469
1.0,0.7453815844139426
1.0,0.09236048476300025
1.0,0.14498410868448783
1.0,0.5619112704240534
1.0,0.8245219845216477
1.0,0.48643892651688064
1.0,0.3890608982633555
1.0,0.7900946283319831
1.0,0.596352436246808
1.0,0.24237618673863504
1.0,0.05595078764051509
1.0,0.6460212152275969
1.0,0.9892936378289466
1.0,0.32068649092708496
1.0,0.36693275967864225
1.0,0.9732349249264258
1.0,0.6613418332623983
1.0,0.00798221747510161
1.0,0.19539211957615554
1.0,0.6126570769494794
1.0,0.7750199456025676
1.0,0.4362916775230821
1.0,0.47071843141760794
1.0,0.872397611728486
1.0,0.5152646405203429
1.0,0.1609503552108797
1.0,0.10734318895658614
1.0,0.6977518925124903
1.0,0.9368415573198078
1.0,0.26758872000816375
1.0,0.2667331034741703
1.0,0.920215444870319
1.0,0.7185419695899149
1.0,0.1123630102860474
1.0,0.18565653276536292
1.0,0.5242620752359963
1.0,0.8597261541501771
1.0,0.44233799083293723
1.0,0.41379858185778856
1.0,0.7682360731111679
1.0,0.6157373859717875
1.0,0.21418093126976162
1.0,0.02285623460260436
1.0,0.6919858659703324
1.0,0.9467882401333755
1.0,0.35625681096861933
1.0,0.34121232555373526
1.0,0.9941106995958255
1.0,0.6449090378512355
1.0,0.03912959723685027
1.0,0.22947134448479617
1.0,0.5676771280984153
1.0,0.814575110324578
1.0,0.3977711545289285
1.0,0.48926087344033087
1.0,0.8431139170045878
1.0,0.5391521310514954
1.0,0.1379956753740158
1.0,0.06568606298403963
1.0,0.7344164158298173
1.0,0.9045875906438977
1.0,0.3146398886656679
1.0,0.31031492266662186
1.0,0.9002622643935536
1.0,0.7380185375994259
1.0,0.06928854500494615
1.0,0.13470060591776067
1.0,0.5358574218465383
1.0,0.8476236937958168
1.0,0.49377028998026185
1.0,0.3944257699747193
1.0,0.8112298458541347
1.0,0.5722670007615663
1.0,0.2340610970641812
1.0,0.034847260974734305
1.0,0.6406265815053536
1.0,0.997640410854536
1.0,0.34474215689621174
1.0,0.3605851411894222
1.0,0.9511169306054763
1.0,0.6883794193088391
1.0,0.019249427689813
1.0,0.21748032186528393
1.0,0.6190364163160118
1.0,0.7637229358507998
1.0,0.4092858048487184
1.0,0.4456790504952616
1.0,0.8630670937287355
1.0,0.5196755667946021
1.0,0.18107014440773475
1.0,0.1166419860790242
1.0,0.7228210654666577
1.0,0.9166900547508757
1.0,0.263207593270961
1.0,0.27215943931063774
1.0,0.9414121565385158
1.0,0.6943950399586281
1.0,0.10398645648648995
1.0,0.16449153446924317
1.0,0.5188059398624724
1.0,0.8681344288270469
1.0,0.466455128432403
1.0,0.4398822112092716
1.0,0.778610839540055
1.0,0.6083128375059903
1.0,0.19104751988136853
1.0,0.01251126771077359
1.0,0.6658705232467722
1.0,0.9699514435535896
1.0,0.36364963855710414
1.0,0.3161114504853438
1.0,0.9847187174709714
1.0,0.6493814282505983
1.0,0.05931088057975043
1.0,0.23883164325851472
1.0,0.5928077726829217
1.0,0.7943621361253068
1.0,0.3933285261404453
1.0,0.4828517532998303
1.0,0.8209344510532993
1.0,0.5662511887282752
1.0,0.14932438724000768
1.0,0.08783575941921312
1.0,0.7408572193214535
1.0,0.8932291167670262
1.0,0.28757252184525905
1.0,0.296435989047623
1.0,0.8863451366317314
1.0,0.7477531102652885
1.0,0.07898445820339205
1.0,0.15619768367274617
1.0,0.5573926937443472
1.0,0.8297753312498022
1.0,0.47596058690166393
1.0,0.3844781930999876
1.0,0.8012589802340344
1.0,0.585924775733461
1.0,0.24769604861530053
1.0,0.052420667346476685
1.0,0.6582232766224645
1.0,0.9758611606414653
1.0,0.3229857301039164
1.0,0.37053112695425444
1.0,0.9610857247806133
1.0,0.6747195728919808
1.0,0.005612885028794151
1.0,0.19990472396481204
1.0,0.6014380100052353
1.0,0.785500474870205
1.0,0.43104004011228425
1.0,0.4595557925855309
1.0,0.8769825102968922
1.0,0.5099392829350741
1.0,0.17137203968055933
1.0,0.0951433172141392
1.0,0.7012837221238852
1.0,0.9345363458519267
1.0,0.2810157052396594
1.0,0.25434175816683624
1.0,0.9235716519739389
1.0,0.7159227991158266
1.0,0.12549092689831984
1.0,0.1741954257328927
1.0,0.5285326545468974
1.0,0.8542248138058351
1.0,0.45256880215655976
1.0,0.4181337624821799
1.0,0.7568237313455467
1.0,0.6259170453637117
1.0,0.20861353359626653
1.0,0.02613824119668931
1.0,0.6795361562001045
1.0,0.959973065192879
1.0,0.35370945433921674
1.0,0.337858308102536
1.0,1.0065037542205162
1.0,0.6317751489479134
1.0,0.04174327575495293
1.0,0.2252024782438695
1.0,0.5791404285359238
1.0,0.8043388032923521
1.0,0.4032665188296031
1.0,0.5006672429149023
1.0,0.8387732444242108
1.0,0.5447217183774112
1.0,0.1278177252994483
1.0,0.07813027704566408
1.0,0.7311284331920651
1.0,0.9071366603432746
1.0,0.3014572570112028
1.0,0.29916578856744774
1.0,0.9053063135609598
1.0,0.7292711876461663
1.0,0.07575042695013298
1.0,0.12936947774464286
1.0,0.5467960753722381
1.0,0.8408821855436457
1.0,0.5023150623728969
1.0,0.40491385795253376
1.0,0.806447264076723
1.0,0.5812143051956867
1.0,0.22675375035400006
1.0,0.039363905994485825
1.0,0.6299183837370786
1.0,1.0046738877732655
1.0,0.3355673199938449
1.0,0.35206361626336113
1.0,0.957866105455583
1.0,0.6774637805874166
1.0,0.024588470133633765
1.0,0.21099524499017064
1.0,0.6277761522079834
1.0,0.7586559394262344
1.0,0.42042709222430796
1.0,0.4548616515636238
1.0,0.8560565415514588
1.0,0.5303912810561051
1.0,0.17657665679173282
1.0,0.12394163617032829
1.0,0.7138509038382027
1.0,0.921465172571707
1.0,0.25269640042604463
1.0,0.2830933645380513
1.0,0.9360914006006863
1.0,0.7029271585244209
1.0,0.09724787527611511
1.0,0.16954607595570362
1.0,0.507652197548778
1.0,0.8745993578977961
1.0,0.4576952447360672
1.0,0.4291790119277565
1.0,0.7831168421360448
1.0,0.5991504442838752
1.0,0.1980782799048923
1.0,0.007717923425834072
1.0,0.6763634896275804
1.0,0.9626412598644368
1.0,0.3726092665877103
1.0,0.32484825933551914
1.0,0.9782462944227004
1.0,0.6605123433908996
1.0,0.05424861245347142
1.0,0.24559335185169762
1.0,0.5842832006312985
1.0,0.7997057867836478
1.0,0.38240239509996865
1.0,0.47388430856658104
1.0,0.8282216574643517
1.0,0.5557506383071206
1.0,0.15409450657407925
1.0,0.08081288364545079
1.0,0.7500426573687875
1.0,0.8887307507480305
1.0,0.29829899861428977
1.0,0.28943312973660584
1.0,0.8956123292080053
1.0,0.7431443647496325
1.0,0.08966178318595186
1.0,0.14721976913614876
1.0,0.5646076922858566
1.0,0.8193793362626568
1.0,0.4807740339595554
1.0,0.3912503264651064
1.0,0.7928065409996002
1.0,0.5911637959054391
1.0,0.2367265448195918
1.0,0.06113738468155317
1.0,0.6516690540138413
1.0,0.9871024102470145
1.0,0.3179725387117545
1.0,0.36572537651524
1.0,0.9715045769620932
1.0,0.6675120383070519
1.0,0.014613904432493512
1.0,0.18921963481625678
1.0,0.6060238307794382
1.0,0.776225765800703
1.0,0.4380197420195519
1.0,0.4645921789076192
1.0,0.8657488747526308
1.0,0.5165164528008563
1.0,0.16266316906906741
1.0,0.10608957354327388
1.0,0.6960370353539717
1.0,0.9429657702820834
1.0,0.27423565760383767
1.0,0.2615598338548494
1.0,0.9145811736733238
1.0,0.7207467685137138
1.0,0.11509029367571266
1.0,0.18344993446138286
1.0,0.5215327522986178
1.0,0.8648973804691672
1.0,0.4479704588971336
1.0,0.4115767329155265
1.0,0.7655527422561675
1.0,0.6208931214849636
1.0,0.21985963158386804
1.0,0.017698215621565455
1.0,0.6863056026909591
1.0,0.9490085298629884
1.0,0.3589378621083746
1.0,0.3424487671122007
1.0,0.9958081427319653
1.0,0.6387674146191987
1.0,0.03246548953894719
1.0,0.23561092816911974
1.0,0.5743394364161372
1.0,0.8133368656333136
1.0,0.3960716680924579
1.0,0.4954157077629364
1.0,0.8497302332399317
1.0,0.5379293771660452
1.0,0.1362499566876352
1.0,0.06690725390422303
1.0,0.7361598510483351
1.0,0.8984304766060469
1.0,0.30802201321767486
1.0,0.312534850268628
1.0,0.9029436739082981
1.0,0.7328608807459939
1.0,0.06360792335058373
1.0,0.13985670355854357
1.0,0.5415357637856556
1.0,0.8454014827259478
1.0,0.4910873175002506
1.0,0.39959711825378424
1.0,0.816862195710874
1.0,0.5700602804975115
1.0,0.23133189233425994
1.0,0.03705193793845837
1.0,0.6433539831024759
1.0,0.99246726319529
1.0,0.33910776749175936
1.0,0.3544283855265606
1.0,0.9444986930298764
1.0,0.6896002518540333
1.0,0.0209932250359376
1.0,0.2162572096048445
1.0,0.6172910597572381
1.0,0.7698781285483944
1.0,0.4159017589564555
1.0,0.44444068759654015
1.0,0.8613677292523397
1.0,0.5258152686863828
1.0,0.18773233076538182
1.0,0.11050048105444464
1.0,0.7161568358086797
1.0,0.9179263781018839
1.0,0.26490515836717554
1.0,0.26996808976863085
1.0,0.9386983225306426
1.0,0.699581758959741
1.0,0.10963417706527719
1.0,0.15930301608794908
1.0,0.513156179735972
1.0,0.8703237350687231
1.0,0.46916715930747743
1.0,0.43473992507788756
1.0,0.7729455886077407
1.0,0.6105481358300444
1.0,0.19374430011816093
1.0,0.010273685918856659
1.0,0.6631721800447129
1.0,0.9750921704723245
1.0,0.36931260977417335
1.0,0.3222357816550765
1.0,0.9913655331065705
1.0,0.6481276946298289
1.0,0.057596145381306696
1.0,0.24008333733157097
1.0,0.5945207085011843
1.0,0.7882360018227753
1.0,0.38667966720451535
1.0,0.48405721512297656
1.0,0.8226628776773759
1.0,0.5600790623433657
1.0,0.1426907789423598
1.0,0.09400632283885586
1.0,0.7474885441512386
1.0,0.8920213752286348
1.0,0.2858425360085333
1.0,0.29469243374533927
1.0,0.885124065795314
1.0,0.7543711057970475
1.0,0.08514145215747679
1.0,0.1495814875211683
1.0,0.5512377393379756
1.0,0.8315209298524169
1.0,0.4771834608708802
1.0,0.37781576469849965
1.0,0.7951195166334768
1.0,0.5876243822536976
1.0,0.24893417322279882
1.0,0.05072334429410296
1.0,0.6569867149802331
1.0,0.9825251482556023
1.0,0.3291274734197191
1.0,0.3762115103173937
1.0,0.9662436236778862
1.0,0.6720384016684595
1.0,0.003392715382947229
1.0,0.20258793473604642
1.0,0.6036599790312633
1.0,0.7798218946398645
1.0,0.4258841845153422
1.0,0.46228523560667534
1.0,0.8791889885171063
1.0,0.5043066947871117
1.0,0.16620093344533526
1.0,0.10077746832736843
1.0,0.7064571118269722
1.0,0.9318091825460274
1.0,0.2788107862320945
1.0,0.25605673540912083
1.0,0.9248251473034852
1.0,0.7092757414363866
1.0,0.11936683401981028
1.0,0.18084404262498177
1.0,0.534659027140652
1.0,0.8525121200314134
1.0,0.45131686979228036
1.0,0.424767128735987
1.0,0.7629960960216795
1.0,0.6241888607834759
1.0,0.20740783348189715
1.0,0.0278684690772559
1.0,0.6807436594472728
1.0,0.9533414983192531
1.0,0.34753912921079716
1.0,0.33221034923252557
1.0,1.0013172772632442
1.0,0.6344892212470098
1.0,0.043934383253118985
1.0,0.22249068566001826
1.0,0.576950880250407
1.0,0.8099883251276293
1.0,0.40845527925473807
1.0,0.4979707009693331
1.0,0.8365377040563158
1.0,0.5503867310185024
1.0,0.1329602534746732
1.0,0.07246706753737168
1.0,0.7259879483171711
1.0,0.909835241836557
1.0,0.3036945967592789
1.0,0.30415349030396727
1.0,0.9104172062309247
1.0,0.7244218674394911
1.0,0.07102381734183916
1.0,0.13249748722853133
1.0,0.5498008939226813
1.0,0.8381075975935662
1.0,0.4994177638244361
1.0,0.4079342873925569
1.0,0.8095904041151275
1.0,0.5783321372017419
1.0,0.22399477329350057
1.0,0.04445918777487064
1.0,0.6348909549190821
1.0,0.9999321476104557
1.0,0.3307023888975898
1.0,0.3470758995163709
1.0,0.9527551677542059
1.0,0.682313085783621
1.0,0.02931503471051533
1.0,0.2078671904748699
1.0,0.6247713186470696
1.0,0.7614304823449017
1.0,0.4233243757622981
1.0,0.4518412071131299
1.0,0.8529133564816421
1.0,0.5332734340395792
1.0,0.17933558882082004
1.0,0.11884630935853123
1.0,0.7088783176457284
1.0,0.9262068677031046
1.0,0.257561316511829
1.0,0.27835138420770944
1.0,0.9312267096719631
1.0,0.7080226804723377
1.0,0.1022202062905866
1.0,0.16666414812929078
1.0,0.5048929803207466
1.0,0.8776195471702872
1.0,0.46083862494200367
1.0,0.426404664145209
1.0,0.7802193034200521
1.0,0.6022782136002317
1.0,0.20108333862286745
1.0,0.0028683630516269216
1.0,0.6716371201868185
1.0,0.9676292017684883
1.0,0.37771991909014313
1.0,0.3295901946344487
1.0,0.9831109703409528
1.0,0.6554167764115705
1.0,0.04927626642852919
1.0,0.2484752646676397
1.0,0.5870423728279177
1.0,0.7966855825006859
1.0,0.3792589698626199
1.0,0.4766586113177163
1.0,0.8311191811698737
1.0,0.5526228239593518
1.0,0.15108943284563334
1.0,0.08566242900918719
1.0,0.754768981778137
1.0,0.8837427938335083
1.0,0.2931883010804447
1.0,0.2863053003783663
1.0,0.8926072104481472
1.0,0.7459186524902971
1.0,0.09255926186006169
1.0,0.14223188727398026
1.0,0.5594970998253068
1.0,0.824228956678747
1.0,0.4855004634422002
1.0,0.38615486455907255
1.0,0.7878342700270118
1.0,0.5959058362776639
1.0,0.24159129579019795
1.0,0.058117135367179
1.0,0.6485256137660218
1.0,0.9899842780315443
1.0,0.320731695897903
1.0,0.36885325090489174
1.0,0.9745097107324221
1.0,0.6647377955977996
1.0,0.01171644076885443
1.0,0.19420753168889604
1.0,0.6111344682714003
1.0,0.7713761603950836
1.0,0.4332933575683193
1.0,0.4696876858450653
1.0,0.8707211607356902
1.0,0.5117744574600438
1.0,0.15779843310893202
1.0,0.10910983786811879
1.0,0.6991805206332034
1.0,0.9400839175080243
1.0,0.2714765454491014
1.0,0.2644419418069112
1.0,0.9173400906919402
1.0,0.7177262790318076
1.0,0.11194709359542515
1.0,0.1881917346660757
1.0,0.526397743436756
1.0,0.8598021587306653
1.0,0.4429979477570131
1.0,0.4164261131640846
1.0,0.7702794119063443
1.0,0.6159054797903271
1.0,0.2147487989557862
1.0,0.02047274352976195
1.0,0.6892028411975369
1.0,0.945880460337217
1.0,0.3559329835160484
1.0,0.3395666741706096
1.0,0.993049270744761
1.0,0.6417879191115757
1.0,0.03560873465064694
1.0,0.23086917299583917
1.0,0.5694744602884698
1.0,0.8184321324032278
1.0,0.40104419424304916
1.0,0.49056634252484904
1.0,0.8450036086211671
1.0,0.5429170338711524
1.0,0.1413608343471293
1.0,0.06413277102743878
1.0,0.733262627552228
1.0,0.9015585911632307
1.0,0.31102690682047174
1.0,0.3074395534777724
1.0,0.8979711177367653
1.0,0.7376026058983329
1.0,0.06847286945730964
1.0,0.13683628912899115
1.0,0.5383926087367803
1.0,0.8482836657303634
1.0,0.4938462795502793
1.0,0.39646909375942496
1.0,0.8138573921709016
1.0,0.5728348534371202
1.0,0.23422920589319152
1.0,0.03206425121240963
1.0,0.6382430754220404
1.0,0.9973165984124358
1.0,0.3438343620895824
1.0,0.3595236973278869
1.0,0.9494712942328214
1.0,0.6848585417121649
1.0,0.01612832396062394
1.0,0.21927766906580917
1.0,0.620434229816584
1.0,0.7669959905753911
1.0,0.4131428119168975
1.0,0.44756872710137013
1.0,0.8643725778237243
1.0,0.5230407107572449
1.0,0.1848350622378625
1.0,0.11548821281190563
1.0,0.7212677584995861
1.0,0.9130770879161503
1.0,0.26017857877982326
1.0,0.27481766515330874
1.0,0.9434246769609337
1.0,0.6945938320661602
1.0,0.1045235095523736
1.0,0.16207734886002584
1.0,0.5160537334624355
1.0,0.8671959507418958
1.0,0.466162115599973
1.0,0.43762186791477115
1.0,0.7757047908253014
1.0,0.6075279615680239
1.0,0.19060090490175366
1.0,0.015015651238727735
1.0,0.6680368859839069
1.0,0.9699966335139371
1.0,0.36434029377017263
1.0,0.31738625130181086
1.0,0.9866391936867501
1.0,0.6531156665548219
1.0,0.06270682790468103
1.0,0.23730901956996497
1.0,0.591623199806133
1.0,0.7913638011600732
1.0,0.389684755943432
1.0,0.48117531731750524
1.0,0.819903690470286
1.0,0.5630992816367983
1.0,0.1458341891692378
1.0,0.08926437252945554
1.0,0.7426238832434569
1.0,0.8971169271974931
1.0,0.2908148970439463
1.0,0.2977126680492427
1.0,0.8882675210536043
1.0,0.7514892230020469
1.0,0.08238230998179905
1.0,0.15467696443767284
1.0,0.5562099953000934
1.0,0.8267789044906627
1.0,0.47231869488980327
1.0,0.3828036315501974
1.0,0.8002301241044973
1.0,0.5827747468271367
1.0,0.24420775875062473
1.0,0.0538511886628132
1.0,0.6599918187296205
1.0,0.9797508755254086
1.0,0.3262299797351385
1.0,0.373191230982078
1.0,0.9631001534091251
1.0,0.6749202394320478
1.0,0.006151842548154218
1.0,0.1974924428090711
1.0,0.5986876780377334
1.0,0.7845639049911479
1.0,0.4307489054650069
1.0,0.45729732372356535
1.0,0.874078366035615
1.0,0.5091562851822603
1.0,0.1709273329070386
1.0,0.09764960894818744
1.0,0.7034519630461725
1.0,0.9345834402657505
1.0,0.2817082348852628
1.0,0.25328222251139504
1.0,0.9219278937864366
1.0,0.7124038259726289
1.0,0.12237169760166568
1.0,0.17599464736595288
1.0,0.5299323725009459
1.0,0.8574997467155792
1.0,0.45642771743083294
1.0,0.4200253435417649
1.0,0.7581310898730705
1.0,0.6292840975324485
1.0,0.21238032961154688
1.0,0.024986346114723328
1.0,0.6779847574391271
1.0,0.9563619727906885
1.0,0.3506823443015554
1.0,0.3349848471197806
1.0,1.0042144857488806
1.0,0.6313611217002968
1.0,0.04092947463985133
1.0,0.2273400358876349
1.0,0.5816775198796423
1.0,0.8050006534120513
1.0,0.40334441660571474
1.0,0.5027124711530844
1.0,0.8414026651735125
1.0,0.5452914792590591
1.0,0.12798771231361122
1.0,0.075349145468492
1.0,0.728746835314846
1.0,0.9068147223337093
1.0,0.3005513666580499
1.0,0.302899994974421
1.0,0.9087022289886401
1.0,0.7305459603180007
1.0,0.07767087502127908
1.0,0.12637111463477663
1.0,0.5431522770305922
1.0,0.8393595299578456
1.0,0.5011304575988579
1.0,0.40176192271642414
1.0,0.8029570378613204
1.0,0.5795378373161113
1.0,0.2257229578737363
1.0,0.0432516845277024
1.0,0.6331607270385156
1.0,1.0061024727388752
1.0,0.33733395577121567
1.0,0.352262376473643
1.0,0.9584031266242163
1.0,0.680121978285455
1.0,0.02660096241141892
1.0,0.2100567387603868
1.0,0.6274831112309208
1.0,0.7562417219197668
1.0,0.4176748539270208
1.0,0.45407674748102483
1.0,0.8556098984272114
1.0,0.5281309058643543
1.0,0.1736705761797288
1.0,0.12398679423342528
1.0,0.7145415271540209
1.0,0.9239695279550285
1.0,0.2548627350185466
1.0,0.27957245504412687
1.0,0.9329702649742468
1.0,0.701865686518253
1.0,0.09560221075882755
1.0,0.17281910253566238
1.0,0.5115091764723244
1.0,0.876396673201071
1.0,0.4590930263393891
1.0,0.43254412774576656
1.0,0.78688173182154
1.0,0.6010400889927335
1.0,0.19938373210263088
1.0,0.004104924693858335
1.0,0.6733344432391923
1.0,0.9614874584526856
1.0,0.3710559314760061
1.0,0.3244322957371758
1.0,0.9774305869778136
1.0,0.6576369460574174
1.0,0.05195743765205042
1.0,0.2462532956416116
1.0,0.5843591620566833
1.0,0.801841438097628
1.0,0.3849375500929603
1.0,0.4744521330975022
1.0,0.8283897381487293
1.0,0.5577939301945759
1.0,0.15672202099359572
1.0,0.08048903930610027
1.0,0.7491348306649078
1.0,0.8859477128410732
1.0,0.295915464386344
1.0,0.2890191343862396
1.0,0.8947985599901541
1.0,0.7402709319115098
1.0,0.08737254285894876
1.0,0.14788164740048065
1.0,0.5646856182066009
1.0,0.8215169258036725
1.0,0.48331115720052414
1.0,0.39182011549138696
1.0,0.7929765561583958
1.0,0.5932090560408716
1.0,0.23935599746614386
1.0,0.060815478569238246
