rho,tau
0.01,0.005036678200692042
0.02,0.005036678200692042
0.03,0.005036678200692042
0.04,0.005036678200692042
0.05,0.005036678200692042
0.06,0.005036678200692042
0.07,0.005036678200692042
0.08,0.005036678200692042
0.09,0.005036678200692042
0.1,0.005036678200692042
0.11,0.005036678200692042
0.12,0.005036678200692042
0.13,0.005036678200692042
0.14,0.005036678200692042
0.15,0.005036678200692042
0.16,0.005036678200692042
0.17,0.005036678200692042
0.18,0.005036678200692042
0.19,0.005036678200692042
0.2,0.005036678200692042
0.21,0.005036678200692042
0.22,0.005036678200692042
0.23,0.005036678200692042
0.24,0.005036678200692042
0.25,0.005036678200692042
0.26,0.005036678200692042
0.27,0.005036678200692042
0.28,0.005036678200692042
0.29,0.005036678200692042
0.3,0.005036678200692042
0.31,0.005036678200692042
0.32,0.005036678200692042
0.33,0.005036678200692042
0.34,0.005036678200692042
0.35000000000000003,0.005036678200692042
0.36,0.005036678200692042
0.37,0.005036678200692042
0.38,0.005036678200692042
0.39,0.005036678200692042
0.4,0.005036678200692042
0.41,0.005036678200692042
0.42,0.005036678200692042
0.43,0.005036678200692042
0.44,0.005036678200692042
0.45,0.005036678200692042
0.46,0.005036678200692042
0.47,0.005036678200692042
0.48,0.005036678200692042
0.49,0.005036678200692042
0.5,0.005036678200692042
0.51,0.005036678200692042
0.52,0.005036678200692042
0.53,0.005036678200692042
0.54,0.005036678200692042
0.55,0.005036678200692042
0.56,0.005036678200692042
0.5700000000000001,0.005036678200692042
0.58,0.005036678200692042
0.59,0.005036678200692042
0.6,0.005036678200692042
0.61,0.005036678200692042
0.62,0.005036678200692042
0.63,0.005036678200692042
0.64,0.005036678200692042
0.65,0.005036678200692042
0.66,0.005036678200692042
0.67,0.005036678200692042
0.68,0.005036678200692042
0.6900000000000001,0.005036678200692042
0.7000000000000001,0.005036678200692042
0.71,0.005036678200692042
0.72,0.005036678200692042
0.73,0.005036678200692042
0.74,0.005036678200692042
0.75,0.005036678200692042
0.76,0.005036678200692042
0.77,0.005036678200692042
0.78,0.005036678200692042
0.79,0.005036678200692042
0.8,0.005036678200692042
0.81,0.005036678200692042
0.82,0.005036678200692042
0.83,0.005036678200692042
0.84,0.005036678200692042
0.85,0.005036678200692042
0.86,0.005036678200692042
0.87,0.005036678200692042
0.88,0.005036678200692042
0.89,0.005036678200692042
0.9,0.005036678200692042
0.91,0.005036678200692042
0.92,0.005036678200692042
0.93,0.005036678200692042
0.94,0.005036678200692042
0.95,0.005036678200692042
0.96,0.005036678200692042
0.97,0.005036678200692042
0.98,0.005036678200692042
0.9900000000000002,0.005036678200692042
0.01,0.010073356401384084
0.02,0.010073356401384084
0.03,0.010073356401384084
0.04,0.010073356401384084
0.05,0.010073356401384084
0.06,0.010073356401384084
0.07,0.010073356401384084
0.08,0.010073356401384084
0.09,0.010073356401384084
0.1,0.010073356401384084
0.11,0.010073356401384084
0.12,0.010073356401384084
0.13,0.010073356401384084
0.14,0.010073356401384084
0.15,0.010073356401384084
0.16,0.010073356401384084
0.17,0.010073356401384084
0.18,0.010073356401384084
0.19,0.010073356401384084
0.2,0.010073356401384084
0.21,0.010073356401384084
0.22,0.010073356401384084
0.23,0.010073356401384084
0.24,0.010073356401384084
0.25,0.010073356401384084
0.26,0.010073356401384084
0.27,0.010073356401384084
0.28,0.010073356401384084
0.29,0.010073356401384084
0.3,0.010073356401384084
0.31,0.010073356401384084
0.32,0.010073356401384084
0.33,0.010073356401384084
0.34,0.010073356401384084
0.35000000000000003,0.010073356401384084
0.36,0.010073356401384084
0.37,0.010073356401384084
0.38,0.010073356401384084
0.39,0.010073356401384084
0.4,0.010073356401384084
0.41,0.010073356401384084
0.42,0.010073356401384084
0.43,0.010073356401384084
0.44,0.010073356401384084
0.45,0.010073356401384084
0.46,0.010073356401384084
0.47,0.010073356401384084
0.48,0.010073356401384084
0.49,0.010073356401384084
0.5,0.010073356401384084
0.51,0.010073356401384084
0.52,0.010073356401384084
0.53,0.010073356401384084
0.54,0.010073356401384084
0.55,0.010073356401384084
0.56,0.010073356401384084
0.5700000000000001,0.010073356401384084
0.58,0.010073356401384084
0.59,0.010073356401384084
0.6,0.010073356401384084
0.61,0.010073356401384084
0.62,0.010073356401384084
0.63,0.010073356401384084
0.64,0.010073356401384084
0.65,0.010073356401384084
0.66,0.010073356401384084
0.67,0.010073356401384084
0.68,0.010073356401384084
0.6900000000000001,0.010073356401384084
0.7000000000000001,0.010073356401384084
0.71,0.010073356401384084
0.72,0.010073356401384084
0.73,0.010073356401384084
0.74,0.010073356401384084
0.75,0.010073356401384084
0.76,0.010073356401384084
0.77,0.010073356401384084
0.78,0.010073356401384084
0.79,0.010073356401384084
0.8,0.010073356401384084
0.81,0.010073356401384084
0.82,0.010073356401384084
0.83,0.010073356401384084
0.84,0.010073356401384084
0.85,0.010073356401384084
0.86,0.010073356401384084
0.87,0.010073356401384084
0.88,0.010073356401384084
0.89,0.010073356401384084
0.9,0.010073356401384084
0.91,0.010073356401384084
0.92,0.010073356401384084
0.93,0.010073356401384084
0.94,0.010073356401384084
0.95,0.010073356401384084
0.96,0.010073356401384084
0.97,0.010073356401384084
0.98,0.010073356401384084
0.9900000000000002,0.010073356401384084
0.01,0.015110034602076121
0.02,0.015110034602076121
0.03,0.015110034602076121
0.04,0.015110034602076121
0.05,0.015110034602076121
0.06,0.015110034602076121
0.07,0.015110034602076121
0.08,0.015110034602076121
0.09,0.015110034602076121
0.1,0.015110034602076121
0.11,0.015110034602076121
0.12,0.015110034602076121
0.13,0.015110034602076121
0.14,0.015110034602076121
0.15,0.015110034602076121
0.16,0.015110034602076121
0.17,0.015110034602076121
0.18,0.015110034602076121
0.19,0.015110034602076121
0.2,0.015110034602076121
0.21,0.015110034602076121
0.22,0.015110034602076121
0.23,0.015110034602076121
0.24,0.015110034602076121
0.25,0.015110034602076121
0.26,0.015110034602076121
0.27,0.015110034602076121
0.28,0.015110034602076121
0.29,0.015110034602076121
0.3,0.015110034602076121
0.31,0.015110034602076121
0.32,0.015110034602076121
0.33,0.015110034602076121
0.34,0.015110034602076121
0.35000000000000003,0.015110034602076121
0.36,0.015110034602076121
0.37,0.015110034602076121
0.38,0.015110034602076121
0.39,0.015110034602076121
0.4,0.015110034602076121
0.41,0.015110034602076121
0.42,0.015110034602076121
0.43,0.015110034602076121
0.44,0.015110034602076121
0.45,0.015110034602076121
0.46,0.015110034602076121
0.47,0.015110034602076121
0.48,0.015110034602076121
0.49,0.015110034602076121
0.5,0.015110034602076121
0.51,0.015110034602076121
0.52,0.015110034602076121
0.53,0.015110034602076121
0.54,0.015110034602076121
0.55,0.015110034602076121
0.56,0.015110034602076121
0.5700000000000001,0.015110034602076121
0.58,0.015110034602076121
0.59,0.015110034602076121
0.6,0.015110034602076121
0.61,0.015110034602076121
0.62,0.015110034602076121
0.63,0.015110034602076121
0.64,0.015110034602076121
0.65,0.015110034602076121
0.66,0.015110034602076121
0.67,0.015110034602076121
0.68,0.015110034602076121
0.6900000000000001,0.015110034602076121
0.7000000000000001,0.015110034602076121
0.71,0.015110034602076121
0.72,0.015110034602076121
0.73,0.015110034602076121
0.74,0.015110034602076121
0.75,0.015110034602076121
0.76,0.015110034602076121
0.77,0.015110034602076121
0.78,0.015110034602076121
0.79,0.015110034602076121
0.8,0.015110034602076121
0.81,0.015110034602076121
0.82,0.015110034602076121
0.83,0.015110034602076121
0.84,0.015110034602076121
0.85,0.015110034602076121
0.86,0.015110034602076121
0.87,0.015110034602076121
0.88,0.015110034602076121
0.89,0.015110034602076121
0.9,0.015110034602076121
0.91,0.015110034602076121
0.92,0.015110034602076121
0.93,0.015110034602076121
0.94,0.015110034602076121
0.95,0.015110034602076121
0.96,0.015110034602076121
0.97,0.015110034602076121
0.98,0.015110034602076121
0.9900000000000002,0.015110034602076121
0.01,0.02014671280276817
0.02,0.02014671280276817
0.03,0.02014671280276817
0.04,0.02014671280276817
0.05,0.02014671280276817
0.06,0.02014671280276817
0.07,0.02014671280276817
0.08,0.02014671280276817
0.09,0.02014671280276817
0.1,0.02014671280276817
0.11,0.02014671280276817
0.12,0.02014671280276817
0.13,0.02014671280276817
0.14,0.02014671280276817
0.15,0.02014671280276817
0.16,0.02014671280276817
0.17,0.02014671280276817
0.18,0.02014671280276817
0.19,0.02014671280276817
0.2,0.02014671280276817
0.21,0.02014671280276817
0.22,0.02014671280276817
0.23,0.02014671280276817
0.24,0.02014671280276817
0.25,0.02014671280276817
0.26,0.02014671280276817
0.27,0.02014671280276817
0.28,0.02014671280276817
0.29,0.02014671280276817
0.3,0.02014671280276817
0.31,0.02014671280276817
0.32,0.02014671280276817
0.33,0.02014671280276817
0.34,0.02014671280276817
0.35000000000000003,0.02014671280276817
0.36,0.02014671280276817
0.37,0.02014671280276817
0.38,0.02014671280276817
0.39,0.02014671280276817
0.4,0.02014671280276817
0.41,0.02014671280276817
0.42,0.02014671280276817
0.43,0.02014671280276817
0.44,0.02014671280276817
0.45,0.02014671280276817
0.46,0.02014671280276817
0.47,0.02014671280276817
0.48,0.02014671280276817
0.49,0.02014671280276817
0.5,0.02014671280276817
0.51,0.02014671280276817
0.52,0.02014671280276817
0.53,0.02014671280276817
0.54,0.02014671280276817
0.55,0.02014671280276817
0.56,0.02014671280276817
0.5700000000000001,0.02014671280276817
0.58,0.02014671280276817
0.59,0.02014671280276817
0.6,0.02014671280276817
0.61,0.02014671280276817
0.62,0.02014671280276817
0.63,0.02014671280276817
0.64,0.02014671280276817
0.65,0.02014671280276817
0.66,0.02014671280276817
0.67,0.02014671280276817
0.68,0.02014671280276817
0.6900000000000001,0.02014671280276817
0.7000000000000001,0.02014671280276817
0.71,0.02014671280276817
0.72,0.02014671280276817
0.73,0.02014671280276817
0.74,0.02014671280276817
0.75,0.02014671280276817
0.76,0.02014671280276817
0.77,0.02014671280276817
0.78,0.02014671280276817
0.79,0.02014671280276817
0.8,0.02014671280276817
0.81,0.02014671280276817
0.82,0.02014671280276817
0.83,0.02014671280276817
0.84,0.02014671280276817
0.85,0.02014671280276817
0.86,0.02014671280276817
0.87,0.02014671280276817
0.88,0.02014671280276817
0.89,0.02014671280276817
0.9,0.02014671280276817
0.91,0.02014671280276817
0.92,0.02014671280276817
0.93,0.02014671280276817
0.94,0.02014671280276817
0.95,0.02014671280276817
0.96,0.02014671280276817
0.97,0.02014671280276817
0.98,0.02014671280276817
0.9900000000000002,0.02014671280276817
0.01,0.025183391003460207
0.02,0.025183391003460207
0.03,0.025183391003460207
0.04,0.025183391003460207
0.05,0.025183391003460207
0.06,0.025183391003460207
0.07,0.025183391003460207
0.08,0.025183391003460207
0.09,0.025183391003460207
0.1,0.025183391003460207
0.11,0.025183391003460207
0.12,0.025183391003460207
0.13,0.025183391003460207
0.14,0.025183391003460207
0.15,0.025183391003460207
0.16,0.025183391003460207
0.17,0.025183391003460207
0.18,0.025183391003460207
0.19,0.025183391003460207
0.2,0.025183391003460207
0.21,0.025183391003460207
0.22,0.025183391003460207
0.23,0.025183391003460207
0.24,0.025183391003460207
0.25,0.025183391003460207
0.26,0.025183391003460207
0.27,0.025183391003460207
0.28,0.025183391003460207
0.29,0.025183391003460207
0.3,0.025183391003460207
0.31,0.025183391003460207
0.32,0.025183391003460207
0.33,0.025183391003460207
0.34,0.025183391003460207
0.35000000000000003,0.025183391003460207
0.36,0.025183391003460207
0.37,0.025183391003460207
0.38,0.025183391003460207
0.39,0.025183391003460207
0.4,0.025183391003460207
0.41,0.025183391003460207
0.42,0.025183391003460207
0.43,0.025183391003460207
0.44,0.025183391003460207
0.45,0.025183391003460207
0.46,0.025183391003460207
0.47,0.025183391003460207
0.48,0.025183391003460207
0.49,0.025183391003460207
0.5,0.025183391003460207
0.51,0.025183391003460207
0.52,0.025183391003460207
0.53,0.025183391003460207
0.54,0.025183391003460207
0.55,0.025183391003460207
0.56,0.025183391003460207
0.5700000000000001,0.025183391003460207
0.58,0.025183391003460207
0.59,0.025183391003460207
0.6,0.025183391003460207
0.61,0.025183391003460207
0.62,0.025183391003460207
0.63,0.025183391003460207
0.64,0.025183391003460207
0.65,0.025183391003460207
0.66,0.025183391003460207
0.67,0.025183391003460207
0.68,0.025183391003460207
0.6900000000000001,0.025183391003460207
0.7000000000000001,0.025183391003460207
0.71,0.025183391003460207
0.72,0.025183391003460207
0.73,0.025183391003460207
0.74,0.025183391003460207
0.75,0.025183391003460207
0.76,0.025183391003460207
0.77,0.025183391003460207
0.78,0.025183391003460207
0.79,0.025183391003460207
0.8,0.025183391003460207
0.81,0.025183391003460207
0.82,0.025183391003460207
0.83,0.025183391003460207
0.84,0.025183391003460207
0.85,0.025183391003460207
0.86,0.025183391003460207
0.87,0.025183391003460207
0.88,0.025183391003460207
0.89,0.025183391003460207
0.9,0.025183391003460207
0.91,0.025183391003460207
0.92,0.025183391003460207
0.93,0.025183391003460207
0.94,0.025183391003460207
0.95,0.025183391003460207
0.96,0.025183391003460207
0.97,0.025183391003460207
0.98,0.025183391003460207
0.9900000000000002,0.025183391003460207
0.01,0.030220069204152242
0.02,0.030220069204152242
0.03,0.030220069204152242
0.04,0.030220069204152242
0.05,0.030220069204152242
0.06,0.030220069204152242
0.07,0.030220069204152242
0.08,0.030220069204152242
0.09,0.030220069204152242
0.1,0.030220069204152242
0.11,0.030220069204152242
0.12,0.030220069204152242
0.13,0.030220069204152242
0.14,0.030220069204152242
0.15,0.030220069204152242
0.16,0.030220069204152242
0.17,0.030220069204152242
0.18,0.030220069204152242
0.19,0.030220069204152242
0.2,0.030220069204152242
0.21,0.030220069204152242
0.22,0.030220069204152242
0.23,0.030220069204152242
0.24,0.030220069204152242
0.25,0.030220069204152242
0.26,0.030220069204152242
0.27,0.030220069204152242
0.28,0.030220069204152242
0.29,0.030220069204152242
0.3,0.030220069204152242
0.31,0.030220069204152242
0.32,0.030220069204152242
0.33,0.030220069204152242
0.34,0.030220069204152242
0.35000000000000003,0.030220069204152242
0.36,0.030220069204152242
0.37,0.030220069204152242
0.38,0.030220069204152242
0.39,0.030220069204152242
0.4,0.030220069204152242
0.41,0.030220069204152242
0.42,0.030220069204152242
0.43,0.030220069204152242
0.44,0.030220069204152242
0.45,0.030220069204152242
0.46,0.030220069204152242
0.47,0.030220069204152242
0.48,0.030220069204152242
0.49,0.030220069204152242
0.5,0.030220069204152242
0.51,0.030220069204152242
0.52,0.030220069204152242
0.53,0.030220069204152242
0.54,0.030220069204152242
0.55,0.030220069204152242
0.56,0.030220069204152242
0.5700000000000001,0.030220069204152242
0.58,0.030220069204152242
0.59,0.030220069204152242
0.6,0.030220069204152242
0.61,0.030220069204152242
0.62,0.030220069204152242
0.63,0.030220069204152242
0.64,0.030220069204152242
0.65,0.030220069204152242
0.66,0.030220069204152242
0.67,0.030220069204152242
0.68,0.030220069204152242
0.6900000000000001,0.030220069204152242
0.7000000000000001,0.030220069204152242
0.71,0.030220069204152242
0.72,0.030220069204152242
0.73,0.030220069204152242
0.74,0.030220069204152242
0.75,0.030220069204152242
0.76,0.030220069204152242
0.77,0.030220069204152242
0.78,0.030220069204152242
0.79,0.030220069204152242
0.8,0.030220069204152242
0.81,0.030220069204152242
0.82,0.030220069204152242
0.83,0.030220069204152242
0.84,0.030220069204152242
0.85,0.030220069204152242
0.86,0.030220069204152242
0.87,0.030220069204152242
0.88,0.030220069204152242
0.89,0.030220069204152242
0.9,0.030220069204152242
0.91,0.030220069204152242
0.92,0.030220069204152242
0.93,0.030220069204152242
0.94,0.030220069204152242
0.95,0.030220069204152242
0.96,0.030220069204152242
0.97,0.030220069204152242
0.98,0.030220069204152242
0.9900000000000002,0.030220069204152242
0.01,0.03525674740484429
0.02,0.03525674740484429
0.03,0.03525674740484429
0.04,0.03525674740484429
0.05,0.03525674740484429
0.06,0.03525674740484429
0.07,0.03525674740484429
0.08,0.03525674740484429
0.09,0.03525674740484429
0.1,0.03525674740484429
0.11,0.03525674740484429
0.12,0.03525674740484429
0.13,0.03525674740484429
0.14,0.03525674740484429
0.15,0.03525674740484429
0.16,0.03525674740484429
0.17,0.03525674740484429
0.18,0.03525674740484429
0.19,0.03525674740484429
0.2,0.03525674740484429
0.21,0.03525674740484429
0.22,0.03525674740484429
0.23,0.03525674740484429
0.24,0.03525674740484429
0.25,0.03525674740484429
0.26,0.03525674740484429
0.27,0.03525674740484429
0.28,0.03525674740484429
0.29,0.03525674740484429
0.3,0.03525674740484429
0.31,0.03525674740484429
0.32,0.03525674740484429
0.33,0.03525674740484429
0.34,0.03525674740484429
0.35000000000000003,0.03525674740484429
0.36,0.03525674740484429
0.37,0.03525674740484429
0.38,0.03525674740484429
0.39,0.03525674740484429
0.4,0.03525674740484429
0.41,0.03525674740484429
0.42,0.03525674740484429
0.43,0.03525674740484429
0.44,0.03525674740484429
0.45,0.03525674740484429
0.46,0.03525674740484429
0.47,0.03525674740484429
0.48,0.03525674740484429
0.49,0.03525674740484429
0.5,0.03525674740484429
0.51,0.03525674740484429
0.52,0.03525674740484429
0.53,0.03525674740484429
0.54,0.03525674740484429
0.55,0.03525674740484429
0.56,0.03525674740484429
0.5700000000000001,0.03525674740484429
0.58,0.03525674740484429
0.59,0.03525674740484429
0.6,0.03525674740484429
0.61,0.03525674740484429
0.62,0.03525674740484429
0.63,0.03525674740484429
0.64,0.03525674740484429
0.65,0.03525674740484429
0.66,0.03525674740484429
0.67,0.03525674740484429
0.68,0.03525674740484429
0.6900000000000001,0.03525674740484429
0.7000000000000001,0.03525674740484429
0.71,0.03525674740484429
0.72,0.03525674740484429
0.73,0.03525674740484429
0.74,0.03525674740484429
0.75,0.03525674740484429
0.76,0.03525674740484429
0.77,0.03525674740484429
0.78,0.03525674740484429
0.79,0.03525674740484429
0.8,0.03525674740484429
0.81,0.03525674740484429
0.82,0.03525674740484429
0.83,0.03525674740484429
0.84,0.03525674740484429
0.85,0.03525674740484429
0.86,0.03525674740484429
0.87,0.03525674740484429
0.88,0.03525674740484429
0.89,0.03525674740484429
0.9,0.03525674740484429
0.91,0.03525674740484429
0.92,0.03525674740484429
0.93,0.03525674740484429
0.94,0.03525674740484429
0.95,0.03525674740484429
0.96,0.03525674740484429
0.97,0.03525674740484429
0.98,0.03525674740484429
0.9900000000000002,0.03525674740484429
0.01,0.04029342560553634
0.02,0.04029342560553634
0.03,0.04029342560553634
0.04,0.04029342560553634
0.05,0.04029342560553634
0.06,0.04029342560553634
0.07,0.04029342560553634
0.08,0.04029342560553634
0.09,0.04029342560553634
0.1,0.04029342560553634
0.11,0.04029342560553634
0.12,0.04029342560553634
0.13,0.04029342560553634
0.14,0.04029342560553634
0.15,0.04029342560553634
0.16,0.04029342560553634
0.17,0.04029342560553634
0.18,0.04029342560553634
0.19,0.04029342560553634
0.2,0.04029342560553634
0.21,0.04029342560553634
0.22,0.04029342560553634
0.23,0.04029342560553634
0.24,0.04029342560553634
0.25,0.04029342560553634
0.26,0.04029342560553634
0.27,0.04029342560553634
0.28,0.04029342560553634
0.29,0.04029342560553634
0.3,0.04029342560553634
0.31,0.04029342560553634
0.32,0.04029342560553634
0.33,0.04029342560553634
0.34,0.04029342560553634
0.35000000000000003,0.04029342560553634
0.36,0.04029342560553634
0.37,0.04029342560553634
0.38,0.04029342560553634
0.39,0.04029342560553634
0.4,0.04029342560553634
0.41,0.04029342560553634
0.42,0.04029342560553634
0.43,0.04029342560553634
0.44,0.04029342560553634
0.45,0.04029342560553634
0.46,0.04029342560553634
0.47,0.04029342560553634
0.48,0.04029342560553634
0.49,0.04029342560553634
0.5,0.04029342560553634
0.51,0.04029342560553634
0.52,0.04029342560553634
0.53,0.04029342560553634
0.54,0.04029342560553634
0.55,0.04029342560553634
0.56,0.04029342560553634
0.5700000000000001,0.04029342560553634
0.58,0.04029342560553634
0.59,0.04029342560553634
0.6,0.04029342560553634
0.61,0.04029342560553634
0.62,0.04029342560553634
0.63,0.04029342560553634
0.64,0.04029342560553634
0.65,0.04029342560553634
0.66,0.04029342560553634
0.67,0.04029342560553634
0.68,0.04029342560553634
0.6900000000000001,0.04029342560553634
0.7000000000000001,0.04029342560553634
0.71,0.04029342560553634
0.72,0.04029342560553634
0.73,0.04029342560553634
0.74,0.04029342560553634
0.75,0.04029342560553634
0.76,0.04029342560553634
0.77,0.04029342560553634
0.78,0.04029342560553634
0.79,0.04029342560553634
0.8,0.04029342560553634
0.81,0.04029342560553634
0.82,0.04029342560553634
0.83,0.04029342560553634
0.84,0.04029342560553634
0.85,0.04029342560553634
0.86,0.04029342560553634
0.87,0.04029342560553634
0.88,0.04029342560553634
0.89,0.04029342560553634
0.9,0.04029342560553634
0.91,0.04029342560553634
0.92,0.04029342560553634
0.93,0.04029342560553634
0.94,0.04029342560553634
0.95,0.04029342560553634
0.96,0.04029342560553634
0.97,0.04029342560553634
0.98,0.04029342560553634
0.9900000000000002,0.04029342560553634
0.01,0.04533010380622838
0.02,0.04533010380622838
0.03,0.04533010380622838
0.04,0.04533010380622838
0.05,0.04533010380622838
0.06,0.04533010380622838
0.07,0.04533010380622838
0.08,0.04533010380622838
0.09,0.04533010380622838
0.1,0.04533010380622838
0.11,0.04533010380622838
0.12,0.04533010380622838
0.13,0.04533010380622838
0.14,0.04533010380622838
0.15,0.04533010380622838
0.16,0.04533010380622838
0.17,0.04533010380622838
0.18,0.04533010380622838
0.19,0.04533010380622838
0.2,0.04533010380622838
0.21,0.04533010380622838
0.22,0.04533010380622838
0.23,0.04533010380622838
0.24,0.04533010380622838
0.25,0.04533010380622838
0.26,0.04533010380622838
0.27,0.04533010380622838
0.28,0.04533010380622838
0.29,0.04533010380622838
0.3,0.04533010380622838
0.31,0.04533010380622838
0.32,0.04533010380622838
0.33,0.04533010380622838
0.34,0.04533010380622838
0.35000000000000003,0.04533010380622838
0.36,0.04533010380622838
0.37,0.04533010380622838
0.38,0.04533010380622838
0.39,0.04533010380622838
0.4,0.04533010380622838
0.41,0.04533010380622838
0.42,0.04533010380622838
0.43,0.04533010380622838
0.44,0.04533010380622838
0.45,0.04533010380622838
0.46,0.04533010380622838
0.47,0.04533010380622838
0.48,0.04533010380622838
0.49,0.04533010380622838
0.5,0.04533010380622838
0.51,0.04533010380622838
0.52,0.04533010380622838
0.53,0.04533010380622838
0.54,0.04533010380622838
0.55,0.04533010380622838
0.56,0.04533010380622838
0.5700000000000001,0.04533010380622838
0.58,0.04533010380622838
0.59,0.04533010380622838
0.6,0.04533010380622838
0.61,0.04533010380622838
0.62,0.04533010380622838
0.63,0.04533010380622838
0.64,0.04533010380622838
0.65,0.04533010380622838
0.66,0.04533010380622838
0.67,0.04533010380622838
0.68,0.04533010380622838
0.6900000000000001,0.04533010380622838
0.7000000000000001,0.04533010380622838
0.71,0.04533010380622838
0.72,0.04533010380622838
0.73,0.04533010380622838
0.74,0.04533010380622838
0.75,0.04533010380622838
0.76,0.04533010380622838
0.77,0.04533010380622838
0.78,0.04533010380622838
0.79,0.04533010380622838
0.8,0.04533010380622838
0.81,0.04533010380622838
0.82,0.04533010380622838
0.83,0.04533010380622838
0.84,0.04533010380622838
0.85,0.04533010380622838
0.86,0.04533010380622838
0.87,0.04533010380622838
0.88,0.04533010380622838
0.89,0.04533010380622838
0.9,0.04533010380622838
0.91,0.04533010380622838
0.92,0.04533010380622838
0.93,0.04533010380622838
0.94,0.04533010380622838
0.95,0.04533010380622838
0.96,0.04533010380622838
0.97,0.04533010380622838
0.98,0.04533010380622838
0.9900000000000002,0.04533010380622838
0.01,0.05036678200692042
0.02,0.05036678200692042
0.03,0.05036678200692042
0.04,0.05036678200692042
0.05,0.05036678200692042
0.06,0.05036678200692042
0.07,0.05036678200692042
0.08,0.05036678200692042
0.09,0.05036678200692042
0.1,0.05036678200692042
0.11,0.05036678200692042
0.12,0.05036678200692042
0.13,0.05036678200692042
0.14,0.05036678200692042
0.15,0.05036678200692042
0.16,0.05036678200692042
0.17,0.05036678200692042
0.18,0.05036678200692042
0.19,0.05036678200692042
0.2,0.05036678200692042
0.21,0.05036678200692042
0.22,0.05036678200692042
0.23,0.05036678200692042
0.24,0.05036678200692042
0.25,0.05036678200692042
0.26,0.05036678200692042
0.27,0.05036678200692042
0.28,0.05036678200692042
0.29,0.05036678200692042
0.3,0.05036678200692042
0.31,0.05036678200692042
0.32,0.05036678200692042
0.33,0.05036678200692042
0.34,0.05036678200692042
0.35000000000000003,0.05036678200692042
0.36,0.05036678200692042
0.37,0.05036678200692042
0.38,0.05036678200692042
0.39,0.05036678200692042
0.4,0.05036678200692042
0.41,0.05036678200692042
0.42,0.05036678200692042
0.43,0.05036678200692042
0.44,0.05036678200692042
0.45,0.05036678200692042
0.46,0.05036678200692042
0.47,0.05036678200692042
0.48,0.05036678200692042
0.49,0.05036678200692042
0.5,0.05036678200692042
0.51,0.05036678200692042
0.52,0.05036678200692042
0.53,0.05036678200692042
0.54,0.05036678200692042
0.55,0.05036678200692042
0.56,0.05036678200692042
0.5700000000000001,0.05036678200692042
0.58,0.05036678200692042
0.59,0.05036678200692042
0.6,0.05036678200692042
0.61,0.05036678200692042
0.62,0.05036678200692042
0.63,0.05036678200692042
0.64,0.05036678200692042
0.65,0.05036678200692042
0.66,0.05036678200692042
0.67,0.05036678200692042
0.68,0.05036678200692042
0.6900000000000001,0.05036678200692042
0.7000000000000001,0.05036678200692042
0.71,0.05036678200692042
0.72,0.05036678200692042
0.73,0.05036678200692042
0.74,0.05036678200692042
0.75,0.05036678200692042
0.76,0.05036678200692042
0.77,0.05036678200692042
0.78,0.05036678200692042
0.79,0.05036678200692042
0.8,0.05036678200692042
0.81,0.05036678200692042
0.82,0.05036678200692042
0.83,0.05036678200692042
0.84,0.05036678200692042
0.85,0.05036678200692042
0.86,0.05036678200692042
0.87,0.05036678200692042
0.88,0.05036678200692042
0.89,0.05036678200692042
0.9,0.05036678200692042
0.91,0.05036678200692042
0.92,0.05036678200692042
0.93,0.05036678200692042
0.94,0.05036678200692042
0.95,0.05036678200692042
0.96,0.05036678200692042
0.97,0.05036678200692042
0.98,0.05036678200692042
0.9900000000000002,0.05036678200692042
0.01,0.05540346020761245
0.02,0.05540346020761245
0.03,0.05540346020761245
0.04,0.05540346020761245
0.05,0.05540346020761245
0.06,0.05540346020761245
0.07,0.05540346020761245
0.08,0.05540346020761245
0.09,0.05540346020761245
0.1,0.05540346020761245
0.11,0.05540346020761245
0.12,0.05540346020761245
0.13,0.05540346020761245
0.14,0.05540346020761245
0.15,0.05540346020761245
0.16,0.05540346020761245
0.17,0.05540346020761245
0.18,0.05540346020761245
0.19,0.05540346020761245
0.2,0.05540346020761245
0.21,0.05540346020761245
0.22,0.05540346020761245
0.23,0.05540346020761245
0.24,0.05540346020761245
0.25,0.05540346020761245
0.26,0.05540346020761245
0.27,0.05540346020761245
0.28,0.05540346020761245
0.29,0.05540346020761245
0.3,0.05540346020761245
0.31,0.05540346020761245
0.32,0.05540346020761245
0.33,0.05540346020761245
0.34,0.05540346020761245
0.35000000000000003,0.05540346020761245
0.36,0.05540346020761245
0.37,0.05540346020761245
0.38,0.05540346020761245
0.39,0.05540346020761245
0.4,0.05540346020761245
0.41,0.05540346020761245
0.42,0.05540346020761245
0.43,0.05540346020761245
0.44,0.05540346020761245
0.45,0.05540346020761245
0.46,0.05540346020761245
0.47,0.05540346020761245
0.48,0.05540346020761245
0.49,0.05540346020761245
0.5,0.05540346020761245
0.51,0.05540346020761245
0.52,0.05540346020761245
0.53,0.05540346020761245
0.54,0.05540346020761245
0.55,0.05540346020761245
0.56,0.05540346020761245
0.5700000000000001,0.05540346020761245
0.58,0.05540346020761245
0.59,0.05540346020761245
0.6,0.05540346020761245
0.61,0.05540346020761245
0.62,0.05540346020761245
0.63,0.05540346020761245
0.64,0.05540346020761245
0.65,0.05540346020761245
0.66,0.05540346020761245
0.67,0.05540346020761245
0.68,0.05540346020761245
0.6900000000000001,0.05540346020761245
0.7000000000000001,0.05540346020761245
0.71,0.05540346020761245
0.72,0.05540346020761245
0.73,0.05540346020761245
0.74,0.05540346020761245
0.75,0.05540346020761245
0.76,0.05540346020761245
0.77,0.05540346020761245
0.78,0.05540346020761245
0.79,0.05540346020761245
0.8,0.05540346020761245
0.81,0.05540346020761245
0.82,0.05540346020761245
0.83,0.05540346020761245
0.84,0.05540346020761245
0.85,0.05540346020761245
0.86,0.05540346020761245
0.87,0.05540346020761245
0.88,0.05540346020761245
0.89,0.05540346020761245
0.9,0.05540346020761245
0.91,0.05540346020761245
0.92,0.05540346020761245
0.93,0.05540346020761245
0.94,0.05540346020761245
0.95,0.05540346020761245
0.96,0.05540346020761245
0.97,0.05540346020761245
0.98,0.05540346020761245
0.9900000000000002,0.05540346020761245
0.01,0.060440138408304485
0.02,0.060440138408304485
0.03,0.060440138408304485
0.04,0.060440138408304485
0.05,0.060440138408304485
0.06,0.060440138408304485
0.07,0.060440138408304485
0.08,0.060440138408304485
0.09,0.060440138408304485
0.1,0.060440138408304485
0.11,0.060440138408304485
0.12,0.060440138408304485
0.13,0.060440138408304485
0.14,0.060440138408304485
0.15,0.060440138408304485
0.16,0.060440138408304485
0.17,0.060440138408304485
0.18,0.060440138408304485
0.19,0.060440138408304485
0.2,0.060440138408304485
0.21,0.060440138408304485
0.22,0.060440138408304485
0.23,0.060440138408304485
0.24,0.060440138408304485
0.25,0.060440138408304485
0.26,0.060440138408304485
0.27,0.060440138408304485
0.28,0.060440138408304485
0.29,0.060440138408304485
0.3,0.060440138408304485
0.31,0.060440138408304485
0.32,0.060440138408304485
0.33,0.060440138408304485
0.34,0.060440138408304485
0.35000000000000003,0.060440138408304485
0.36,0.060440138408304485
0.37,0.060440138408304485
0.38,0.060440138408304485
0.39,0.060440138408304485
0.4,0.060440138408304485
0.41,0.060440138408304485
0.42,0.060440138408304485
0.43,0.060440138408304485
0.44,0.060440138408304485
0.45,0.060440138408304485
0.46,0.060440138408304485
0.47,0.060440138408304485
0.48,0.060440138408304485
0.49,0.060440138408304485
0.5,0.060440138408304485
0.51,0.060440138408304485
0.52,0.060440138408304485
0.53,0.060440138408304485
0.54,0.060440138408304485
0.55,0.060440138408304485
0.56,0.060440138408304485
0.5700000000000001,0.060440138408304485
0.58,0.060440138408304485
0.59,0.060440138408304485
0.6,0.060440138408304485
0.61,0.060440138408304485
0.62,0.060440138408304485
0.63,0.060440138408304485
0.64,0.060440138408304485
0.65,0.060440138408304485
0.66,0.060440138408304485
0.67,0.060440138408304485
0.68,0.060440138408304485
0.6900000000000001,0.060440138408304485
0.7000000000000001,0.060440138408304485
0.71,0.060440138408304485
0.72,0.060440138408304485
0.73,0.060440138408304485
0.74,0.060440138408304485
0.75,0.060440138408304485
0.76,0.060440138408304485
0.77,0.060440138408304485
0.78,0.060440138408304485
0.79,0.060440138408304485
0.8,0.060440138408304485
0.81,0.060440138408304485
0.82,0.060440138408304485
0.83,0.060440138408304485
0.84,0.060440138408304485
0.85,0.060440138408304485
0.86,0.060440138408304485
0.87,0.060440138408304485
0.88,0.060440138408304485
0.89,0.060440138408304485
0.9,0.060440138408304485
0.91,0.060440138408304485
0.92,0.060440138408304485
0.93,0.060440138408304485
0.94,0.060440138408304485
0.95,0.060440138408304485
0.96,0.060440138408304485
0.97,0.060440138408304485
0.98,0.060440138408304485
0.9900000000000002,0.060440138408304485
0.01,0.06547681660899654
0.02,0.06547681660899654
0.03,0.06547681660899654
0.04,0.06547681660899654
0.05,0.06547681660899654
0.06,0.06547681660899654
0.07,0.06547681660899654
0.08,0.06547681660899654
0.09,0.06547681660899654
0.1,0.06547681660899654
0.11,0.06547681660899654
0.12,0.06547681660899654
0.13,0.06547681660899654
0.14,0.06547681660899654
0.15,0.06547681660899654
0.16,0.06547681660899654
0.17,0.06547681660899654
0.18,0.06547681660899654
0.19,0.06547681660899654
0.2,0.06547681660899654
0.21,0.06547681660899654
0.22,0.06547681660899654
0.23,0.06547681660899654
0.24,0.06547681660899654
0.25,0.06547681660899654
0.26,0.06547681660899654
0.27,0.06547681660899654
0.28,0.06547681660899654
0.29,0.06547681660899654
0.3,0.06547681660899654
0.31,0.06547681660899654
0.32,0.06547681660899654
0.33,0.06547681660899654
0.34,0.06547681660899654
0.35000000000000003,0.06547681660899654
0.36,0.06547681660899654
0.37,0.06547681660899654
0.38,0.06547681660899654
0.39,0.06547681660899654
0.4,0.06547681660899654
0.41,0.06547681660899654
0.42,0.06547681660899654
0.43,0.06547681660899654
0.44,0.06547681660899654
0.45,0.06547681660899654
0.46,0.06547681660899654
0.47,0.06547681660899654
0.48,0.06547681660899654
0.49,0.06547681660899654
0.5,0.06547681660899654
0.51,0.06547681660899654
0.52,0.06547681660899654
0.53,0.06547681660899654
0.54,0.06547681660899654
0.55,0.06547681660899654
0.56,0.06547681660899654
0.5700000000000001,0.06547681660899654
0.58,0.06547681660899654
0.59,0.06547681660899654
0.6,0.06547681660899654
0.61,0.06547681660899654
0.62,0.06547681660899654
0.63,0.06547681660899654
0.64,0.06547681660899654
0.65,0.06547681660899654
0.66,0.06547681660899654
0.67,0.06547681660899654
0.68,0.06547681660899654
0.6900000000000001,0.06547681660899654
0.7000000000000001,0.06547681660899654
0.71,0.06547681660899654
0.72,0.06547681660899654
0.73,0.06547681660899654
0.74,0.06547681660899654
0.75,0.06547681660899654
0.76,0.06547681660899654
0.77,0.06547681660899654
0.78,0.06547681660899654
0.79,0.06547681660899654
0.8,0.06547681660899654
0.81,0.06547681660899654
0.82,0.06547681660899654
0.83,0.06547681660899654
0.84,0.06547681660899654
0.85,0.06547681660899654
0.86,0.06547681660899654
0.87,0.06547681660899654
0.88,0.06547681660899654
0.89,0.06547681660899654
0.9,0.06547681660899654
0.91,0.06547681660899654
0.92,0.06547681660899654
0.93,0.06547681660899654
0.94,0.06547681660899654
0.95,0.06547681660899654
0.96,0.06547681660899654
0.97,0.06547681660899654
0.98,0.06547681660899654
0.9900000000000002,0.06547681660899654
0.01,0.07051349480968858
0.02,0.07051349480968858
0.03,0.07051349480968858
0.04,0.07051349480968858
0.05,0.07051349480968858
0.06,0.07051349480968858
0.07,0.07051349480968858
0.08,0.07051349480968858
0.09,0.07051349480968858
0.1,0.07051349480968858
0.11,0.07051349480968858
0.12,0.07051349480968858
0.13,0.07051349480968858
0.14,0.07051349480968858
0.15,0.07051349480968858
0.16,0.07051349480968858
0.17,0.07051349480968858
0.18,0.07051349480968858
0.19,0.07051349480968858
0.2,0.07051349480968858
0.21,0.07051349480968858
0.22,0.07051349480968858
0.23,0.07051349480968858
0.24,0.07051349480968858
0.25,0.07051349480968858
0.26,0.07051349480968858
0.27,0.07051349480968858
0.28,0.07051349480968858
0.29,0.07051349480968858
0.3,0.07051349480968858
0.31,0.07051349480968858
0.32,0.07051349480968858
0.33,0.07051349480968858
0.34,0.07051349480968858
0.35000000000000003,0.07051349480968858
0.36,0.07051349480968858
0.37,0.07051349480968858
0.38,0.07051349480968858
0.39,0.07051349480968858
0.4,0.07051349480968858
0.41,0.07051349480968858
0.42,0.07051349480968858
0.43,0.07051349480968858
0.44,0.07051349480968858
0.45,0.07051349480968858
0.46,0.07051349480968858
0.47,0.07051349480968858
0.48,0.07051349480968858
0.49,0.07051349480968858
0.5,0.07051349480968858
0.51,0.07051349480968858
0.52,0.07051349480968858
0.53,0.07051349480968858
0.54,0.07051349480968858
0.55,0.07051349480968858
0.56,0.07051349480968858
0.5700000000000001,0.07051349480968858
0.58,0.07051349480968858
0.59,0.07051349480968858
0.6,0.07051349480968858
0.61,0.07051349480968858
0.62,0.07051349480968858
0.63,0.07051349480968858
0.64,0.07051349480968858
0.65,0.07051349480968858
0.66,0.07051349480968858
0.67,0.07051349480968858
0.68,0.07051349480968858
0.6900000000000001,0.07051349480968858
0.7000000000000001,0.07051349480968858
0.71,0.07051349480968858
0.72,0.07051349480968858
0.73,0.07051349480968858
0.74,0.07051349480968858
0.75,0.07051349480968858
0.76,0.07051349480968858
0.77,0.07051349480968858
0.78,0.07051349480968858
0.79,0.07051349480968858
0.8,0.07051349480968858
0.81,0.07051349480968858
0.82,0.07051349480968858
0.83,0.07051349480968858
0.84,0.07051349480968858
0.85,0.07051349480968858
0.86,0.07051349480968858
0.87,0.07051349480968858
0.88,0.07051349480968858
0.89,0.07051349480968858
0.9,0.07051349480968858
0.91,0.07051349480968858
0.92,0.07051349480968858
0.93,0.07051349480968858
0.94,0.07051349480968858
0.95,0.07051349480968858
0.96,0.07051349480968858
0.97,0.07051349480968858
0.98,0.07051349480968858
0.9900000000000002,0.07051349480968858
0.01,0.07555017301038063
0.02,0.07555017301038063
0.03,0.07555017301038063
0.04,0.07555017301038063
0.05,0.07555017301038063
0.06,0.07555017301038063
0.07,0.07555017301038063
0.08,0.07555017301038063
0.09,0.07555017301038063
0.1,0.07555017301038063
0.11,0.07555017301038063
0.12,0.07555017301038063
0.13,0.07555017301038063
0.14,0.07555017301038063
0.15,0.07555017301038063
0.16,0.07555017301038063
0.17,0.07555017301038063
0.18,0.07555017301038063
0.19,0.07555017301038063
0.2,0.07555017301038063
0.21,0.07555017301038063
0.22,0.07555017301038063
0.23,0.07555017301038063
0.24,0.07555017301038063
0.25,0.07555017301038063
0.26,0.07555017301038063
0.27,0.07555017301038063
0.28,0.07555017301038063
0.29,0.07555017301038063
0.3,0.07555017301038063
0.31,0.07555017301038063
0.32,0.07555017301038063
0.33,0.07555017301038063
0.34,0.07555017301038063
0.35000000000000003,0.07555017301038063
0.36,0.07555017301038063
0.37,0.07555017301038063
0.38,0.07555017301038063
0.39,0.07555017301038063
0.4,0.07555017301038063
0.41,0.07555017301038063
0.42,0.07555017301038063
0.43,0.07555017301038063
0.44,0.07555017301038063
0.45,0.07555017301038063
0.46,0.07555017301038063
0.47,0.07555017301038063
0.48,0.07555017301038063
0.49,0.07555017301038063
0.5,0.07555017301038063
0.51,0.07555017301038063
0.52,0.07555017301038063
0.53,0.07555017301038063
0.54,0.07555017301038063
0.55,0.07555017301038063
0.56,0.07555017301038063
0.5700000000000001,0.07555017301038063
0.58,0.07555017301038063
0.59,0.07555017301038063
0.6,0.07555017301038063
0.61,0.07555017301038063
0.62,0.07555017301038063
0.63,0.07555017301038063
0.64,0.07555017301038063
0.65,0.07555017301038063
0.66,0.07555017301038063
0.67,0.07555017301038063
0.68,0.07555017301038063
0.6900000000000001,0.07555017301038063
0.7000000000000001,0.07555017301038063
0.71,0.07555017301038063
0.72,0.07555017301038063
0.73,0.07555017301038063
0.74,0.07555017301038063
0.75,0.07555017301038063
0.76,0.07555017301038063
0.77,0.07555017301038063
0.78,0.07555017301038063
0.79,0.07555017301038063
0.8,0.07555017301038063
0.81,0.07555017301038063
0.82,0.07555017301038063
0.83,0.07555017301038063
0.84,0.07555017301038063
0.85,0.07555017301038063
0.86,0.07555017301038063
0.87,0.07555017301038063
0.88,0.07555017301038063
0.89,0.07555017301038063
0.9,0.07555017301038063
0.91,0.07555017301038063
0.92,0.07555017301038063
0.93,0.07555017301038063
0.94,0.07555017301038063
0.95,0.07555017301038063
0.96,0.07555017301038063
0.97,0.07555017301038063
0.98,0.07555017301038063
0.9900000000000002,0.07555017301038063
0.01,0.08058685121107267
0.02,0.08058685121107267
0.03,0.08058685121107267
0.04,0.08058685121107267
0.05,0.08058685121107267
0.06,0.08058685121107267
0.07,0.08058685121107267
0.08,0.08058685121107267
0.09,0.08058685121107267
0.1,0.08058685121107267
0.11,0.08058685121107267
0.12,0.08058685121107267
0.13,0.08058685121107267
0.14,0.08058685121107267
0.15,0.08058685121107267
0.16,0.08058685121107267
0.17,0.08058685121107267
0.18,0.08058685121107267
0.19,0.08058685121107267
0.2,0.08058685121107267
0.21,0.08058685121107267
0.22,0.08058685121107267
0.23,0.08058685121107267
0.24,0.08058685121107267
0.25,0.08058685121107267
0.26,0.08058685121107267
0.27,0.08058685121107267
0.28,0.08058685121107267
0.29,0.08058685121107267
0.3,0.08058685121107267
0.31,0.08058685121107267
0.32,0.08058685121107267
0.33,0.08058685121107267
0.34,0.08058685121107267
0.35000000000000003,0.08058685121107267
0.36,0.08058685121107267
0.37,0.08058685121107267
0.38,0.08058685121107267
0.39,0.08058685121107267
0.4,0.08058685121107267
0.41,0.08058685121107267
0.42,0.08058685121107267
0.43,0.08058685121107267
0.44,0.08058685121107267
0.45,0.08058685121107267
0.46,0.08058685121107267
0.47,0.08058685121107267
0.48,0.08058685121107267
0.49,0.08058685121107267
0.5,0.08058685121107267
0.51,0.08058685121107267
0.52,0.08058685121107267
0.53,0.08058685121107267
0.54,0.08058685121107267
0.55,0.08058685121107267
0.56,0.08058685121107267
0.5700000000000001,0.08058685121107267
0.58,0.08058685121107267
0.59,0.08058685121107267
0.6,0.08058685121107267
0.61,0.08058685121107267
0.62,0.08058685121107267
0.63,0.08058685121107267
0.64,0.08058685121107267
0.65,0.08058685121107267
0.66,0.08058685121107267
0.67,0.08058685121107267
0.68,0.08058685121107267
0.6900000000000001,0.08058685121107267
0.7000000000000001,0.08058685121107267
0.71,0.08058685121107267
0.72,0.08058685121107267
0.73,0.08058685121107267
0.74,0.08058685121107267
0.75,0.08058685121107267
0.76,0.08058685121107267
0.77,0.08058685121107267
0.78,0.08058685121107267
0.79,0.08058685121107267
0.8,0.08058685121107267
0.81,0.08058685121107267
0.82,0.08058685121107267
0.83,0.08058685121107267
0.84,0.08058685121107267
0.85,0.08058685121107267
0.86,0.08058685121107267
0.87,0.08058685121107267
0.88,0.08058685121107267
0.89,0.08058685121107267
0.9,0.08058685121107267
0.91,0.08058685121107267
0.92,0.08058685121107267
0.93,0.08058685121107267
0.94,0.08058685121107267
0.95,0.08058685121107267
0.96,0.08058685121107267
0.97,0.08058685121107267
0.98,0.08058685121107267
0.9900000000000002,0.08058685121107267
0.01,0.08562352941176471
0.02,0.08562352941176471
0.03,0.08562352941176471
0.04,0.08562352941176471
0.05,0.08562352941176471
0.06,0.08562352941176471
0.07,0.08562352941176471
0.08,0.08562352941176471
0.09,0.08562352941176471
0.1,0.08562352941176471
0.11,0.08562352941176471
0.12,0.08562352941176471
0.13,0.08562352941176471
0.14,0.08562352941176471
0.15,0.08562352941176471
0.16,0.08562352941176471
0.17,0.08562352941176471
0.18,0.08562352941176471
0.19,0.08562352941176471
0.2,0.08562352941176471
0.21,0.08562352941176471
0.22,0.08562352941176471
0.23,0.08562352941176471
0.24,0.08562352941176471
0.25,0.08562352941176471
0.26,0.08562352941176471
0.27,0.08562352941176471
0.28,0.08562352941176471
0.29,0.08562352941176471
0.3,0.08562352941176471
0.31,0.08562352941176471
0.32,0.08562352941176471
0.33,0.08562352941176471
0.34,0.08562352941176471
0.35000000000000003,0.08562352941176471
0.36,0.08562352941176471
0.37,0.08562352941176471
0.38,0.08562352941176471
0.39,0.08562352941176471
0.4,0.08562352941176471
0.41,0.08562352941176471
0.42,0.08562352941176471
0.43,0.08562352941176471
0.44,0.08562352941176471
0.45,0.08562352941176471
0.46,0.08562352941176471
0.47,0.08562352941176471
0.48,0.08562352941176471
0.49,0.08562352941176471
0.5,0.08562352941176471
0.51,0.08562352941176471
0.52,0.08562352941176471
0.53,0.08562352941176471
0.54,0.08562352941176471
0.55,0.08562352941176471
0.56,0.08562352941176471
0.5700000000000001,0.08562352941176471
0.58,0.08562352941176471
0.59,0.08562352941176471
0.6,0.08562352941176471
0.61,0.08562352941176471
0.62,0.08562352941176471
0.63,0.08562352941176471
0.64,0.08562352941176471
0.65,0.08562352941176471
0.66,0.08562352941176471
0.67,0.08562352941176471
0.68,0.08562352941176471
0.6900000000000001,0.08562352941176471
0.7000000000000001,0.08562352941176471
0.71,0.08562352941176471
0.72,0.08562352941176471
0.73,0.08562352941176471
0.74,0.08562352941176471
0.75,0.08562352941176471
0.76,0.08562352941176471
0.77,0.08562352941176471
0.78,0.08562352941176471
0.79,0.08562352941176471
0.8,0.08562352941176471
0.81,0.08562352941176471
0.82,0.08562352941176471
0.83,0.08562352941176471
0.84,0.08562352941176471
0.85,0.08562352941176471
0.86,0.08562352941176471
0.87,0.08562352941176471
0.88,0.08562352941176471
0.89,0.08562352941176471
0.9,0.08562352941176471
0.91,0.08562352941176471
0.92,0.08562352941176471
0.93,0.08562352941176471
0.94,0.08562352941176471
0.95,0.08562352941176471
0.96,0.08562352941176471
0.97,0.08562352941176471
0.98,0.08562352941176471
0.9900000000000002,0.08562352941176471
0.01,0.09066020761245677
0.02,0.09066020761245677
0.03,0.09066020761245677
0.04,0.09066020761245677
0.05,0.09066020761245677
0.06,0.09066020761245677
0.07,0.09066020761245677
0.08,0.09066020761245677
0.09,0.09066020761245677
0.1,0.09066020761245677
0.11,0.09066020761245677
0.12,0.09066020761245677
0.13,0.09066020761245677
0.14,0.09066020761245677
0.15,0.09066020761245677
0.16,0.09066020761245677
0.17,0.09066020761245677
0.18,0.09066020761245677
0.19,0.09066020761245677
0.2,0.09066020761245677
0.21,0.09066020761245677
0.22,0.09066020761245677
0.23,0.09066020761245677
0.24,0.09066020761245677
0.25,0.09066020761245677
0.26,0.09066020761245677
0.27,0.09066020761245677
0.28,0.09066020761245677
0.29,0.09066020761245677
0.3,0.09066020761245677
0.31,0.09066020761245677
0.32,0.09066020761245677
0.33,0.09066020761245677
0.34,0.09066020761245677
0.35000000000000003,0.09066020761245677
0.36,0.09066020761245677
0.37,0.09066020761245677
0.38,0.09066020761245677
0.39,0.09066020761245677
0.4,0.09066020761245677
0.41,0.09066020761245677
0.42,0.09066020761245677
0.43,0.09066020761245677
0.44,0.09066020761245677
0.45,0.09066020761245677
0.46,0.09066020761245677
0.47,0.09066020761245677
0.48,0.09066020761245677
0.49,0.09066020761245677
0.5,0.09066020761245677
0.51,0.09066020761245677
0.52,0.09066020761245677
0.53,0.09066020761245677
0.54,0.09066020761245677
0.55,0.09066020761245677
0.56,0.09066020761245677
0.5700000000000001,0.09066020761245677
0.58,0.09066020761245677
0.59,0.09066020761245677
0.6,0.09066020761245677
0.61,0.09066020761245677
0.62,0.09066020761245677
0.63,0.09066020761245677
0.64,0.09066020761245677
0.65,0.09066020761245677
0.66,0.09066020761245677
0.67,0.09066020761245677
0.68,0.09066020761245677
0.6900000000000001,0.09066020761245677
0.7000000000000001,0.09066020761245677
0.71,0.09066020761245677
0.72,0.09066020761245677
0.73,0.09066020761245677
0.74,0.09066020761245677
0.75,0.09066020761245677
0.76,0.09066020761245677
0.77,0.09066020761245677
0.78,0.09066020761245677
0.79,0.09066020761245677
0.8,0.09066020761245677
0.81,0.09066020761245677
0.82,0.09066020761245677
0.83,0.09066020761245677
0.84,0.09066020761245677
0.85,0.09066020761245677
0.86,0.09066020761245677
0.87,0.09066020761245677
0.88,0.09066020761245677
0.89,0.09066020761245677
0.9,0.09066020761245677
0.91,0.09066020761245677
0.92,0.09066020761245677
0.93,0.09066020761245677
0.94,0.09066020761245677
0.95,0.09066020761245677
0.96,0.09066020761245677
0.97,0.09066020761245677
0.98,0.09066020761245677
0.9900000000000002,0.09066020761245677
0.01,0.09569688581314877
0.02,0.09569688581314877
0.03,0.09569688581314877
0.04,0.09569688581314877
0.05,0.09569688581314877
0.06,0.09569688581314877
0.07,0.09569688581314877
0.08,0.09569688581314877
0.09,0.09569688581314877
0.1,0.09569688581314877
0.11,0.09569688581314877
0.12,0.09569688581314877
0.13,0.09569688581314877
0.14,0.09569688581314877
0.15,0.09569688581314877
0.16,0.09569688581314877
0.17,0.09569688581314877
0.18,0.09569688581314877
0.19,0.09569688581314877
0.2,0.09569688581314877
0.21,0.09569688581314877
0.22,0.09569688581314877
0.23,0.09569688581314877
0.24,0.09569688581314877
0.25,0.09569688581314877
0.26,0.09569688581314877
0.27,0.09569688581314877
0.28,0.09569688581314877
0.29,0.09569688581314877
0.3,0.09569688581314877
0.31,0.09569688581314877
0.32,0.09569688581314877
0.33,0.09569688581314877
0.34,0.09569688581314877
0.35000000000000003,0.09569688581314877
0.36,0.09569688581314877
0.37,0.09569688581314877
0.38,0.09569688581314877
0.39,0.09569688581314877
0.4,0.09569688581314877
0.41,0.09569688581314877
0.42,0.09569688581314877
0.43,0.09569688581314877
0.44,0.09569688581314877
0.45,0.09569688581314877
0.46,0.09569688581314877
0.47,0.09569688581314877
0.48,0.09569688581314877
0.49,0.09569688581314877
0.5,0.09569688581314877
0.51,0.09569688581314877
0.52,0.09569688581314877
0.53,0.09569688581314877
0.54,0.09569688581314877
0.55,0.09569688581314877
0.56,0.09569688581314877
0.5700000000000001,0.09569688581314877
0.58,0.09569688581314877
0.59,0.09569688581314877
0.6,0.09569688581314877
0.61,0.09569688581314877
0.62,0.09569688581314877
0.63,0.09569688581314877
0.64,0.09569688581314877
0.65,0.09569688581314877
0.66,0.09569688581314877
0.67,0.09569688581314877
0.68,0.09569688581314877
0.6900000000000001,0.09569688581314877
0.7000000000000001,0.09569688581314877
0.71,0.09569688581314877
0.72,0.09569688581314877
0.73,0.09569688581314877
0.74,0.09569688581314877
0.75,0.09569688581314877
0.76,0.09569688581314877
0.77,0.09569688581314877
0.78,0.09569688581314877
0.79,0.09569688581314877
0.8,0.09569688581314877
0.81,0.09569688581314877
0.82,0.09569688581314877
0.83,0.09569688581314877
0.84,0.09569688581314877
0.85,0.09569688581314877
0.86,0.09569688581314877
0.87,0.09569688581314877
0.88,0.09569688581314877
0.89,0.09569688581314877
0.9,0.09569688581314877
0.91,0.09569688581314877
0.92,0.09569688581314877
0.93,0.09569688581314877
0.94,0.09569688581314877
0.95,0.09569688581314877
0.96,0.09569688581314877
0.97,0.09569688581314877
0.98,0.09569688581314877
0.9900000000000002,0.09569688581314877
0.01,0.10073356401384084
0.02,0.10073356401384084
0.03,0.10073356401384084
0.04,0.10073356401384084
0.05,0.10073356401384084
0.06,0.10073356401384084
0.07,0.10073356401384084
0.08,0.10073356401384084
0.09,0.10073356401384084
0.1,0.10073356401384084
0.11,0.10073356401384084
0.12,0.10073356401384084
0.13,0.10073356401384084
0.14,0.10073356401384084
0.15,0.10073356401384084
0.16,0.10073356401384084
0.17,0.10073356401384084
0.18,0.10073356401384084
0.19,0.10073356401384084
0.2,0.10073356401384084
0.21,0.10073356401384084
0.22,0.10073356401384084
0.23,0.10073356401384084
0.24,0.10073356401384084
0.25,0.10073356401384084
0.26,0.10073356401384084
0.27,0.10073356401384084
0.28,0.10073356401384084
0.29,0.10073356401384084
0.3,0.10073356401384084
0.31,0.10073356401384084
0.32,0.10073356401384084
0.33,0.10073356401384084
0.34,0.10073356401384084
0.35000000000000003,0.10073356401384084
0.36,0.10073356401384084
0.37,0.10073356401384084
0.38,0.10073356401384084
0.39,0.10073356401384084
0.4,0.10073356401384084
0.41,0.10073356401384084
0.42,0.10073356401384084
0.43,0.10073356401384084
0.44,0.10073356401384084
0.45,0.10073356401384084
0.46,0.10073356401384084
0.47,0.10073356401384084
0.48,0.10073356401384084
0.49,0.10073356401384084
0.5,0.10073356401384084
0.51,0.10073356401384084
0.52,0.10073356401384084
0.53,0.10073356401384084
0.54,0.10073356401384084
0.55,0.10073356401384084
0.56,0.10073356401384084
0.5700000000000001,0.10073356401384084
0.58,0.10073356401384084
0.59,0.10073356401384084
0.6,0.10073356401384084
0.61,0.10073356401384084
0.62,0.10073356401384084
0.63,0.10073356401384084
0.64,0.10073356401384084
0.65,0.10073356401384084
0.66,0.10073356401384084
0.67,0.10073356401384084
0.68,0.10073356401384084
0.6900000000000001,0.10073356401384084
0.7000000000000001,0.10073356401384084
0.71,0.10073356401384084
0.72,0.10073356401384084
0.73,0.10073356401384084
0.74,0.10073356401384084
0.75,0.10073356401384084
0.76,0.10073356401384084
0.77,0.10073356401384084
0.78,0.10073356401384084
0.79,0.10073356401384084
0.8,0.10073356401384084
0.81,0.10073356401384084
0.82,0.10073356401384084
0.83,0.10073356401384084
0.84,0.10073356401384084
0.85,0.10073356401384084
0.86,0.10073356401384084
0.87,0.10073356401384084
0.88,0.10073356401384084
0.89,0.10073356401384084
0.9,0.10073356401384084
0.91,0.10073356401384084
0.92,0.10073356401384084
0.93,0.10073356401384084
0.94,0.10073356401384084
0.95,0.10073356401384084
0.96,0.10073356401384084
0.97,0.10073356401384084
0.98,0.10073356401384084
0.9900000000000002,0.10073356401384084
0.01,0.10577024221453288
0.02,0.10577024221453288
0.03,0.10577024221453288
0.04,0.10577024221453288
0.05,0.10577024221453288
0.06,0.10577024221453288
0.07,0.10577024221453288
0.08,0.10577024221453288
0.09,0.10577024221453288
0.1,0.10577024221453288
0.11,0.10577024221453288
0.12,0.10577024221453288
0.13,0.10577024221453288
0.14,0.10577024221453288
0.15,0.10577024221453288
0.16,0.10577024221453288
0.17,0.10577024221453288
0.18,0.10577024221453288
0.19,0.10577024221453288
0.2,0.10577024221453288
0.21,0.10577024221453288
0.22,0.10577024221453288
0.23,0.10577024221453288
0.24,0.10577024221453288
0.25,0.10577024221453288
0.26,0.10577024221453288
0.27,0.10577024221453288
0.28,0.10577024221453288
0.29,0.10577024221453288
0.3,0.10577024221453288
0.31,0.10577024221453288
0.32,0.10577024221453288
0.33,0.10577024221453288
0.34,0.10577024221453288
0.35000000000000003,0.10577024221453288
0.36,0.10577024221453288
0.37,0.10577024221453288
0.38,0.10577024221453288
0.39,0.10577024221453288
0.4,0.10577024221453288
0.41,0.10577024221453288
0.42,0.10577024221453288
0.43,0.10577024221453288
0.44,0.10577024221453288
0.45,0.10577024221453288
0.46,0.10577024221453288
0.47,0.10577024221453288
0.48,0.10577024221453288
0.49,0.10577024221453288
0.5,0.10577024221453288
0.51,0.10577024221453288
0.52,0.10577024221453288
0.53,0.10577024221453288
0.54,0.10577024221453288
0.55,0.10577024221453288
0.56,0.10577024221453288
0.5700000000000001,0.10577024221453288
0.58,0.10577024221453288
0.59,0.10577024221453288
0.6,0.10577024221453288
0.61,0.10577024221453288
0.62,0.10577024221453288
0.63,0.10577024221453288
0.64,0.10577024221453288
0.65,0.10577024221453288
0.66,0.10577024221453288
0.67,0.10577024221453288
0.68,0.10577024221453288
0.6900000000000001,0.10577024221453288
0.7000000000000001,0.10577024221453288
0.71,0.10577024221453288
0.72,0.10577024221453288
0.73,0.10577024221453288
0.74,0.10577024221453288
0.75,0.10577024221453288
0.76,0.10577024221453288
0.77,0.10577024221453288
0.78,0.10577024221453288
0.79,0.10577024221453288
0.8,0.10577024221453288
0.81,0.10577024221453288
0.82,0.10577024221453288
0.83,0.10577024221453288
0.84,0.10577024221453288
0.85,0.10577024221453288
0.86,0.10577024221453288
0.87,0.10577024221453288
0.88,0.10577024221453288
0.89,0.10577024221453288
0.9,0.10577024221453288
0.91,0.10577024221453288
0.92,0.10577024221453288
0.93,0.10577024221453288
0.94,0.10577024221453288
0.95,0.10577024221453288
0.96,0.10577024221453288
0.97,0.10577024221453288
0.98,0.10577024221453288
0.9900000000000002,0.10577024221453288
0.01,0.11080692041522489
0.02,0.11080692041522489
0.03,0.11080692041522489
0.04,0.11080692041522489
0.05,0.11080692041522489
0.06,0.11080692041522489
0.07,0.11080692041522489
0.08,0.11080692041522489
0.09,0.11080692041522489
0.1,0.11080692041522489
0.11,0.11080692041522489
0.12,0.11080692041522489
0.13,0.11080692041522489
0.14,0.11080692041522489
0.15,0.11080692041522489
0.16,0.11080692041522489
0.17,0.11080692041522489
0.18,0.11080692041522489
0.19,0.11080692041522489
0.2,0.11080692041522489
0.21,0.11080692041522489
0.22,0.11080692041522489
0.23,0.11080692041522489
0.24,0.11080692041522489
0.25,0.11080692041522489
0.26,0.11080692041522489
0.27,0.11080692041522489
0.28,0.11080692041522489
0.29,0.11080692041522489
0.3,0.11080692041522489
0.31,0.11080692041522489
0.32,0.11080692041522489
0.33,0.11080692041522489
0.34,0.11080692041522489
0.35000000000000003,0.11080692041522489
0.36,0.11080692041522489
0.37,0.11080692041522489
0.38,0.11080692041522489
0.39,0.11080692041522489
0.4,0.11080692041522489
0.41,0.11080692041522489
0.42,0.11080692041522489
0.43,0.11080692041522489
0.44,0.11080692041522489
0.45,0.11080692041522489
0.46,0.11080692041522489
0.47,0.11080692041522489
0.48,0.11080692041522489
0.49,0.11080692041522489
0.5,0.11080692041522489
0.51,0.11080692041522489
0.52,0.11080692041522489
0.53,0.11080692041522489
0.54,0.11080692041522489
0.55,0.11080692041522489
0.56,0.11080692041522489
0.5700000000000001,0.11080692041522489
0.58,0.11080692041522489
0.59,0.11080692041522489
0.6,0.11080692041522489
0.61,0.11080692041522489
0.62,0.11080692041522489
0.63,0.11080692041522489
0.64,0.11080692041522489
0.65,0.11080692041522489
0.66,0.11080692041522489
0.67,0.11080692041522489
0.68,0.11080692041522489
0.6900000000000001,0.11080692041522489
0.7000000000000001,0.11080692041522489
0.71,0.11080692041522489
0.72,0.11080692041522489
0.73,0.11080692041522489
0.74,0.11080692041522489
0.75,0.11080692041522489
0.76,0.11080692041522489
0.77,0.11080692041522489
0.78,0.11080692041522489
0.79,0.11080692041522489
0.8,0.11080692041522489
0.81,0.11080692041522489
0.82,0.11080692041522489
0.83,0.11080692041522489
0.84,0.11080692041522489
0.85,0.11080692041522489
0.86,0.11080692041522489
0.87,0.11080692041522489
0.88,0.11080692041522489
0.89,0.11080692041522489
0.9,0.11080692041522489
0.91,0.11080692041522489
0.92,0.11080692041522489
0.93,0.11080692041522489
0.94,0.11080692041522489
0.95,0.11080692041522489
0.96,0.11080692041522489
0.97,0.11080692041522489
0.98,0.11080692041522489
0.9900000000000002,0.11080692041522489
0.01,0.11584359861591693
0.02,0.11584359861591693
0.03,0.11584359861591693
0.04,0.11584359861591693
0.05,0.11584359861591693
0.06,0.11584359861591693
0.07,0.11584359861591693
0.08,0.11584359861591693
0.09,0.11584359861591693
0.1,0.11584359861591693
0.11,0.11584359861591693
0.12,0.11584359861591693
0.13,0.11584359861591693
0.14,0.11584359861591693
0.15,0.11584359861591693
0.16,0.11584359861591693
0.17,0.11584359861591693
0.18,0.11584359861591693
0.19,0.11584359861591693
0.2,0.11584359861591693
0.21,0.11584359861591693
0.22,0.11584359861591693
0.23,0.11584359861591693
0.24,0.11584359861591693
0.25,0.11584359861591693
0.26,0.11584359861591693
0.27,0.11584359861591693
0.28,0.11584359861591693
0.29,0.11584359861591693
0.3,0.11584359861591693
0.31,0.11584359861591693
0.32,0.11584359861591693
0.33,0.11584359861591693
0.34,0.11584359861591693
0.35000000000000003,0.11584359861591693
0.36,0.11584359861591693
0.37,0.11584359861591693
0.38,0.11584359861591693
0.39,0.11584359861591693
0.4,0.11584359861591693
0.41,0.11584359861591693
0.42,0.11584359861591693
0.43,0.11584359861591693
0.44,0.11584359861591693
0.45,0.11584359861591693
0.46,0.11584359861591693
0.47,0.11584359861591693
0.48,0.11584359861591693
0.49,0.11584359861591693
0.5,0.11584359861591693
0.51,0.11584359861591693
0.52,0.11584359861591693
0.53,0.11584359861591693
0.54,0.11584359861591693
0.55,0.11584359861591693
0.56,0.11584359861591693
0.5700000000000001,0.11584359861591693
0.58,0.11584359861591693
0.59,0.11584359861591693
0.6,0.11584359861591693
0.61,0.11584359861591693
0.62,0.11584359861591693
0.63,0.11584359861591693
0.64,0.11584359861591693
0.65,0.11584359861591693
0.66,0.11584359861591693
0.67,0.11584359861591693
0.68,0.11584359861591693
0.6900000000000001,0.11584359861591693
0.7000000000000001,0.11584359861591693
0.71,0.11584359861591693
0.72,0.11584359861591693
0.73,0.11584359861591693
0.74,0.11584359861591693
0.75,0.11584359861591693
0.76,0.11584359861591693
0.77,0.11584359861591693
0.78,0.11584359861591693
0.79,0.11584359861591693
0.8,0.11584359861591693
0.81,0.11584359861591693
0.82,0.11584359861591693
0.83,0.11584359861591693
0.84,0.11584359861591693
0.85,0.11584359861591693
0.86,0.11584359861591693
0.87,0.11584359861591693
0.88,0.11584359861591693
0.89,0.11584359861591693
0.9,0.11584359861591693
0.91,0.11584359861591693
0.92,0.11584359861591693
0.93,0.11584359861591693
0.94,0.11584359861591693
0.95,0.11584359861591693
0.96,0.11584359861591693
0.97,0.11584359861591693
0.98,0.11584359861591693
0.9900000000000002,0.11584359861591693
0.01,0.12088027681660898
0.02,0.12088027681660898
0.03,0.12088027681660898
0.04,0.12088027681660898
0.05,0.12088027681660898
0.06,0.12088027681660898
0.07,0.12088027681660898
0.08,0.12088027681660898
0.09,0.12088027681660898
0.1,0.12088027681660898
0.11,0.12088027681660898
0.12,0.12088027681660898
0.13,0.12088027681660898
0.14,0.12088027681660898
0.15,0.12088027681660898
0.16,0.12088027681660898
0.17,0.12088027681660898
0.18,0.12088027681660898
0.19,0.12088027681660898
0.2,0.12088027681660898
0.21,0.12088027681660898
0.22,0.12088027681660898
0.23,0.12088027681660898
0.24,0.12088027681660898
0.25,0.12088027681660898
0.26,0.12088027681660898
0.27,0.12088027681660898
0.28,0.12088027681660898
0.29,0.12088027681660898
0.3,0.12088027681660898
0.31,0.12088027681660898
0.32,0.12088027681660898
0.33,0.12088027681660898
0.34,0.12088027681660898
0.35000000000000003,0.12088027681660898
0.36,0.12088027681660898
0.37,0.12088027681660898
0.38,0.12088027681660898
0.39,0.12088027681660898
0.4,0.12088027681660898
0.41,0.12088027681660898
0.42,0.12088027681660898
0.43,0.12088027681660898
0.44,0.12088027681660898
0.45,0.12088027681660898
0.46,0.12088027681660898
0.47,0.12088027681660898
0.48,0.12088027681660898
0.49,0.12088027681660898
0.5,0.12088027681660898
0.51,0.12088027681660898
0.52,0.12088027681660898
0.53,0.12088027681660898
0.54,0.12088027681660898
0.55,0.12088027681660898
0.56,0.12088027681660898
0.5700000000000001,0.12088027681660898
0.58,0.12088027681660898
0.59,0.12088027681660898
0.6,0.12088027681660898
0.61,0.12088027681660898
0.62,0.12088027681660898
0.63,0.12088027681660898
0.64,0.12088027681660898
0.65,0.12088027681660898
0.66,0.12088027681660898
0.67,0.12088027681660898
0.68,0.12088027681660898
0.6900000000000001,0.12088027681660898
0.7000000000000001,0.12088027681660898
0.71,0.12088027681660898
0.72,0.12088027681660898
0.73,0.12088027681660898
0.74,0.12088027681660898
0.75,0.12088027681660898
0.76,0.12088027681660898
0.77,0.12088027681660898
0.78,0.12088027681660898
0.79,0.12088027681660898
0.8,0.12088027681660898
0.81,0.12088027681660898
0.82,0.12088027681660898
0.83,0.12088027681660898
0.84,0.12088027681660898
0.85,0.12088027681660898
0.86,0.12088027681660898
0.87,0.12088027681660898
0.88,0.12088027681660898
0.89,0.12088027681660898
0.9,0.12088027681660898
0.91,0.12088027681660898
0.92,0.12088027681660898
0.93,0.12088027681660898
0.94,0.12088027681660898
0.95,0.12088027681660898
0.96,0.12088027681660898
0.97,0.12088027681660898
0.98,0.12088027681660898
0.9900000000000002,0.12088027681660898
0.01,0.12591695501730105
0.02,0.12591695501730105
0.03,0.12591695501730105
0.04,0.12591695501730105
0.05,0.12591695501730105
0.06,0.12591695501730105
0.07,0.12591695501730105
0.08,0.12591695501730105
0.09,0.12591695501730105
0.1,0.12591695501730105
0.11,0.12591695501730105
0.12,0.12591695501730105
0.13,0.12591695501730105
0.14,0.12591695501730105
0.15,0.12591695501730105
0.16,0.12591695501730105
0.17,0.12591695501730105
0.18,0.12591695501730105
0.19,0.12591695501730105
0.2,0.12591695501730105
0.21,0.12591695501730105
0.22,0.12591695501730105
0.23,0.12591695501730105
0.24,0.12591695501730105
0.25,0.12591695501730105
0.26,0.12591695501730105
0.27,0.12591695501730105
0.28,0.12591695501730105
0.29,0.12591695501730105
0.3,0.12591695501730105
0.31,0.12591695501730105
0.32,0.12591695501730105
0.33,0.12591695501730105
0.34,0.12591695501730105
0.35000000000000003,0.12591695501730105
0.36,0.12591695501730105
0.37,0.12591695501730105
0.38,0.12591695501730105
0.39,0.12591695501730105
0.4,0.12591695501730105
0.41,0.12591695501730105
0.42,0.12591695501730105
0.43,0.12591695501730105
0.44,0.12591695501730105
0.45,0.12591695501730105
0.46,0.12591695501730105
0.47,0.12591695501730105
0.48,0.12591695501730105
0.49,0.12591695501730105
0.5,0.12591695501730105
0.51,0.12591695501730105
0.52,0.12591695501730105
0.53,0.12591695501730105
0.54,0.12591695501730105
0.55,0.12591695501730105
0.56,0.12591695501730105
0.5700000000000001,0.12591695501730105
0.58,0.12591695501730105
0.59,0.12591695501730105
0.6,0.12591695501730105
0.61,0.12591695501730105
0.62,0.12591695501730105
0.63,0.12591695501730105
0.64,0.12591695501730105
0.65,0.12591695501730105
0.66,0.12591695501730105
0.67,0.12591695501730105
0.68,0.12591695501730105
0.6900000000000001,0.12591695501730105
0.7000000000000001,0.12591695501730105
0.71,0.12591695501730105
0.72,0.12591695501730105
0.73,0.12591695501730105
0.74,0.12591695501730105
0.75,0.12591695501730105
0.76,0.12591695501730105
0.77,0.12591695501730105
0.78,0.12591695501730105
0.79,0.12591695501730105
0.8,0.12591695501730105
0.81,0.12591695501730105
0.82,0.12591695501730105
0.83,0.12591695501730105
0.84,0.12591695501730105
0.85,0.12591695501730105
0.86,0.12591695501730105
0.87,0.12591695501730105
0.88,0.12591695501730105
0.89,0.12591695501730105
0.9,0.12591695501730105
0.91,0.12591695501730105
0.92,0.12591695501730105
0.93,0.12591695501730105
0.94,0.12591695501730105
0.95,0.12591695501730105
0.96,0.12591695501730105
0.97,0.12591695501730105
0.98,0.12591695501730105
0.9900000000000002,0.12591695501730105
0.01,0.13095363321799308
0.02,0.13095363321799308
0.03,0.13095363321799308
0.04,0.13095363321799308
0.05,0.13095363321799308
0.06,0.13095363321799308
0.07,0.13095363321799308
0.08,0.13095363321799308
0.09,0.13095363321799308
0.1,0.13095363321799308
0.11,0.13095363321799308
0.12,0.13095363321799308
0.13,0.13095363321799308
0.14,0.13095363321799308
0.15,0.13095363321799308
0.16,0.13095363321799308
0.17,0.13095363321799308
0.18,0.13095363321799308
0.19,0.13095363321799308
0.2,0.13095363321799308
0.21,0.13095363321799308
0.22,0.13095363321799308
0.23,0.13095363321799308
0.24,0.13095363321799308
0.25,0.13095363321799308
0.26,0.13095363321799308
0.27,0.13095363321799308
0.28,0.13095363321799308
0.29,0.13095363321799308
0.3,0.13095363321799308
0.31,0.13095363321799308
0.32,0.13095363321799308
0.33,0.13095363321799308
0.34,0.13095363321799308
0.35000000000000003,0.13095363321799308
0.36,0.13095363321799308
0.37,0.13095363321799308
0.38,0.13095363321799308
0.39,0.13095363321799308
0.4,0.13095363321799308
0.41,0.13095363321799308
0.42,0.13095363321799308
0.43,0.13095363321799308
0.44,0.13095363321799308
0.45,0.13095363321799308
0.46,0.13095363321799308
0.47,0.13095363321799308
0.48,0.13095363321799308
0.49,0.13095363321799308
0.5,0.13095363321799308
0.51,0.13095363321799308
0.52,0.13095363321799308
0.53,0.13095363321799308
0.54,0.13095363321799308
0.55,0.13095363321799308
0.56,0.13095363321799308
0.5700000000000001,0.13095363321799308
0.58,0.13095363321799308
0.59,0.13095363321799308
0.6,0.13095363321799308
0.61,0.13095363321799308
0.62,0.13095363321799308
0.63,0.13095363321799308
0.64,0.13095363321799308
0.65,0.13095363321799308
0.66,0.13095363321799308
0.67,0.13095363321799308
0.68,0.13095363321799308
0.6900000000000001,0.13095363321799308
0.7000000000000001,0.13095363321799308
0.71,0.13095363321799308
0.72,0.13095363321799308
0.73,0.13095363321799308
0.74,0.13095363321799308
0.75,0.13095363321799308
0.76,0.13095363321799308
0.77,0.13095363321799308
0.78,0.13095363321799308
0.79,0.13095363321799308
0.8,0.13095363321799308
0.81,0.13095363321799308
0.82,0.13095363321799308
0.83,0.13095363321799308
0.84,0.13095363321799308
0.85,0.13095363321799308
0.86,0.13095363321799308
0.87,0.13095363321799308
0.88,0.13095363321799308
0.89,0.13095363321799308
0.9,0.13095363321799308
0.91,0.13095363321799308
0.92,0.13095363321799308
0.93,0.13095363321799308
0.94,0.13095363321799308
0.95,0.13095363321799308
0.96,0.13095363321799308
0.97,0.13095363321799308
0.98,0.13095363321799308
0.9900000000000002,0.13095363321799308
0.01,0.13599031141868512
0.02,0.13599031141868512
0.03,0.13599031141868512
0.04,0.13599031141868512
0.05,0.13599031141868512
0.06,0.13599031141868512
0.07,0.13599031141868512
0.08,0.13599031141868512
0.09,0.13599031141868512
0.1,0.13599031141868512
0.11,0.13599031141868512
0.12,0.13599031141868512
0.13,0.13599031141868512
0.14,0.13599031141868512
0.15,0.13599031141868512
0.16,0.13599031141868512
0.17,0.13599031141868512
0.18,0.13599031141868512
0.19,0.13599031141868512
0.2,0.13599031141868512
0.21,0.13599031141868512
0.22,0.13599031141868512
0.23,0.13599031141868512
0.24,0.13599031141868512
0.25,0.13599031141868512
0.26,0.13599031141868512
0.27,0.13599031141868512
0.28,0.13599031141868512
0.29,0.13599031141868512
0.3,0.13599031141868512
0.31,0.13599031141868512
0.32,0.13599031141868512
0.33,0.13599031141868512
0.34,0.13599031141868512
0.35000000000000003,0.13599031141868512
0.36,0.13599031141868512
0.37,0.13599031141868512
0.38,0.13599031141868512
0.39,0.13599031141868512
0.4,0.13599031141868512
0.41,0.13599031141868512
0.42,0.13599031141868512
0.43,0.13599031141868512
0.44,0.13599031141868512
0.45,0.13599031141868512
0.46,0.13599031141868512
0.47,0.13599031141868512
0.48,0.13599031141868512
0.49,0.13599031141868512
0.5,0.13599031141868512
0.51,0.13599031141868512
0.52,0.13599031141868512
0.53,0.13599031141868512
0.54,0.13599031141868512
0.55,0.13599031141868512
0.56,0.13599031141868512
0.5700000000000001,0.13599031141868512
0.58,0.13599031141868512
0.59,0.13599031141868512
0.6,0.13599031141868512
0.61,0.13599031141868512
0.62,0.13599031141868512
0.63,0.13599031141868512
0.64,0.13599031141868512
0.65,0.13599031141868512
0.66,0.13599031141868512
0.67,0.13599031141868512
0.68,0.13599031141868512
0.6900000000000001,0.13599031141868512
0.7000000000000001,0.13599031141868512
0.71,0.13599031141868512
0.72,0.13599031141868512
0.73,0.13599031141868512
0.74,0.13599031141868512
0.75,0.13599031141868512
0.76,0.13599031141868512
0.77,0.13599031141868512
0.78,0.13599031141868512
0.79,0.13599031141868512
0.8,0.13599031141868512
0.81,0.13599031141868512
0.82,0.13599031141868512
0.83,0.13599031141868512
0.84,0.13599031141868512
0.85,0.13599031141868512
0.86,0.13599031141868512
0.87,0.13599031141868512
0.88,0.13599031141868512
0.89,0.13599031141868512
0.9,0.13599031141868512
0.91,0.13599031141868512
0.92,0.13599031141868512
0.93,0.13599031141868512
0.94,0.13599031141868512
0.95,0.13599031141868512
0.96,0.13599031141868512
0.97,0.13599031141868512
0.98,0.13599031141868512
0.9900000000000002,0.13599031141868512
0.01,0.14102698961937715
0.02,0.14102698961937715
0.03,0.14102698961937715
0.04,0.14102698961937715
0.05,0.14102698961937715
0.06,0.14102698961937715
0.07,0.14102698961937715
0.08,0.14102698961937715
0.09,0.14102698961937715
0.1,0.14102698961937715
0.11,0.14102698961937715
0.12,0.14102698961937715
0.13,0.14102698961937715
0.14,0.14102698961937715
0.15,0.14102698961937715
0.16,0.14102698961937715
0.17,0.14102698961937715
0.18,0.14102698961937715
0.19,0.14102698961937715
0.2,0.14102698961937715
0.21,0.14102698961937715
0.22,0.14102698961937715
0.23,0.14102698961937715
0.24,0.14102698961937715
0.25,0.14102698961937715
0.26,0.14102698961937715
0.27,0.14102698961937715
0.28,0.14102698961937715
0.29,0.14102698961937715
0.3,0.14102698961937715
0.31,0.14102698961937715
0.32,0.14102698961937715
0.33,0.14102698961937715
0.34,0.14102698961937715
0.35000000000000003,0.14102698961937715
0.36,0.14102698961937715
0.37,0.14102698961937715
0.38,0.14102698961937715
0.39,0.14102698961937715
0.4,0.14102698961937715
0.41,0.14102698961937715
0.42,0.14102698961937715
0.43,0.14102698961937715
0.44,0.14102698961937715
0.45,0.14102698961937715
0.46,0.14102698961937715
0.47,0.14102698961937715
0.48,0.14102698961937715
0.49,0.14102698961937715
0.5,0.14102698961937715
0.51,0.14102698961937715
0.52,0.14102698961937715
0.53,0.14102698961937715
0.54,0.14102698961937715
0.55,0.14102698961937715
0.56,0.14102698961937715
0.5700000000000001,0.14102698961937715
0.58,0.14102698961937715
0.59,0.14102698961937715
0.6,0.14102698961937715
0.61,0.14102698961937715
0.62,0.14102698961937715
0.63,0.14102698961937715
0.64,0.14102698961937715
0.65,0.14102698961937715
0.66,0.14102698961937715
0.67,0.14102698961937715
0.68,0.14102698961937715
0.6900000000000001,0.14102698961937715
0.7000000000000001,0.14102698961937715
0.71,0.14102698961937715
0.72,0.14102698961937715
0.73,0.14102698961937715
0.74,0.14102698961937715
0.75,0.14102698961937715
0.76,0.14102698961937715
0.77,0.14102698961937715
0.78,0.14102698961937715
0.79,0.14102698961937715
0.8,0.14102698961937715
0.81,0.14102698961937715
0.82,0.14102698961937715
0.83,0.14102698961937715
0.84,0.14102698961937715
0.85,0.14102698961937715
0.86,0.14102698961937715
0.87,0.14102698961937715
0.88,0.14102698961937715
0.89,0.14102698961937715
0.9,0.14102698961937715
0.91,0.14102698961937715
0.92,0.14102698961937715
0.93,0.14102698961937715
0.94,0.14102698961937715
0.95,0.14102698961937715
0.96,0.14102698961937715
0.97,0.14102698961937715
0.98,0.14102698961937715
0.9900000000000002,0.14102698961937715
0.01,0.1460636678200692
0.02,0.1460636678200692
0.03,0.1460636678200692
0.04,0.1460636678200692
0.05,0.1460636678200692
0.06,0.1460636678200692
0.07,0.1460636678200692
0.08,0.1460636678200692
0.09,0.1460636678200692
0.1,0.1460636678200692
0.11,0.1460636678200692
0.12,0.1460636678200692
0.13,0.1460636678200692
0.14,0.1460636678200692
0.15,0.1460636678200692
0.16,0.1460636678200692
0.17,0.1460636678200692
0.18,0.1460636678200692
0.19,0.1460636678200692
0.2,0.1460636678200692
0.21,0.1460636678200692
0.22,0.1460636678200692
0.23,0.1460636678200692
0.24,0.1460636678200692
0.25,0.1460636678200692
0.26,0.1460636678200692
0.27,0.1460636678200692
0.28,0.1460636678200692
0.29,0.1460636678200692
0.3,0.1460636678200692
0.31,0.1460636678200692
0.32,0.1460636678200692
0.33,0.1460636678200692
0.34,0.1460636678200692
0.35000000000000003,0.1460636678200692
0.36,0.1460636678200692
0.37,0.1460636678200692
0.38,0.1460636678200692
0.39,0.1460636678200692
0.4,0.1460636678200692
0.41,0.1460636678200692
0.42,0.1460636678200692
0.43,0.1460636678200692
0.44,0.1460636678200692
0.45,0.1460636678200692
0.46,0.1460636678200692
0.47,0.1460636678200692
0.48,0.1460636678200692
0.49,0.1460636678200692
0.5,0.1460636678200692
0.51,0.1460636678200692
0.52,0.1460636678200692
0.53,0.1460636678200692
0.54,0.1460636678200692
0.55,0.1460636678200692
0.56,0.1460636678200692
0.5700000000000001,0.1460636678200692
0.58,0.1460636678200692
0.59,0.1460636678200692
0.6,0.1460636678200692
0.61,0.1460636678200692
0.62,0.1460636678200692
0.63,0.1460636678200692
0.64,0.1460636678200692
0.65,0.1460636678200692
0.66,0.1460636678200692
0.67,0.1460636678200692
0.68,0.1460636678200692
0.6900000000000001,0.1460636678200692
0.7000000000000001,0.1460636678200692
0.71,0.1460636678200692
0.72,0.1460636678200692
0.73,0.1460636678200692
0.74,0.1460636678200692
0.75,0.1460636678200692
0.76,0.1460636678200692
0.77,0.1460636678200692
0.78,0.1460636678200692
0.79,0.1460636678200692
0.8,0.1460636678200692
0.81,0.1460636678200692
0.82,0.1460636678200692
0.83,0.1460636678200692
0.84,0.1460636678200692
0.85,0.1460636678200692
0.86,0.1460636678200692
0.87,0.1460636678200692
0.88,0.1460636678200692
0.89,0.1460636678200692
0.9,0.1460636678200692
0.91,0.1460636678200692
0.92,0.1460636678200692
0.93,0.1460636678200692
0.94,0.1460636678200692
0.95,0.1460636678200692
0.96,0.1460636678200692
0.97,0.1460636678200692
0.98,0.1460636678200692
0.9900000000000002,0.1460636678200692
0.01,0.15110034602076125
0.02,0.15110034602076125
0.03,0.15110034602076125
0.04,0.15110034602076125
0.05,0.15110034602076125
0.06,0.15110034602076125
0.07,0.15110034602076125
0.08,0.15110034602076125
0.09,0.15110034602076125
0.1,0.15110034602076125
0.11,0.15110034602076125
0.12,0.15110034602076125
0.13,0.15110034602076125
0.14,0.15110034602076125
0.15,0.15110034602076125
0.16,0.15110034602076125
0.17,0.15110034602076125
0.18,0.15110034602076125
0.19,0.15110034602076125
0.2,0.15110034602076125
0.21,0.15110034602076125
0.22,0.15110034602076125
0.23,0.15110034602076125
0.24,0.15110034602076125
0.25,0.15110034602076125
0.26,0.15110034602076125
0.27,0.15110034602076125
0.28,0.15110034602076125
0.29,0.15110034602076125
0.3,0.15110034602076125
0.31,0.15110034602076125
0.32,0.15110034602076125
0.33,0.15110034602076125
0.34,0.15110034602076125
0.35000000000000003,0.15110034602076125
0.36,0.15110034602076125
0.37,0.15110034602076125
0.38,0.15110034602076125
0.39,0.15110034602076125
0.4,0.15110034602076125
0.41,0.15110034602076125
0.42,0.15110034602076125
0.43,0.15110034602076125
0.44,0.15110034602076125
0.45,0.15110034602076125
0.46,0.15110034602076125
0.47,0.15110034602076125
0.48,0.15110034602076125
0.49,0.15110034602076125
0.5,0.15110034602076125
0.51,0.15110034602076125
0.52,0.15110034602076125
0.53,0.15110034602076125
0.54,0.15110034602076125
0.55,0.15110034602076125
0.56,0.15110034602076125
0.5700000000000001,0.15110034602076125
0.58,0.15110034602076125
0.59,0.15110034602076125
0.6,0.15110034602076125
0.61,0.15110034602076125
0.62,0.15110034602076125
0.63,0.15110034602076125
0.64,0.15110034602076125
0.65,0.15110034602076125
0.66,0.15110034602076125
0.67,0.15110034602076125
0.68,0.15110034602076125
0.6900000000000001,0.15110034602076125
0.7000000000000001,0.15110034602076125
0.71,0.15110034602076125
0.72,0.15110034602076125
0.73,0.15110034602076125
0.74,0.15110034602076125
0.75,0.15110034602076125
0.76,0.15110034602076125
0.77,0.15110034602076125
0.78,0.15110034602076125
0.79,0.15110034602076125
0.8,0.15110034602076125
0.81,0.15110034602076125
0.82,0.15110034602076125
0.83,0.15110034602076125
0.84,0.15110034602076125
0.85,0.15110034602076125
0.86,0.15110034602076125
0.87,0.15110034602076125
0.88,0.15110034602076125
0.89,0.15110034602076125
0.9,0.15110034602076125
0.91,0.15110034602076125
0.92,0.15110034602076125
0.93,0.15110034602076125
0.94,0.15110034602076125
0.95,0.15110034602076125
0.96,0.15110034602076125
0.97,0.15110034602076125
0.98,0.15110034602076125
0.9900000000000002,0.15110034602076125
0.01,0.15613702422145329
0.02,0.15613702422145329
0.03,0.15613702422145329
0.04,0.15613702422145329
0.05,0.15613702422145329
0.06,0.15613702422145329
0.07,0.15613702422145329
0.08,0.15613702422145329
0.09,0.15613702422145329
0.1,0.15613702422145329
0.11,0.15613702422145329
0.12,0.15613702422145329
0.13,0.15613702422145329
0.14,0.15613702422145329
0.15,0.15613702422145329
0.16,0.15613702422145329
0.17,0.15613702422145329
0.18,0.15613702422145329
0.19,0.15613702422145329
0.2,0.15613702422145329
0.21,0.15613702422145329
0.22,0.15613702422145329
0.23,0.15613702422145329
0.24,0.15613702422145329
0.25,0.15613702422145329
0.26,0.15613702422145329
0.27,0.15613702422145329
0.28,0.15613702422145329
0.29,0.15613702422145329
0.3,0.15613702422145329
0.31,0.15613702422145329
0.32,0.15613702422145329
0.33,0.15613702422145329
0.34,0.15613702422145329
0.35000000000000003,0.15613702422145329
0.36,0.15613702422145329
0.37,0.15613702422145329
0.38,0.15613702422145329
0.39,0.15613702422145329
0.4,0.15613702422145329
0.41,0.15613702422145329
0.42,0.15613702422145329
0.43,0.15613702422145329
0.44,0.15613702422145329
0.45,0.15613702422145329
0.46,0.15613702422145329
0.47,0.15613702422145329
0.48,0.15613702422145329
0.49,0.15613702422145329
0.5,0.15613702422145329
0.51,0.15613702422145329
0.52,0.15613702422145329
0.53,0.15613702422145329
0.54,0.15613702422145329
0.55,0.15613702422145329
0.56,0.15613702422145329
0.5700000000000001,0.15613702422145329
0.58,0.15613702422145329
0.59,0.15613702422145329
0.6,0.15613702422145329
0.61,0.15613702422145329
0.62,0.15613702422145329
0.63,0.15613702422145329
0.64,0.15613702422145329
0.65,0.15613702422145329
0.66,0.15613702422145329
0.67,0.15613702422145329
0.68,0.15613702422145329
0.6900000000000001,0.15613702422145329
0.7000000000000001,0.15613702422145329
0.71,0.15613702422145329
0.72,0.15613702422145329
0.73,0.15613702422145329
0.74,0.15613702422145329
0.75,0.15613702422145329
0.76,0.15613702422145329
0.77,0.15613702422145329
0.78,0.15613702422145329
0.79,0.15613702422145329
0.8,0.15613702422145329
0.81,0.15613702422145329
0.82,0.15613702422145329
0.83,0.15613702422145329
0.84,0.15613702422145329
0.85,0.15613702422145329
0.86,0.15613702422145329
0.87,0.15613702422145329
0.88,0.15613702422145329
0.89,0.15613702422145329
0.9,0.15613702422145329
0.91,0.15613702422145329
0.92,0.15613702422145329
0.93,0.15613702422145329
0.94,0.15613702422145329
0.95,0.15613702422145329
0.96,0.15613702422145329
0.97,0.15613702422145329
0.98,0.15613702422145329
0.9900000000000002,0.15613702422145329
0.01,0.16117370242214535
0.02,0.16117370242214535
0.03,0.16117370242214535
0.04,0.16117370242214535
0.05,0.16117370242214535
0.06,0.16117370242214535
0.07,0.16117370242214535
0.08,0.16117370242214535
0.09,0.16117370242214535
0.1,0.16117370242214535
0.11,0.16117370242214535
0.12,0.16117370242214535
0.13,0.16117370242214535
0.14,0.16117370242214535
0.15,0.16117370242214535
0.16,0.16117370242214535
0.17,0.16117370242214535
0.18,0.16117370242214535
0.19,0.16117370242214535
0.2,0.16117370242214535
0.21,0.16117370242214535
0.22,0.16117370242214535
0.23,0.16117370242214535
0.24,0.16117370242214535
0.25,0.16117370242214535
0.26,0.16117370242214535
0.27,0.16117370242214535
0.28,0.16117370242214535
0.29,0.16117370242214535
0.3,0.16117370242214535
0.31,0.16117370242214535
0.32,0.16117370242214535
0.33,0.16117370242214535
0.34,0.16117370242214535
0.35000000000000003,0.16117370242214535
0.36,0.16117370242214535
0.37,0.16117370242214535
0.38,0.16117370242214535
0.39,0.16117370242214535
0.4,0.16117370242214535
0.41,0.16117370242214535
0.42,0.16117370242214535
0.43,0.16117370242214535
0.44,0.16117370242214535
0.45,0.16117370242214535
0.46,0.16117370242214535
0.47,0.16117370242214535
0.48,0.16117370242214535
0.49,0.16117370242214535
0.5,0.16117370242214535
0.51,0.16117370242214535
0.52,0.16117370242214535
0.53,0.16117370242214535
0.54,0.16117370242214535
0.55,0.16117370242214535
0.56,0.16117370242214535
0.5700000000000001,0.16117370242214535
0.58,0.16117370242214535
0.59,0.16117370242214535
0.6,0.16117370242214535
0.61,0.16117370242214535
0.62,0.16117370242214535
0.63,0.16117370242214535
0.64,0.16117370242214535
0.65,0.16117370242214535
0.66,0.16117370242214535
0.67,0.16117370242214535
0.68,0.16117370242214535
0.6900000000000001,0.16117370242214535
0.7000000000000001,0.16117370242214535
0.71,0.16117370242214535
0.72,0.16117370242214535
0.73,0.16117370242214535
0.74,0.16117370242214535
0.75,0.16117370242214535
0.76,0.16117370242214535
0.77,0.16117370242214535
0.78,0.16117370242214535
0.79,0.16117370242214535
0.8,0.16117370242214535
0.81,0.16117370242214535
0.82,0.16117370242214535
0.83,0.16117370242214535
0.84,0.16117370242214535
0.85,0.16117370242214535
0.86,0.16117370242214535
0.87,0.16117370242214535
0.88,0.16117370242214535
0.89,0.16117370242214535
0.9,0.16117370242214535
0.91,0.16117370242214535
0.92,0.16117370242214535
0.93,0.16117370242214535
0.94,0.16117370242214535
0.95,0.16117370242214535
0.96,0.16117370242214535
0.97,0.16117370242214535
0.98,0.16117370242214535
0.9900000000000002,0.16117370242214535
0.01,0.16621038062283738
0.02,0.16621038062283738
0.03,0.16621038062283738
0.04,0.16621038062283738
0.05,0.16621038062283738
0.06,0.16621038062283738
0.07,0.16621038062283738
0.08,0.16621038062283738
0.09,0.16621038062283738
0.1,0.16621038062283738
0.11,0.16621038062283738
0.12,0.16621038062283738
0.13,0.16621038062283738
0.14,0.16621038062283738
0.15,0.16621038062283738
0.16,0.16621038062283738
0.17,0.16621038062283738
0.18,0.16621038062283738
0.19,0.16621038062283738
0.2,0.16621038062283738
0.21,0.16621038062283738
0.22,0.16621038062283738
0.23,0.16621038062283738
0.24,0.16621038062283738
0.25,0.16621038062283738
0.26,0.16621038062283738
0.27,0.16621038062283738
0.28,0.16621038062283738
0.29,0.16621038062283738
0.3,0.16621038062283738
0.31,0.16621038062283738
0.32,0.16621038062283738
0.33,0.16621038062283738
0.34,0.16621038062283738
0.35000000000000003,0.16621038062283738
0.36,0.16621038062283738
0.37,0.16621038062283738
0.38,0.16621038062283738
0.39,0.16621038062283738
0.4,0.16621038062283738
0.41,0.16621038062283738
0.42,0.16621038062283738
0.43,0.16621038062283738
0.44,0.16621038062283738
0.45,0.16621038062283738
0.46,0.16621038062283738
0.47,0.16621038062283738
0.48,0.16621038062283738
0.49,0.16621038062283738
0.5,0.16621038062283738
0.51,0.16621038062283738
0.52,0.16621038062283738
0.53,0.16621038062283738
0.54,0.16621038062283738
0.55,0.16621038062283738
0.56,0.16621038062283738
0.5700000000000001,0.16621038062283738
0.58,0.16621038062283738
0.59,0.16621038062283738
0.6,0.16621038062283738
0.61,0.16621038062283738
0.62,0.16621038062283738
0.63,0.16621038062283738
0.64,0.16621038062283738
0.65,0.16621038062283738
0.66,0.16621038062283738
0.67,0.16621038062283738
0.68,0.16621038062283738
0.6900000000000001,0.16621038062283738
0.7000000000000001,0.16621038062283738
0.71,0.16621038062283738
0.72,0.16621038062283738
0.73,0.16621038062283738
0.74,0.16621038062283738
0.75,0.16621038062283738
0.76,0.16621038062283738
0.77,0.16621038062283738
0.78,0.16621038062283738
0.79,0.16621038062283738
0.8,0.16621038062283738
0.81,0.16621038062283738
0.82,0.16621038062283738
0.83,0.16621038062283738
0.84,0.16621038062283738
0.85,0.16621038062283738
0.86,0.16621038062283738
0.87,0.16621038062283738
0.88,0.16621038062283738
0.89,0.16621038062283738
0.9,0.16621038062283738
0.91,0.16621038062283738
0.92,0.16621038062283738
0.93,0.16621038062283738
0.94,0.16621038062283738
0.95,0.16621038062283738
0.96,0.16621038062283738
0.97,0.16621038062283738
0.98,0.16621038062283738
0.9900000000000002,0.16621038062283738
0.01,0.1712470588235294
0.02,0.1712470588235294
0.03,0.1712470588235294
0.04,0.1712470588235294
0.05,0.1712470588235294
0.06,0.1712470588235294
0.07,0.1712470588235294
0.08,0.1712470588235294
0.09,0.1712470588235294
0.1,0.1712470588235294
0.11,0.1712470588235294
0.12,0.1712470588235294
0.13,0.1712470588235294
0.14,0.1712470588235294
0.15,0.1712470588235294
0.16,0.1712470588235294
0.17,0.1712470588235294
0.18,0.1712470588235294
0.19,0.1712470588235294
0.2,0.1712470588235294
0.21,0.1712470588235294
0.22,0.1712470588235294
0.23,0.1712470588235294
0.24,0.1712470588235294
0.25,0.1712470588235294
0.26,0.1712470588235294
0.27,0.1712470588235294
0.28,0.1712470588235294
0.29,0.1712470588235294
0.3,0.1712470588235294
0.31,0.1712470588235294
0.32,0.1712470588235294
0.33,0.1712470588235294
0.34,0.1712470588235294
0.35000000000000003,0.1712470588235294
0.36,0.1712470588235294
0.37,0.1712470588235294
0.38,0.1712470588235294
0.39,0.1712470588235294
0.4,0.1712470588235294
0.41,0.1712470588235294
0.42,0.1712470588235294
0.43,0.1712470588235294
0.44,0.1712470588235294
0.45,0.1712470588235294
0.46,0.1712470588235294
0.47,0.1712470588235294
0.48,0.1712470588235294
0.49,0.1712470588235294
0.5,0.1712470588235294
0.51,0.1712470588235294
0.52,0.1712470588235294
0.53,0.1712470588235294
0.54,0.1712470588235294
0.55,0.1712470588235294
0.56,0.1712470588235294
0.5700000000000001,0.1712470588235294
0.58,0.1712470588235294
0.59,0.1712470588235294
0.6,0.1712470588235294
0.61,0.1712470588235294
0.62,0.1712470588235294
0.63,0.1712470588235294
0.64,0.1712470588235294
0.65,0.1712470588235294
0.66,0.1712470588235294
0.67,0.1712470588235294
0.68,0.1712470588235294
0.6900000000000001,0.1712470588235294
0.7000000000000001,0.1712470588235294
0.71,0.1712470588235294
0.72,0.1712470588235294
0.73,0.1712470588235294
0.74,0.1712470588235294
0.75,0.1712470588235294
0.76,0.1712470588235294
0.77,0.1712470588235294
0.78,0.1712470588235294
0.79,0.1712470588235294
0.8,0.1712470588235294
0.81,0.1712470588235294
0.82,0.1712470588235294
0.83,0.1712470588235294
0.84,0.1712470588235294
0.85,0.1712470588235294
0.86,0.1712470588235294
0.87,0.1712470588235294
0.88,0.1712470588235294
0.89,0.1712470588235294
0.9,0.1712470588235294
0.91,0.1712470588235294
0.92,0.1712470588235294
0.93,0.1712470588235294
0.94,0.1712470588235294
0.95,0.1712470588235294
0.96,0.1712470588235294
0.97,0.1712470588235294
0.98,0.1712470588235294
0.9900000000000002,0.1712470588235294
0.01,0.17628373702422143
0.02,0.17628373702422143
0.03,0.17628373702422143
0.04,0.17628373702422143
0.05,0.17628373702422143
0.06,0.17628373702422143
0.07,0.17628373702422143
0.08,0.17628373702422143
0.09,0.17628373702422143
0.1,0.17628373702422143
0.11,0.17628373702422143
0.12,0.17628373702422143
0.13,0.17628373702422143
0.14,0.17628373702422143
0.15,0.17628373702422143
0.16,0.17628373702422143
0.17,0.17628373702422143
0.18,0.17628373702422143
0.19,0.17628373702422143
0.2,0.17628373702422143
0.21,0.17628373702422143
0.22,0.17628373702422143
0.23,0.17628373702422143
0.24,0.17628373702422143
0.25,0.17628373702422143
0.26,0.17628373702422143
0.27,0.17628373702422143
0.28,0.17628373702422143
0.29,0.17628373702422143
0.3,0.17628373702422143
0.31,0.17628373702422143
0.32,0.17628373702422143
0.33,0.17628373702422143
0.34,0.17628373702422143
0.35000000000000003,0.17628373702422143
0.36,0.17628373702422143
0.37,0.17628373702422143
0.38,0.17628373702422143
0.39,0.17628373702422143
0.4,0.17628373702422143
0.41,0.17628373702422143
0.42,0.17628373702422143
0.43,0.17628373702422143
0.44,0.17628373702422143
0.45,0.17628373702422143
0.46,0.17628373702422143
0.47,0.17628373702422143
0.48,0.17628373702422143
0.49,0.17628373702422143
0.5,0.17628373702422143
0.51,0.17628373702422143
0.52,0.17628373702422143
0.53,0.17628373702422143
0.54,0.17628373702422143
0.55,0.17628373702422143
0.56,0.17628373702422143
0.5700000000000001,0.17628373702422143
0.58,0.17628373702422143
0.59,0.17628373702422143
0.6,0.17628373702422143
0.61,0.17628373702422143
0.62,0.17628373702422143
0.63,0.17628373702422143
0.64,0.17628373702422143
0.65,0.17628373702422143
0.66,0.17628373702422143
0.67,0.17628373702422143
0.68,0.17628373702422143
0.6900000000000001,0.17628373702422143
0.7000000000000001,0.17628373702422143
0.71,0.17628373702422143
0.72,0.17628373702422143
0.73,0.17628373702422143
0.74,0.17628373702422143
0.75,0.17628373702422143
0.76,0.17628373702422143
0.77,0.17628373702422143
0.78,0.17628373702422143
0.79,0.17628373702422143
0.8,0.17628373702422143
0.81,0.17628373702422143
0.82,0.17628373702422143
0.83,0.17628373702422143
0.84,0.17628373702422143
0.85,0.17628373702422143
0.86,0.17628373702422143
0.87,0.17628373702422143
0.88,0.17628373702422143
0.89,0.17628373702422143
0.9,0.17628373702422143
0.91,0.17628373702422143
0.92,0.17628373702422143
0.93,0.17628373702422143
0.94,0.17628373702422143
0.95,0.17628373702422143
0.96,0.17628373702422143
0.97,0.17628373702422143
0.98,0.17628373702422143
0.9900000000000002,0.17628373702422143
0.01,0.18132041522491352
0.02,0.18132041522491352
0.03,0.18132041522491352
0.04,0.18132041522491352
0.05,0.18132041522491352
0.06,0.18132041522491352
0.07,0.18132041522491352
0.08,0.18132041522491352
0.09,0.18132041522491352
0.1,0.18132041522491352
0.11,0.18132041522491352
0.12,0.18132041522491352
0.13,0.18132041522491352
0.14,0.18132041522491352
0.15,0.18132041522491352
0.16,0.18132041522491352
0.17,0.18132041522491352
0.18,0.18132041522491352
0.19,0.18132041522491352
0.2,0.18132041522491352
0.21,0.18132041522491352
0.22,0.18132041522491352
0.23,0.18132041522491352
0.24,0.18132041522491352
0.25,0.18132041522491352
0.26,0.18132041522491352
0.27,0.18132041522491352
0.28,0.18132041522491352
0.29,0.18132041522491352
0.3,0.18132041522491352
0.31,0.18132041522491352
0.32,0.18132041522491352
0.33,0.18132041522491352
0.34,0.18132041522491352
0.35000000000000003,0.18132041522491352
0.36,0.18132041522491352
0.37,0.18132041522491352
0.38,0.18132041522491352
0.39,0.18132041522491352
0.4,0.18132041522491352
0.41,0.18132041522491352
0.42,0.18132041522491352
0.43,0.18132041522491352
0.44,0.18132041522491352
0.45,0.18132041522491352
0.46,0.18132041522491352
0.47,0.18132041522491352
0.48,0.18132041522491352
0.49,0.18132041522491352
0.5,0.18132041522491352
0.51,0.18132041522491352
0.52,0.18132041522491352
0.53,0.18132041522491352
0.54,0.18132041522491352
0.55,0.18132041522491352
0.56,0.18132041522491352
0.5700000000000001,0.18132041522491352
0.58,0.18132041522491352
0.59,0.18132041522491352
0.6,0.18132041522491352
0.61,0.18132041522491352
0.62,0.18132041522491352
0.63,0.18132041522491352
0.64,0.18132041522491352
0.65,0.18132041522491352
0.66,0.18132041522491352
0.67,0.18132041522491352
0.68,0.18132041522491352
0.6900000000000001,0.18132041522491352
0.7000000000000001,0.18132041522491352
0.71,0.18132041522491352
0.72,0.18132041522491352
0.73,0.18132041522491352
0.74,0.18132041522491352
0.75,0.18132041522491352
0.76,0.18132041522491352
0.77,0.18132041522491352
0.78,0.18132041522491352
0.79,0.18132041522491352
0.8,0.18132041522491352
0.81,0.18132041522491352
0.82,0.18132041522491352
0.83,0.18132041522491352
0.84,0.18132041522491352
0.85,0.18132041522491352
0.86,0.18132041522491352
0.87,0.18132041522491352
0.88,0.18132041522491352
0.89,0.18132041522491352
0.9,0.18132041522491352
0.91,0.18132041522491352
0.92,0.18132041522491352
0.93,0.18132041522491352
0.94,0.18132041522491352
0.95,0.18132041522491352
0.96,0.18132041522491352
0.97,0.18132041522491352
0.98,0.18132041522491352
0.9900000000000002,0.18132041522491352
0.01,0.18635709342560552
0.02,0.18635709342560552
0.03,0.18635709342560552
0.04,0.18635709342560552
0.05,0.18635709342560552
0.06,0.18635709342560552
0.07,0.18635709342560552
0.08,0.18635709342560552
0.09,0.18635709342560552
0.1,0.18635709342560552
0.11,0.18635709342560552
0.12,0.18635709342560552
0.13,0.18635709342560552
0.14,0.18635709342560552
0.15,0.18635709342560552
0.16,0.18635709342560552
0.17,0.18635709342560552
0.18,0.18635709342560552
0.19,0.18635709342560552
0.2,0.18635709342560552
0.21,0.18635709342560552
0.22,0.18635709342560552
0.23,0.18635709342560552
0.24,0.18635709342560552
0.25,0.18635709342560552
0.26,0.18635709342560552
0.27,0.18635709342560552
0.28,0.18635709342560552
0.29,0.18635709342560552
0.3,0.18635709342560552
0.31,0.18635709342560552
0.32,0.18635709342560552
0.33,0.18635709342560552
0.34,0.18635709342560552
0.35000000000000003,0.18635709342560552
0.36,0.18635709342560552
0.37,0.18635709342560552
0.38,0.18635709342560552
0.39,0.18635709342560552
0.4,0.18635709342560552
0.41,0.18635709342560552
0.42,0.18635709342560552
0.43,0.18635709342560552
0.44,0.18635709342560552
0.45,0.18635709342560552
0.46,0.18635709342560552
0.47,0.18635709342560552
0.48,0.18635709342560552
0.49,0.18635709342560552
0.5,0.18635709342560552
0.51,0.18635709342560552
0.52,0.18635709342560552
0.53,0.18635709342560552
0.54,0.18635709342560552
0.55,0.18635709342560552
0.56,0.18635709342560552
0.5700000000000001,0.18635709342560552
0.58,0.18635709342560552
0.59,0.18635709342560552
0.6,0.18635709342560552
0.61,0.18635709342560552
0.62,0.18635709342560552
0.63,0.18635709342560552
0.64,0.18635709342560552
0.65,0.18635709342560552
0.66,0.18635709342560552
0.67,0.18635709342560552
0.68,0.18635709342560552
0.6900000000000001,0.18635709342560552
0.7000000000000001,0.18635709342560552
0.71,0.18635709342560552
0.72,0.18635709342560552
0.73,0.18635709342560552
0.74,0.18635709342560552
0.75,0.18635709342560552
0.76,0.18635709342560552
0.77,0.18635709342560552
0.78,0.18635709342560552
0.79,0.18635709342560552
0.8,0.18635709342560552
0.81,0.18635709342560552
0.82,0.18635709342560552
0.83,0.18635709342560552
0.84,0.18635709342560552
0.85,0.18635709342560552
0.86,0.18635709342560552
0.87,0.18635709342560552
0.88,0.18635709342560552
0.89,0.18635709342560552
0.9,0.18635709342560552
0.91,0.18635709342560552
0.92,0.18635709342560552
0.93,0.18635709342560552
0.94,0.18635709342560552
0.95,0.18635709342560552
0.96,0.18635709342560552
0.97,0.18635709342560552
0.98,0.18635709342560552
0.9900000000000002,0.18635709342560552
0.01,0.19139377162629756
0.02,0.19139377162629756
0.03,0.19139377162629756
0.04,0.19139377162629756
0.05,0.19139377162629756
0.06,0.19139377162629756
0.07,0.19139377162629756
0.08,0.19139377162629756
0.09,0.19139377162629756
0.1,0.19139377162629756
0.11,0.19139377162629756
0.12,0.19139377162629756
0.13,0.19139377162629756
0.14,0.19139377162629756
0.15,0.19139377162629756
0.16,0.19139377162629756
0.17,0.19139377162629756
0.18,0.19139377162629756
0.19,0.19139377162629756
0.2,0.19139377162629756
0.21,0.19139377162629756
0.22,0.19139377162629756
0.23,0.19139377162629756
0.24,0.19139377162629756
0.25,0.19139377162629756
0.26,0.19139377162629756
0.27,0.19139377162629756
0.28,0.19139377162629756
0.29,0.19139377162629756
0.3,0.19139377162629756
0.31,0.19139377162629756
0.32,0.19139377162629756
0.33,0.19139377162629756
0.34,0.19139377162629756
0.35000000000000003,0.19139377162629756
0.36,0.19139377162629756
0.37,0.19139377162629756
0.38,0.19139377162629756
0.39,0.19139377162629756
0.4,0.19139377162629756
0.41,0.19139377162629756
0.42,0.19139377162629756
0.43,0.19139377162629756
0.44,0.19139377162629756
0.45,0.19139377162629756
0.46,0.19139377162629756
0.47,0.19139377162629756
0.48,0.19139377162629756
0.49,0.19139377162629756
0.5,0.19139377162629756
0.51,0.19139377162629756
0.52,0.19139377162629756
0.53,0.19139377162629756
0.54,0.19139377162629756
0.55,0.19139377162629756
0.56,0.19139377162629756
0.5700000000000001,0.19139377162629756
0.58,0.19139377162629756
0.59,0.19139377162629756
0.6,0.19139377162629756
0.61,0.19139377162629756
0.62,0.19139377162629756
0.63,0.19139377162629756
0.64,0.19139377162629756
0.65,0.19139377162629756
0.66,0.19139377162629756
0.67,0.19139377162629756
0.68,0.19139377162629756
0.6900000000000001,0.19139377162629756
0.7000000000000001,0.19139377162629756
0.71,0.19139377162629756
0.72,0.19139377162629756
0.73,0.19139377162629756
0.74,0.19139377162629756
0.75,0.19139377162629756
0.76,0.19139377162629756
0.77,0.19139377162629756
0.78,0.19139377162629756
0.79,0.19139377162629756
0.8,0.19139377162629756
0.81,0.19139377162629756
0.82,0.19139377162629756
0.83,0.19139377162629756
0.84,0.19139377162629756
0.85,0.19139377162629756
0.86,0.19139377162629756
0.87,0.19139377162629756
0.88,0.19139377162629756
0.89,0.19139377162629756
0.9,0.19139377162629756
0.91,0.19139377162629756
0.92,0.19139377162629756
0.93,0.19139377162629756
0.94,0.19139377162629756
0.95,0.19139377162629756
0.96,0.19139377162629756
0.97,0.19139377162629756
0.98,0.19139377162629756
0.9900000000000002,0.19139377162629756
0.01,0.1964304498269896
0.02,0.1964304498269896
0.03,0.1964304498269896
0.04,0.1964304498269896
0.05,0.1964304498269896
0.06,0.1964304498269896
0.07,0.1964304498269896
0.08,0.1964304498269896
0.09,0.1964304498269896
0.1,0.1964304498269896
0.11,0.1964304498269896
0.12,0.1964304498269896
0.13,0.1964304498269896
0.14,0.1964304498269896
0.15,0.1964304498269896
0.16,0.1964304498269896
0.17,0.1964304498269896
0.18,0.1964304498269896
0.19,0.1964304498269896
0.2,0.1964304498269896
0.21,0.1964304498269896
0.22,0.1964304498269896
0.23,0.1964304498269896
0.24,0.1964304498269896
0.25,0.1964304498269896
0.26,0.1964304498269896
0.27,0.1964304498269896
0.28,0.1964304498269896
0.29,0.1964304498269896
0.3,0.1964304498269896
0.31,0.1964304498269896
0.32,0.1964304498269896
0.33,0.1964304498269896
0.34,0.1964304498269896
0.35000000000000003,0.1964304498269896
0.36,0.1964304498269896
0.37,0.1964304498269896
0.38,0.1964304498269896
0.39,0.1964304498269896
0.4,0.1964304498269896
0.41,0.1964304498269896
0.42,0.1964304498269896
0.43,0.1964304498269896
0.44,0.1964304498269896
0.45,0.1964304498269896
0.46,0.1964304498269896
0.47,0.1964304498269896
0.48,0.1964304498269896
0.49,0.1964304498269896
0.5,0.1964304498269896
0.51,0.1964304498269896
0.52,0.1964304498269896
0.53,0.1964304498269896
0.54,0.1964304498269896
0.55,0.1964304498269896
0.56,0.1964304498269896
0.5700000000000001,0.1964304498269896
0.58,0.1964304498269896
0.59,0.1964304498269896
0.6,0.1964304498269896
0.61,0.1964304498269896
0.62,0.1964304498269896
0.63,0.1964304498269896
0.64,0.1964304498269896
0.65,0.1964304498269896
0.66,0.1964304498269896
0.67,0.1964304498269896
0.68,0.1964304498269896
0.6900000000000001,0.1964304498269896
0.7000000000000001,0.1964304498269896
0.71,0.1964304498269896
0.72,0.1964304498269896
0.73,0.1964304498269896
0.74,0.1964304498269896
0.75,0.1964304498269896
0.76,0.1964304498269896
0.77,0.1964304498269896
0.78,0.1964304498269896
0.79,0.1964304498269896
0.8,0.1964304498269896
0.81,0.1964304498269896
0.82,0.1964304498269896
0.83,0.1964304498269896
0.84,0.1964304498269896
0.85,0.1964304498269896
0.86,0.1964304498269896
0.87,0.1964304498269896
0.88,0.1964304498269896
0.89,0.1964304498269896
0.9,0.1964304498269896
0.91,0.1964304498269896
0.92,0.1964304498269896
0.93,0.1964304498269896
0.94,0.1964304498269896
0.95,0.1964304498269896
0.96,0.1964304498269896
0.97,0.1964304498269896
0.98,0.1964304498269896
0.9900000000000002,0.1964304498269896
0.01,0.20146712802768169
0.02,0.20146712802768169
0.03,0.20146712802768169
0.04,0.20146712802768169
0.05,0.20146712802768169
0.06,0.20146712802768169
0.07,0.20146712802768169
0.08,0.20146712802768169
0.09,0.20146712802768169
0.1,0.20146712802768169
0.11,0.20146712802768169
0.12,0.20146712802768169
0.13,0.20146712802768169
0.14,0.20146712802768169
0.15,0.20146712802768169
0.16,0.20146712802768169
0.17,0.20146712802768169
0.18,0.20146712802768169
0.19,0.20146712802768169
0.2,0.20146712802768169
0.21,0.20146712802768169
0.22,0.20146712802768169
0.23,0.20146712802768169
0.24,0.20146712802768169
0.25,0.20146712802768169
0.26,0.20146712802768169
0.27,0.20146712802768169
0.28,0.20146712802768169
0.29,0.20146712802768169
0.3,0.20146712802768169
0.31,0.20146712802768169
0.32,0.20146712802768169
0.33,0.20146712802768169
0.34,0.20146712802768169
0.35000000000000003,0.20146712802768169
0.36,0.20146712802768169
0.37,0.20146712802768169
0.38,0.20146712802768169
0.39,0.20146712802768169
0.4,0.20146712802768169
0.41,0.20146712802768169
0.42,0.20146712802768169
0.43,0.20146712802768169
0.44,0.20146712802768169
0.45,0.20146712802768169
0.46,0.20146712802768169
0.47,0.20146712802768169
0.48,0.20146712802768169
0.49,0.20146712802768169
0.5,0.20146712802768169
0.51,0.20146712802768169
0.52,0.20146712802768169
0.53,0.20146712802768169
0.54,0.20146712802768169
0.55,0.20146712802768169
0.56,0.20146712802768169
0.5700000000000001,0.20146712802768169
0.58,0.20146712802768169
0.59,0.20146712802768169
0.6,0.20146712802768169
0.61,0.20146712802768169
0.62,0.20146712802768169
0.63,0.20146712802768169
0.64,0.20146712802768169
0.65,0.20146712802768169
0.66,0.20146712802768169
0.67,0.20146712802768169
0.68,0.20146712802768169
0.6900000000000001,0.20146712802768169
0.7000000000000001,0.20146712802768169
0.71,0.20146712802768169
0.72,0.20146712802768169
0.73,0.20146712802768169
0.74,0.20146712802768169
0.75,0.20146712802768169
0.76,0.20146712802768169
0.77,0.20146712802768169
0.78,0.20146712802768169
0.79,0.20146712802768169
0.8,0.20146712802768169
0.81,0.20146712802768169
0.82,0.20146712802768169
0.83,0.20146712802768169
0.84,0.20146712802768169
0.85,0.20146712802768169
0.86,0.20146712802768169
0.87,0.20146712802768169
0.88,0.20146712802768169
0.89,0.20146712802768169
0.9,0.20146712802768169
0.91,0.20146712802768169
0.92,0.20146712802768169
0.93,0.20146712802768169
0.94,0.20146712802768169
0.95,0.20146712802768169
0.96,0.20146712802768169
0.97,0.20146712802768169
0.98,0.20146712802768169
0.9900000000000002,0.20146712802768169
0.01,0.2065038062283737
0.02,0.2065038062283737
0.03,0.2065038062283737
0.04,0.2065038062283737
0.05,0.2065038062283737
0.06,0.2065038062283737
0.07,0.2065038062283737
0.08,0.2065038062283737
0.09,0.2065038062283737
0.1,0.2065038062283737
0.11,0.2065038062283737
0.12,0.2065038062283737
0.13,0.2065038062283737
0.14,0.2065038062283737
0.15,0.2065038062283737
0.16,0.2065038062283737
0.17,0.2065038062283737
0.18,0.2065038062283737
0.19,0.2065038062283737
0.2,0.2065038062283737
0.21,0.2065038062283737
0.22,0.2065038062283737
0.23,0.2065038062283737
0.24,0.2065038062283737
0.25,0.2065038062283737
0.26,0.2065038062283737
0.27,0.2065038062283737
0.28,0.2065038062283737
0.29,0.2065038062283737
0.3,0.2065038062283737
0.31,0.2065038062283737
0.32,0.2065038062283737
0.33,0.2065038062283737
0.34,0.2065038062283737
0.35000000000000003,0.2065038062283737
0.36,0.2065038062283737
0.37,0.2065038062283737
0.38,0.2065038062283737
0.39,0.2065038062283737
0.4,0.2065038062283737
0.41,0.2065038062283737
0.42,0.2065038062283737
0.43,0.2065038062283737
0.44,0.2065038062283737
0.45,0.2065038062283737
0.46,0.2065038062283737
0.47,0.2065038062283737
0.48,0.2065038062283737
0.49,0.2065038062283737
0.5,0.2065038062283737
0.51,0.2065038062283737
0.52,0.2065038062283737
0.53,0.2065038062283737
0.54,0.2065038062283737
0.55,0.2065038062283737
0.56,0.2065038062283737
0.5700000000000001,0.2065038062283737
0.58,0.2065038062283737
0.59,0.2065038062283737
0.6,0.2065038062283737
0.61,0.2065038062283737
0.62,0.2065038062283737
0.63,0.2065038062283737
0.64,0.2065038062283737
0.65,0.2065038062283737
0.66,0.2065038062283737
0.67,0.2065038062283737
0.68,0.2065038062283737
0.6900000000000001,0.2065038062283737
0.7000000000000001,0.2065038062283737
0.71,0.2065038062283737
0.72,0.2065038062283737
0.73,0.2065038062283737
0.74,0.2065038062283737
0.75,0.2065038062283737
0.76,0.2065038062283737
0.77,0.2065038062283737
0.78,0.2065038062283737
0.79,0.2065038062283737
0.8,0.2065038062283737
0.81,0.2065038062283737
0.82,0.2065038062283737
0.83,0.2065038062283737
0.84,0.2065038062283737
0.85,0.2065038062283737
0.86,0.2065038062283737
0.87,0.2065038062283737
0.88,0.2065038062283737
0.89,0.2065038062283737
0.9,0.2065038062283737
0.91,0.2065038062283737
0.92,0.2065038062283737
0.93,0.2065038062283737
0.94,0.2065038062283737
0.95,0.2065038062283737
0.96,0.2065038062283737
0.97,0.2065038062283737
0.98,0.2065038062283737
0.9900000000000002,0.2065038062283737
0.01,0.21154048442906576
0.02,0.21154048442906576
0.03,0.21154048442906576
0.04,0.21154048442906576
0.05,0.21154048442906576
0.06,0.21154048442906576
0.07,0.21154048442906576
0.08,0.21154048442906576
0.09,0.21154048442906576
0.1,0.21154048442906576
0.11,0.21154048442906576
0.12,0.21154048442906576
0.13,0.21154048442906576
0.14,0.21154048442906576
0.15,0.21154048442906576
0.16,0.21154048442906576
0.17,0.21154048442906576
0.18,0.21154048442906576
0.19,0.21154048442906576
0.2,0.21154048442906576
0.21,0.21154048442906576
0.22,0.21154048442906576
0.23,0.21154048442906576
0.24,0.21154048442906576
0.25,0.21154048442906576
0.26,0.21154048442906576
0.27,0.21154048442906576
0.28,0.21154048442906576
0.29,0.21154048442906576
0.3,0.21154048442906576
0.31,0.21154048442906576
0.32,0.21154048442906576
0.33,0.21154048442906576
0.34,0.21154048442906576
0.35000000000000003,0.21154048442906576
0.36,0.21154048442906576
0.37,0.21154048442906576
0.38,0.21154048442906576
0.39,0.21154048442906576
0.4,0.21154048442906576
0.41,0.21154048442906576
0.42,0.21154048442906576
0.43,0.21154048442906576
0.44,0.21154048442906576
0.45,0.21154048442906576
0.46,0.21154048442906576
0.47,0.21154048442906576
0.48,0.21154048442906576
0.49,0.21154048442906576
0.5,0.21154048442906576
0.51,0.21154048442906576
0.52,0.21154048442906576
0.53,0.21154048442906576
0.54,0.21154048442906576
0.55,0.21154048442906576
0.56,0.21154048442906576
0.5700000000000001,0.21154048442906576
0.58,0.21154048442906576
0.59,0.21154048442906576
0.6,0.21154048442906576
0.61,0.21154048442906576
0.62,0.21154048442906576
0.63,0.21154048442906576
0.64,0.21154048442906576
0.65,0.21154048442906576
0.66,0.21154048442906576
0.67,0.21154048442906576
0.68,0.21154048442906576
0.6900000000000001,0.21154048442906576
0.7000000000000001,0.21154048442906576
0.71,0.21154048442906576
0.72,0.21154048442906576
0.73,0.21154048442906576
0.74,0.21154048442906576
0.75,0.21154048442906576
0.76,0.21154048442906576
0.77,0.21154048442906576
0.78,0.21154048442906576
0.79,0.21154048442906576
0.8,0.21154048442906576
0.81,0.21154048442906576
0.82,0.21154048442906576
0.83,0.21154048442906576
0.84,0.21154048442906576
0.85,0.21154048442906576
0.86,0.21154048442906576
0.87,0.21154048442906576
0.88,0.21154048442906576
0.89,0.21154048442906576
0.9,0.21154048442906576
0.91,0.21154048442906576
0.92,0.21154048442906576
0.93,0.21154048442906576
0.94,0.21154048442906576
0.95,0.21154048442906576
0.96,0.21154048442906576
0.97,0.21154048442906576
0.98,0.21154048442906576
0.9900000000000002,0.21154048442906576
0.01,0.2165771626297578
0.02,0.2165771626297578
0.03,0.2165771626297578
0.04,0.2165771626297578
0.05,0.2165771626297578
0.06,0.2165771626297578
0.07,0.2165771626297578
0.08,0.2165771626297578
0.09,0.2165771626297578
0.1,0.2165771626297578
0.11,0.2165771626297578
0.12,0.2165771626297578
0.13,0.2165771626297578
0.14,0.2165771626297578
0.15,0.2165771626297578
0.16,0.2165771626297578
0.17,0.2165771626297578
0.18,0.2165771626297578
0.19,0.2165771626297578
0.2,0.2165771626297578
0.21,0.2165771626297578
0.22,0.2165771626297578
0.23,0.2165771626297578
0.24,0.2165771626297578
0.25,0.2165771626297578
0.26,0.2165771626297578
0.27,0.2165771626297578
0.28,0.2165771626297578
0.29,0.2165771626297578
0.3,0.2165771626297578
0.31,0.2165771626297578
0.32,0.2165771626297578
0.33,0.2165771626297578
0.34,0.2165771626297578
0.35000000000000003,0.2165771626297578
0.36,0.2165771626297578
0.37,0.2165771626297578
0.38,0.2165771626297578
0.39,0.2165771626297578
0.4,0.2165771626297578
0.41,0.2165771626297578
0.42,0.2165771626297578
0.43,0.2165771626297578
0.44,0.2165771626297578
0.45,0.2165771626297578
0.46,0.2165771626297578
0.47,0.2165771626297578
0.48,0.2165771626297578
0.49,0.2165771626297578
0.5,0.2165771626297578
0.51,0.2165771626297578
0.52,0.2165771626297578
0.53,0.2165771626297578
0.54,0.2165771626297578
0.55,0.2165771626297578
0.56,0.2165771626297578
0.5700000000000001,0.2165771626297578
0.58,0.2165771626297578
0.59,0.2165771626297578
0.6,0.2165771626297578
0.61,0.2165771626297578
0.62,0.2165771626297578
0.63,0.2165771626297578
0.64,0.2165771626297578
0.65,0.2165771626297578
0.66,0.2165771626297578
0.67,0.2165771626297578
0.68,0.2165771626297578
0.6900000000000001,0.2165771626297578
0.7000000000000001,0.2165771626297578
0.71,0.2165771626297578
0.72,0.2165771626297578
0.73,0.2165771626297578
0.74,0.2165771626297578
0.75,0.2165771626297578
0.76,0.2165771626297578
0.77,0.2165771626297578
0.78,0.2165771626297578
0.79,0.2165771626297578
0.8,0.2165771626297578
0.81,0.2165771626297578
0.82,0.2165771626297578
0.83,0.2165771626297578
0.84,0.2165771626297578
0.85,0.2165771626297578
0.86,0.2165771626297578
0.87,0.2165771626297578
0.88,0.2165771626297578
0.89,0.2165771626297578
0.9,0.2165771626297578
0.91,0.2165771626297578
0.92,0.2165771626297578
0.93,0.2165771626297578
0.94,0.2165771626297578
0.95,0.2165771626297578
0.96,0.2165771626297578
0.97,0.2165771626297578
0.98,0.2165771626297578
0.9900000000000002,0.2165771626297578
0.01,0.2216138408304498
0.02,0.2216138408304498
0.03,0.2216138408304498
0.04,0.2216138408304498
0.05,0.2216138408304498
0.06,0.2216138408304498
0.07,0.2216138408304498
0.08,0.2216138408304498
0.09,0.2216138408304498
0.1,0.2216138408304498
0.11,0.2216138408304498
0.12,0.2216138408304498
0.13,0.2216138408304498
0.14,0.2216138408304498
0.15,0.2216138408304498
0.16,0.2216138408304498
0.17,0.2216138408304498
0.18,0.2216138408304498
0.19,0.2216138408304498
0.2,0.2216138408304498
0.21,0.2216138408304498
0.22,0.2216138408304498
0.23,0.2216138408304498
0.24,0.2216138408304498
0.25,0.2216138408304498
0.26,0.2216138408304498
0.27,0.2216138408304498
0.28,0.2216138408304498
0.29,0.2216138408304498
0.3,0.2216138408304498
0.31,0.2216138408304498
0.32,0.2216138408304498
0.33,0.2216138408304498
0.34,0.2216138408304498
0.35000000000000003,0.2216138408304498
0.36,0.2216138408304498
0.37,0.2216138408304498
0.38,0.2216138408304498
0.39,0.2216138408304498
0.4,0.2216138408304498
0.41,0.2216138408304498
0.42,0.2216138408304498
0.43,0.2216138408304498
0.44,0.2216138408304498
0.45,0.2216138408304498
0.46,0.2216138408304498
0.47,0.2216138408304498
0.48,0.2216138408304498
0.49,0.2216138408304498
0.5,0.2216138408304498
0.51,0.2216138408304498
0.52,0.2216138408304498
0.53,0.2216138408304498
0.54,0.2216138408304498
0.55,0.2216138408304498
0.56,0.2216138408304498
0.5700000000000001,0.2216138408304498
0.58,0.2216138408304498
0.59,0.2216138408304498
0.6,0.2216138408304498
0.61,0.2216138408304498
0.62,0.2216138408304498
0.63,0.2216138408304498
0.64,0.2216138408304498
0.65,0.2216138408304498
0.66,0.2216138408304498
0.67,0.2216138408304498
0.68,0.2216138408304498
0.6900000000000001,0.2216138408304498
0.7000000000000001,0.2216138408304498
0.71,0.2216138408304498
0.72,0.2216138408304498
0.73,0.2216138408304498
0.74,0.2216138408304498
0.75,0.2216138408304498
0.76,0.2216138408304498
0.77,0.2216138408304498
0.78,0.2216138408304498
0.79,0.2216138408304498
0.8,0.2216138408304498
0.81,0.2216138408304498
0.82,0.2216138408304498
0.83,0.2216138408304498
0.84,0.2216138408304498
0.85,0.2216138408304498
0.86,0.2216138408304498
0.87,0.2216138408304498
0.88,0.2216138408304498
0.89,0.2216138408304498
0.9,0.2216138408304498
0.91,0.2216138408304498
0.92,0.2216138408304498
0.93,0.2216138408304498
0.94,0.2216138408304498
0.95,0.2216138408304498
0.96,0.2216138408304498
0.97,0.2216138408304498
0.98,0.2216138408304498
0.9900000000000002,0.2216138408304498
0.01,0.22665051903114183
0.02,0.22665051903114183
0.03,0.22665051903114183
0.04,0.22665051903114183
0.05,0.22665051903114183
0.06,0.22665051903114183
0.07,0.22665051903114183
0.08,0.22665051903114183
0.09,0.22665051903114183
0.1,0.22665051903114183
0.11,0.22665051903114183
0.12,0.22665051903114183
0.13,0.22665051903114183
0.14,0.22665051903114183
0.15,0.22665051903114183
0.16,0.22665051903114183
0.17,0.22665051903114183
0.18,0.22665051903114183
0.19,0.22665051903114183
0.2,0.22665051903114183
0.21,0.22665051903114183
0.22,0.22665051903114183
0.23,0.22665051903114183
0.24,0.22665051903114183
0.25,0.22665051903114183
0.26,0.22665051903114183
0.27,0.22665051903114183
0.28,0.22665051903114183
0.29,0.22665051903114183
0.3,0.22665051903114183
0.31,0.22665051903114183
0.32,0.22665051903114183
0.33,0.22665051903114183
0.34,0.22665051903114183
0.35000000000000003,0.22665051903114183
0.36,0.22665051903114183
0.37,0.22665051903114183
0.38,0.22665051903114183
0.39,0.22665051903114183
0.4,0.22665051903114183
0.41,0.22665051903114183
0.42,0.22665051903114183
0.43,0.22665051903114183
0.44,0.22665051903114183
0.45,0.22665051903114183
0.46,0.22665051903114183
0.47,0.22665051903114183
0.48,0.22665051903114183
0.49,0.22665051903114183
0.5,0.22665051903114183
0.51,0.22665051903114183
0.52,0.22665051903114183
0.53,0.22665051903114183
0.54,0.22665051903114183
0.55,0.22665051903114183
0.56,0.22665051903114183
0.5700000000000001,0.22665051903114183
0.58,0.22665051903114183
0.59,0.22665051903114183
0.6,0.22665051903114183
0.61,0.22665051903114183
0.62,0.22665051903114183
0.63,0.22665051903114183
0.64,0.22665051903114183
0.65,0.22665051903114183
0.66,0.22665051903114183
0.67,0.22665051903114183
0.68,0.22665051903114183
0.6900000000000001,0.22665051903114183
0.7000000000000001,0.22665051903114183
0.71,0.22665051903114183
0.72,0.22665051903114183
0.73,0.22665051903114183
0.74,0.22665051903114183
0.75,0.22665051903114183
0.76,0.22665051903114183
0.77,0.22665051903114183
0.78,0.22665051903114183
0.79,0.22665051903114183
0.8,0.22665051903114183
0.81,0.22665051903114183
0.82,0.22665051903114183
0.83,0.22665051903114183
0.84,0.22665051903114183
0.85,0.22665051903114183
0.86,0.22665051903114183
0.87,0.22665051903114183
0.88,0.22665051903114183
0.89,0.22665051903114183
0.9,0.22665051903114183
0.91,0.22665051903114183
0.92,0.22665051903114183
0.93,0.22665051903114183
0.94,0.22665051903114183
0.95,0.22665051903114183
0.96,0.22665051903114183
0.97,0.22665051903114183
0.98,0.22665051903114183
0.9900000000000002,0.22665051903114183
0.01,0.23168719723183387
0.02,0.23168719723183387
0.03,0.23168719723183387
0.04,0.23168719723183387
0.05,0.23168719723183387
0.06,0.23168719723183387
0.07,0.23168719723183387
0.08,0.23168719723183387
0.09,0.23168719723183387
0.1,0.23168719723183387
0.11,0.23168719723183387
0.12,0.23168719723183387
0.13,0.23168719723183387
0.14,0.23168719723183387
0.15,0.23168719723183387
0.16,0.23168719723183387
0.17,0.23168719723183387
0.18,0.23168719723183387
0.19,0.23168719723183387
0.2,0.23168719723183387
0.21,0.23168719723183387
0.22,0.23168719723183387
0.23,0.23168719723183387
0.24,0.23168719723183387
0.25,0.23168719723183387
0.26,0.23168719723183387
0.27,0.23168719723183387
0.28,0.23168719723183387
0.29,0.23168719723183387
0.3,0.23168719723183387
0.31,0.23168719723183387
0.32,0.23168719723183387
0.33,0.23168719723183387
0.34,0.23168719723183387
0.35000000000000003,0.23168719723183387
0.36,0.23168719723183387
0.37,0.23168719723183387
0.38,0.23168719723183387
0.39,0.23168719723183387
0.4,0.23168719723183387
0.41,0.23168719723183387
0.42,0.23168719723183387
0.43,0.23168719723183387
0.44,0.23168719723183387
0.45,0.23168719723183387
0.46,0.23168719723183387
0.47,0.23168719723183387
0.48,0.23168719723183387
0.49,0.23168719723183387
0.5,0.23168719723183387
0.51,0.23168719723183387
0.52,0.23168719723183387
0.53,0.23168719723183387
0.54,0.23168719723183387
0.55,0.23168719723183387
0.56,0.23168719723183387
0.5700000000000001,0.23168719723183387
0.58,0.23168719723183387
0.59,0.23168719723183387
0.6,0.23168719723183387
0.61,0.23168719723183387
0.62,0.23168719723183387
0.63,0.23168719723183387
0.64,0.23168719723183387
0.65,0.23168719723183387
0.66,0.23168719723183387
0.67,0.23168719723183387
0.68,0.23168719723183387
0.6900000000000001,0.23168719723183387
0.7000000000000001,0.23168719723183387
0.71,0.23168719723183387
0.72,0.23168719723183387
0.73,0.23168719723183387
0.74,0.23168719723183387
0.75,0.23168719723183387
0.76,0.23168719723183387
0.77,0.23168719723183387
0.78,0.23168719723183387
0.79,0.23168719723183387
0.8,0.23168719723183387
0.81,0.23168719723183387
0.82,0.23168719723183387
0.83,0.23168719723183387
0.84,0.23168719723183387
0.85,0.23168719723183387
0.86,0.23168719723183387
0.87,0.23168719723183387
0.88,0.23168719723183387
0.89,0.23168719723183387
0.9,0.23168719723183387
0.91,0.23168719723183387
0.92,0.23168719723183387
0.93,0.23168719723183387
0.94,0.23168719723183387
0.95,0.23168719723183387
0.96,0.23168719723183387
0.97,0.23168719723183387
0.98,0.23168719723183387
0.9900000000000002,0.23168719723183387
0.01,0.23672387543252596
0.02,0.23672387543252596
0.03,0.23672387543252596
0.04,0.23672387543252596
0.05,0.23672387543252596
0.06,0.23672387543252596
0.07,0.23672387543252596
0.08,0.23672387543252596
0.09,0.23672387543252596
0.1,0.23672387543252596
0.11,0.23672387543252596
0.12,0.23672387543252596
0.13,0.23672387543252596
0.14,0.23672387543252596
0.15,0.23672387543252596
0.16,0.23672387543252596
0.17,0.23672387543252596
0.18,0.23672387543252596
0.19,0.23672387543252596
0.2,0.23672387543252596
0.21,0.23672387543252596
0.22,0.23672387543252596
0.23,0.23672387543252596
0.24,0.23672387543252596
0.25,0.23672387543252596
0.26,0.23672387543252596
0.27,0.23672387543252596
0.28,0.23672387543252596
0.29,0.23672387543252596
0.3,0.23672387543252596
0.31,0.23672387543252596
0.32,0.23672387543252596
0.33,0.23672387543252596
0.34,0.23672387543252596
0.35000000000000003,0.23672387543252596
0.36,0.23672387543252596
0.37,0.23672387543252596
0.38,0.23672387543252596
0.39,0.23672387543252596
0.4,0.23672387543252596
0.41,0.23672387543252596
0.42,0.23672387543252596
0.43,0.23672387543252596
0.44,0.23672387543252596
0.45,0.23672387543252596
0.46,0.23672387543252596
0.47,0.23672387543252596
0.48,0.23672387543252596
0.49,0.23672387543252596
0.5,0.23672387543252596
0.51,0.23672387543252596
0.52,0.23672387543252596
0.53,0.23672387543252596
0.54,0.23672387543252596
0.55,0.23672387543252596
0.56,0.23672387543252596
0.5700000000000001,0.23672387543252596
0.58,0.23672387543252596
0.59,0.23672387543252596
0.6,0.23672387543252596
0.61,0.23672387543252596
0.62,0.23672387543252596
0.63,0.23672387543252596
0.64,0.23672387543252596
0.65,0.23672387543252596
0.66,0.23672387543252596
0.67,0.23672387543252596
0.68,0.23672387543252596
0.6900000000000001,0.23672387543252596
0.7000000000000001,0.23672387543252596
0.71,0.23672387543252596
0.72,0.23672387543252596
0.73,0.23672387543252596
0.74,0.23672387543252596
0.75,0.23672387543252596
0.76,0.23672387543252596
0.77,0.23672387543252596
0.78,0.23672387543252596
0.79,0.23672387543252596
0.8,0.23672387543252596
0.81,0.23672387543252596
0.82,0.23672387543252596
0.83,0.23672387543252596
0.84,0.23672387543252596
0.85,0.23672387543252596
0.86,0.23672387543252596
0.87,0.23672387543252596
0.88,0.23672387543252596
0.89,0.23672387543252596
0.9,0.23672387543252596
0.91,0.23672387543252596
0.92,0.23672387543252596
0.93,0.23672387543252596
0.94,0.23672387543252596
0.95,0.23672387543252596
0.96,0.23672387543252596
0.97,0.23672387543252596
0.98,0.23672387543252596
0.9900000000000002,0.23672387543252596
0.01,0.24176055363321797
0.02,0.24176055363321797
0.03,0.24176055363321797
0.04,0.24176055363321797
0.05,0.24176055363321797
0.06,0.24176055363321797
0.07,0.24176055363321797
0.08,0.24176055363321797
0.09,0.24176055363321797
0.1,0.24176055363321797
0.11,0.24176055363321797
0.12,0.24176055363321797
0.13,0.24176055363321797
0.14,0.24176055363321797
0.15,0.24176055363321797
0.16,0.24176055363321797
0.17,0.24176055363321797
0.18,0.24176055363321797
0.19,0.24176055363321797
0.2,0.24176055363321797
0.21,0.24176055363321797
0.22,0.24176055363321797
0.23,0.24176055363321797
0.24,0.24176055363321797
0.25,0.24176055363321797
0.26,0.24176055363321797
0.27,0.24176055363321797
0.28,0.24176055363321797
0.29,0.24176055363321797
0.3,0.24176055363321797
0.31,0.24176055363321797
0.32,0.24176055363321797
0.33,0.24176055363321797
0.34,0.24176055363321797
0.35000000000000003,0.24176055363321797
0.36,0.24176055363321797
0.37,0.24176055363321797
0.38,0.24176055363321797
0.39,0.24176055363321797
0.4,0.24176055363321797
0.41,0.24176055363321797
0.42,0.24176055363321797
0.43,0.24176055363321797
0.44,0.24176055363321797
0.45,0.24176055363321797
0.46,0.24176055363321797
0.47,0.24176055363321797
0.48,0.24176055363321797
0.49,0.24176055363321797
0.5,0.24176055363321797
0.51,0.24176055363321797
0.52,0.24176055363321797
0.53,0.24176055363321797
0.54,0.24176055363321797
0.55,0.24176055363321797
0.56,0.24176055363321797
0.5700000000000001,0.24176055363321797
0.58,0.24176055363321797
0.59,0.24176055363321797
0.6,0.24176055363321797
0.61,0.24176055363321797
0.62,0.24176055363321797
0.63,0.24176055363321797
0.64,0.24176055363321797
0.65,0.24176055363321797
0.66,0.24176055363321797
0.67,0.24176055363321797
0.68,0.24176055363321797
0.6900000000000001,0.24176055363321797
0.7000000000000001,0.24176055363321797
0.71,0.24176055363321797
0.72,0.24176055363321797
0.73,0.24176055363321797
0.74,0.24176055363321797
0.75,0.24176055363321797
0.76,0.24176055363321797
0.77,0.24176055363321797
0.78,0.24176055363321797
0.79,0.24176055363321797
0.8,0.24176055363321797
0.81,0.24176055363321797
0.82,0.24176055363321797
0.83,0.24176055363321797
0.84,0.24176055363321797
0.85,0.24176055363321797
0.86,0.24176055363321797
0.87,0.24176055363321797
0.88,0.24176055363321797
0.89,0.24176055363321797
0.9,0.24176055363321797
0.91,0.24176055363321797
0.92,0.24176055363321797
0.93,0.24176055363321797
0.94,0.24176055363321797
0.95,0.24176055363321797
0.96,0.24176055363321797
0.97,0.24176055363321797
0.98,0.24176055363321797
0.9900000000000002,0.24176055363321797
0.01,0.24679723183391003
0.02,0.24679723183391003
0.03,0.24679723183391003
0.04,0.24679723183391003
0.05,0.24679723183391003
0.06,0.24679723183391003
0.07,0.24679723183391003
0.08,0.24679723183391003
0.09,0.24679723183391003
0.1,0.24679723183391003
0.11,0.24679723183391003
0.12,0.24679723183391003
0.13,0.24679723183391003
0.14,0.24679723183391003
0.15,0.24679723183391003
0.16,0.24679723183391003
0.17,0.24679723183391003
0.18,0.24679723183391003
0.19,0.24679723183391003
0.2,0.24679723183391003
0.21,0.24679723183391003
0.22,0.24679723183391003
0.23,0.24679723183391003
0.24,0.24679723183391003
0.25,0.24679723183391003
0.26,0.24679723183391003
0.27,0.24679723183391003
0.28,0.24679723183391003
0.29,0.24679723183391003
0.3,0.24679723183391003
0.31,0.24679723183391003
0.32,0.24679723183391003
0.33,0.24679723183391003
0.34,0.24679723183391003
0.35000000000000003,0.24679723183391003
0.36,0.24679723183391003
0.37,0.24679723183391003
0.38,0.24679723183391003
0.39,0.24679723183391003
0.4,0.24679723183391003
0.41,0.24679723183391003
0.42,0.24679723183391003
0.43,0.24679723183391003
0.44,0.24679723183391003
0.45,0.24679723183391003
0.46,0.24679723183391003
0.47,0.24679723183391003
0.48,0.24679723183391003
0.49,0.24679723183391003
0.5,0.24679723183391003
0.51,0.24679723183391003
0.52,0.24679723183391003
0.53,0.24679723183391003
0.54,0.24679723183391003
0.55,0.24679723183391003
0.56,0.24679723183391003
0.5700000000000001,0.24679723183391003
0.58,0.24679723183391003
0.59,0.24679723183391003
0.6,0.24679723183391003
0.61,0.24679723183391003
0.62,0.24679723183391003
0.63,0.24679723183391003
0.64,0.24679723183391003
0.65,0.24679723183391003
0.66,0.24679723183391003
0.67,0.24679723183391003
0.68,0.24679723183391003
0.6900000000000001,0.24679723183391003
0.7000000000000001,0.24679723183391003
0.71,0.24679723183391003
0.72,0.24679723183391003
0.73,0.24679723183391003
0.74,0.24679723183391003
0.75,0.24679723183391003
0.76,0.24679723183391003
0.77,0.24679723183391003
0.78,0.24679723183391003
0.79,0.24679723183391003
0.8,0.24679723183391003
0.81,0.24679723183391003
0.82,0.24679723183391003
0.83,0.24679723183391003
0.84,0.24679723183391003
0.85,0.24679723183391003
0.86,0.24679723183391003
0.87,0.24679723183391003
0.88,0.24679723183391003
0.89,0.24679723183391003
0.9,0.24679723183391003
0.91,0.24679723183391003
0.92,0.24679723183391003
0.93,0.24679723183391003
0.94,0.24679723183391003
0.95,0.24679723183391003
0.96,0.24679723183391003
0.97,0.24679723183391003
0.98,0.24679723183391003
0.9900000000000002,0.24679723183391003
0.01,0.2518339100346021
0.02,0.2518339100346021
0.03,0.2518339100346021
0.04,0.2518339100346021
0.05,0.2518339100346021
0.06,0.2518339100346021
0.07,0.2518339100346021
0.08,0.2518339100346021
0.09,0.2518339100346021
0.1,0.2518339100346021
0.11,0.2518339100346021
0.12,0.2518339100346021
0.13,0.2518339100346021
0.14,0.2518339100346021
0.15,0.2518339100346021
0.16,0.2518339100346021
0.17,0.2518339100346021
0.18,0.2518339100346021
0.19,0.2518339100346021
0.2,0.2518339100346021
0.21,0.2518339100346021
0.22,0.2518339100346021
0.23,0.2518339100346021
0.24,0.2518339100346021
0.25,0.2518339100346021
0.26,0.2518339100346021
0.27,0.2518339100346021
0.28,0.2518339100346021
0.29,0.2518339100346021
0.3,0.2518339100346021
0.31,0.2518339100346021
0.32,0.2518339100346021
0.33,0.2518339100346021
0.34,0.2518339100346021
0.35000000000000003,0.2518339100346021
0.36,0.2518339100346021
0.37,0.2518339100346021
0.38,0.2518339100346021
0.39,0.2518339100346021
0.4,0.2518339100346021
0.41,0.2518339100346021
0.42,0.2518339100346021
0.43,0.2518339100346021
0.44,0.2518339100346021
0.45,0.2518339100346021
0.46,0.2518339100346021
0.47,0.2518339100346021
0.48,0.2518339100346021
0.49,0.2518339100346021
0.5,0.2518339100346021
0.51,0.2518339100346021
0.52,0.2518339100346021
0.53,0.2518339100346021
0.54,0.2518339100346021
0.55,0.2518339100346021
0.56,0.2518339100346021
0.5700000000000001,0.2518339100346021
0.58,0.2518339100346021
0.59,0.2518339100346021
0.6,0.2518339100346021
0.61,0.2518339100346021
0.62,0.2518339100346021
0.63,0.2518339100346021
0.64,0.2518339100346021
0.65,0.2518339100346021
0.66,0.2518339100346021
0.67,0.2518339100346021
0.68,0.2518339100346021
0.6900000000000001,0.2518339100346021
0.7000000000000001,0.2518339100346021
0.71,0.2518339100346021
0.72,0.2518339100346021
0.73,0.2518339100346021
0.74,0.2518339100346021
0.75,0.2518339100346021
0.76,0.2518339100346021
0.77,0.2518339100346021
0.78,0.2518339100346021
0.79,0.2518339100346021
0.8,0.2518339100346021
0.81,0.2518339100346021
0.82,0.2518339100346021
0.83,0.2518339100346021
0.84,0.2518339100346021
0.85,0.2518339100346021
0.86,0.2518339100346021
0.87,0.2518339100346021
0.88,0.2518339100346021
0.89,0.2518339100346021
0.9,0.2518339100346021
0.91,0.2518339100346021
0.92,0.2518339100346021
0.93,0.2518339100346021
0.94,0.2518339100346021
0.95,0.2518339100346021
0.96,0.2518339100346021
0.97,0.2518339100346021
0.98,0.2518339100346021
0.9900000000000002,0.2518339100346021
0.01,0.25687058823529413
0.02,0.25687058823529413
0.03,0.25687058823529413
0.04,0.25687058823529413
0.05,0.25687058823529413
0.06,0.25687058823529413
0.07,0.25687058823529413
0.08,0.25687058823529413
0.09,0.25687058823529413
0.1,0.25687058823529413
0.11,0.25687058823529413
0.12,0.25687058823529413
0.13,0.25687058823529413
0.14,0.25687058823529413
0.15,0.25687058823529413
0.16,0.25687058823529413
0.17,0.25687058823529413
0.18,0.25687058823529413
0.19,0.25687058823529413
0.2,0.25687058823529413
0.21,0.25687058823529413
0.22,0.25687058823529413
0.23,0.25687058823529413
0.24,0.25687058823529413
0.25,0.25687058823529413
0.26,0.25687058823529413
0.27,0.25687058823529413
0.28,0.25687058823529413
0.29,0.25687058823529413
0.3,0.25687058823529413
0.31,0.25687058823529413
0.32,0.25687058823529413
0.33,0.25687058823529413
0.34,0.25687058823529413
0.35000000000000003,0.25687058823529413
0.36,0.25687058823529413
0.37,0.25687058823529413
0.38,0.25687058823529413
0.39,0.25687058823529413
0.4,0.25687058823529413
0.41,0.25687058823529413
0.42,0.25687058823529413
0.43,0.25687058823529413
0.44,0.25687058823529413
0.45,0.25687058823529413
0.46,0.25687058823529413
0.47,0.25687058823529413
0.48,0.25687058823529413
0.49,0.25687058823529413
0.5,0.25687058823529413
0.51,0.25687058823529413
0.52,0.25687058823529413
0.53,0.25687058823529413
0.54,0.25687058823529413
0.55,0.25687058823529413
0.56,0.25687058823529413
0.5700000000000001,0.25687058823529413
0.58,0.25687058823529413
0.59,0.25687058823529413
0.6,0.25687058823529413
0.61,0.25687058823529413
0.62,0.25687058823529413
0.63,0.25687058823529413
0.64,0.25687058823529413
0.65,0.25687058823529413
0.66,0.25687058823529413
0.67,0.25687058823529413
0.68,0.25687058823529413
0.6900000000000001,0.25687058823529413
0.7000000000000001,0.25687058823529413
0.71,0.25687058823529413
0.72,0.25687058823529413
0.73,0.25687058823529413
0.74,0.25687058823529413
0.75,0.25687058823529413
0.76,0.25687058823529413
0.77,0.25687058823529413
0.78,0.25687058823529413
0.79,0.25687058823529413
0.8,0.25687058823529413
0.81,0.25687058823529413
0.82,0.25687058823529413
0.83,0.25687058823529413
0.84,0.25687058823529413
0.85,0.25687058823529413
0.86,0.25687058823529413
0.87,0.25687058823529413
0.88,0.25687058823529413
0.89,0.25687058823529413
0.9,0.25687058823529413
0.91,0.25687058823529413
0.92,0.25687058823529413
0.93,0.25687058823529413
0.94,0.25687058823529413
0.95,0.25687058823529413
0.96,0.25687058823529413
0.97,0.25687058823529413
0.98,0.25687058823529413
0.9900000000000002,0.25687058823529413
0.01,0.26190726643598616
0.02,0.26190726643598616
0.03,0.26190726643598616
0.04,0.26190726643598616
0.05,0.26190726643598616
0.06,0.26190726643598616
0.07,0.26190726643598616
0.08,0.26190726643598616
0.09,0.26190726643598616
0.1,0.26190726643598616
0.11,0.26190726643598616
0.12,0.26190726643598616
0.13,0.26190726643598616
0.14,0.26190726643598616
0.15,0.26190726643598616
0.16,0.26190726643598616
0.17,0.26190726643598616
0.18,0.26190726643598616
0.19,0.26190726643598616
0.2,0.26190726643598616
0.21,0.26190726643598616
0.22,0.26190726643598616
0.23,0.26190726643598616
0.24,0.26190726643598616
0.25,0.26190726643598616
0.26,0.26190726643598616
0.27,0.26190726643598616
0.28,0.26190726643598616
0.29,0.26190726643598616
0.3,0.26190726643598616
0.31,0.26190726643598616
0.32,0.26190726643598616
0.33,0.26190726643598616
0.34,0.26190726643598616
0.35000000000000003,0.26190726643598616
0.36,0.26190726643598616
0.37,0.26190726643598616
0.38,0.26190726643598616
0.39,0.26190726643598616
0.4,0.26190726643598616
0.41,0.26190726643598616
0.42,0.26190726643598616
0.43,0.26190726643598616
0.44,0.26190726643598616
0.45,0.26190726643598616
0.46,0.26190726643598616
0.47,0.26190726643598616
0.48,0.26190726643598616
0.49,0.26190726643598616
0.5,0.26190726643598616
0.51,0.26190726643598616
0.52,0.26190726643598616
0.53,0.26190726643598616
0.54,0.26190726643598616
0.55,0.26190726643598616
0.56,0.26190726643598616
0.5700000000000001,0.26190726643598616
0.58,0.26190726643598616
0.59,0.26190726643598616
0.6,0.26190726643598616
0.61,0.26190726643598616
0.62,0.26190726643598616
0.63,0.26190726643598616
0.64,0.26190726643598616
0.65,0.26190726643598616
0.66,0.26190726643598616
0.67,0.26190726643598616
0.68,0.26190726643598616
0.6900000000000001,0.26190726643598616
0.7000000000000001,0.26190726643598616
0.71,0.26190726643598616
0.72,0.26190726643598616
0.73,0.26190726643598616
0.74,0.26190726643598616
0.75,0.26190726643598616
0.76,0.26190726643598616
0.77,0.26190726643598616
0.78,0.26190726643598616
0.79,0.26190726643598616
0.8,0.26190726643598616
0.81,0.26190726643598616
0.82,0.26190726643598616
0.83,0.26190726643598616
0.84,0.26190726643598616
0.85,0.26190726643598616
0.86,0.26190726643598616
0.87,0.26190726643598616
0.88,0.26190726643598616
0.89,0.26190726643598616
0.9,0.26190726643598616
0.91,0.26190726643598616
0.92,0.26190726643598616
0.93,0.26190726643598616
0.94,0.26190726643598616
0.95,0.26190726643598616
0.96,0.26190726643598616
0.97,0.26190726643598616
0.98,0.26190726643598616
0.9900000000000002,0.26190726643598616
0.01,0.2669439446366782
0.02,0.2669439446366782
0.03,0.2669439446366782
0.04,0.2669439446366782
0.05,0.2669439446366782
0.06,0.2669439446366782
0.07,0.2669439446366782
0.08,0.2669439446366782
0.09,0.2669439446366782
0.1,0.2669439446366782
0.11,0.2669439446366782
0.12,0.2669439446366782
0.13,0.2669439446366782
0.14,0.2669439446366782
0.15,0.2669439446366782
0.16,0.2669439446366782
0.17,0.2669439446366782
0.18,0.2669439446366782
0.19,0.2669439446366782
0.2,0.2669439446366782
0.21,0.2669439446366782
0.22,0.2669439446366782
0.23,0.2669439446366782
0.24,0.2669439446366782
0.25,0.2669439446366782
0.26,0.2669439446366782
0.27,0.2669439446366782
0.28,0.2669439446366782
0.29,0.2669439446366782
0.3,0.2669439446366782
0.31,0.2669439446366782
0.32,0.2669439446366782
0.33,0.2669439446366782
0.34,0.2669439446366782
0.35000000000000003,0.2669439446366782
0.36,0.2669439446366782
0.37,0.2669439446366782
0.38,0.2669439446366782
0.39,0.2669439446366782
0.4,0.2669439446366782
0.41,0.2669439446366782
0.42,0.2669439446366782
0.43,0.2669439446366782
0.44,0.2669439446366782
0.45,0.2669439446366782
0.46,0.2669439446366782
0.47,0.2669439446366782
0.48,0.2669439446366782
0.49,0.2669439446366782
0.5,0.2669439446366782
0.51,0.2669439446366782
0.52,0.2669439446366782
0.53,0.2669439446366782
0.54,0.2669439446366782
0.55,0.2669439446366782
0.56,0.2669439446366782
0.5700000000000001,0.2669439446366782
0.58,0.2669439446366782
0.59,0.2669439446366782
0.6,0.2669439446366782
0.61,0.2669439446366782
0.62,0.2669439446366782
0.63,0.2669439446366782
0.64,0.2669439446366782
0.65,0.2669439446366782
0.66,0.2669439446366782
0.67,0.2669439446366782
0.68,0.2669439446366782
0.6900000000000001,0.2669439446366782
0.7000000000000001,0.2669439446366782
0.71,0.2669439446366782
0.72,0.2669439446366782
0.73,0.2669439446366782
0.74,0.2669439446366782
0.75,0.2669439446366782
0.76,0.2669439446366782
0.77,0.2669439446366782
0.78,0.2669439446366782
0.79,0.2669439446366782
0.8,0.2669439446366782
0.81,0.2669439446366782
0.82,0.2669439446366782
0.83,0.2669439446366782
0.84,0.2669439446366782
0.85,0.2669439446366782
0.86,0.2669439446366782
0.87,0.2669439446366782
0.88,0.2669439446366782
0.89,0.2669439446366782
0.9,0.2669439446366782
0.91,0.2669439446366782
0.92,0.2669439446366782
0.93,0.2669439446366782
0.94,0.2669439446366782
0.95,0.2669439446366782
0.96,0.2669439446366782
0.97,0.2669439446366782
0.98,0.2669439446366782
0.9900000000000002,0.2669439446366782
0.01,0.27198062283737023
0.02,0.27198062283737023
0.03,0.27198062283737023
0.04,0.27198062283737023
0.05,0.27198062283737023
0.06,0.27198062283737023
0.07,0.27198062283737023
0.08,0.27198062283737023
0.09,0.27198062283737023
0.1,0.27198062283737023
0.11,0.27198062283737023
0.12,0.27198062283737023
0.13,0.27198062283737023
0.14,0.27198062283737023
0.15,0.27198062283737023
0.16,0.27198062283737023
0.17,0.27198062283737023
0.18,0.27198062283737023
0.19,0.27198062283737023
0.2,0.27198062283737023
0.21,0.27198062283737023
0.22,0.27198062283737023
0.23,0.27198062283737023
0.24,0.27198062283737023
0.25,0.27198062283737023
0.26,0.27198062283737023
0.27,0.27198062283737023
0.28,0.27198062283737023
0.29,0.27198062283737023
0.3,0.27198062283737023
0.31,0.27198062283737023
0.32,0.27198062283737023
0.33,0.27198062283737023
0.34,0.27198062283737023
0.35000000000000003,0.27198062283737023
0.36,0.27198062283737023
0.37,0.27198062283737023
0.38,0.27198062283737023
0.39,0.27198062283737023
0.4,0.27198062283737023
0.41,0.27198062283737023
0.42,0.27198062283737023
0.43,0.27198062283737023
0.44,0.27198062283737023
0.45,0.27198062283737023
0.46,0.27198062283737023
0.47,0.27198062283737023
0.48,0.27198062283737023
0.49,0.27198062283737023
0.5,0.27198062283737023
0.51,0.27198062283737023
0.52,0.27198062283737023
0.53,0.27198062283737023
0.54,0.27198062283737023
0.55,0.27198062283737023
0.56,0.27198062283737023
0.5700000000000001,0.27198062283737023
0.58,0.27198062283737023
0.59,0.27198062283737023
0.6,0.27198062283737023
0.61,0.27198062283737023
0.62,0.27198062283737023
0.63,0.27198062283737023
0.64,0.27198062283737023
0.65,0.27198062283737023
0.66,0.27198062283737023
0.67,0.27198062283737023
0.68,0.27198062283737023
0.6900000000000001,0.27198062283737023
0.7000000000000001,0.27198062283737023
0.71,0.27198062283737023
0.72,0.27198062283737023
0.73,0.27198062283737023
0.74,0.27198062283737023
0.75,0.27198062283737023
0.76,0.27198062283737023
0.77,0.27198062283737023
0.78,0.27198062283737023
0.79,0.27198062283737023
0.8,0.27198062283737023
0.81,0.27198062283737023
0.82,0.27198062283737023
0.83,0.27198062283737023
0.84,0.27198062283737023
0.85,0.27198062283737023
0.86,0.27198062283737023
0.87,0.27198062283737023
0.88,0.27198062283737023
0.89,0.27198062283737023
0.9,0.27198062283737023
0.91,0.27198062283737023
0.92,0.27198062283737023
0.93,0.27198062283737023
0.94,0.27198062283737023
0.95,0.27198062283737023
0.96,0.27198062283737023
0.97,0.27198062283737023
0.98,0.27198062283737023
0.9900000000000002,0.27198062283737023
0.01,0.2770173010380623
0.02,0.2770173010380623
0.03,0.2770173010380623
0.04,0.2770173010380623
0.05,0.2770173010380623
0.06,0.2770173010380623
0.07,0.2770173010380623
0.08,0.2770173010380623
0.09,0.2770173010380623
0.1,0.2770173010380623
0.11,0.2770173010380623
0.12,0.2770173010380623
0.13,0.2770173010380623
0.14,0.2770173010380623
0.15,0.2770173010380623
0.16,0.2770173010380623
0.17,0.2770173010380623
0.18,0.2770173010380623
0.19,0.2770173010380623
0.2,0.2770173010380623
0.21,0.2770173010380623
0.22,0.2770173010380623
0.23,0.2770173010380623
0.24,0.2770173010380623
0.25,0.2770173010380623
0.26,0.2770173010380623
0.27,0.2770173010380623
0.28,0.2770173010380623
0.29,0.2770173010380623
0.3,0.2770173010380623
0.31,0.2770173010380623
0.32,0.2770173010380623
0.33,0.2770173010380623
0.34,0.2770173010380623
0.35000000000000003,0.2770173010380623
0.36,0.2770173010380623
0.37,0.2770173010380623
0.38,0.2770173010380623
0.39,0.2770173010380623
0.4,0.2770173010380623
0.41,0.2770173010380623
0.42,0.2770173010380623
0.43,0.2770173010380623
0.44,0.2770173010380623
0.45,0.2770173010380623
0.46,0.2770173010380623
0.47,0.2770173010380623
0.48,0.2770173010380623
0.49,0.2770173010380623
0.5,0.2770173010380623
0.51,0.2770173010380623
0.52,0.2770173010380623
0.53,0.2770173010380623
0.54,0.2770173010380623
0.55,0.2770173010380623
0.56,0.2770173010380623
0.5700000000000001,0.2770173010380623
0.58,0.2770173010380623
0.59,0.2770173010380623
0.6,0.2770173010380623
0.61,0.2770173010380623
0.62,0.2770173010380623
0.63,0.2770173010380623
0.64,0.2770173010380623
0.65,0.2770173010380623
0.66,0.2770173010380623
0.67,0.2770173010380623
0.68,0.2770173010380623
0.6900000000000001,0.2770173010380623
0.7000000000000001,0.2770173010380623
0.71,0.2770173010380623
0.72,0.2770173010380623
0.73,0.2770173010380623
0.74,0.2770173010380623
0.75,0.2770173010380623
0.76,0.2770173010380623
0.77,0.2770173010380623
0.78,0.2770173010380623
0.79,0.2770173010380623
0.8,0.2770173010380623
0.81,0.2770173010380623
0.82,0.2770173010380623
0.83,0.2770173010380623
0.84,0.2770173010380623
0.85,0.2770173010380623
0.86,0.2770173010380623
0.87,0.2770173010380623
0.88,0.2770173010380623
0.89,0.2770173010380623
0.9,0.2770173010380623
0.91,0.2770173010380623
0.92,0.2770173010380623
0.93,0.2770173010380623
0.94,0.2770173010380623
0.95,0.2770173010380623
0.96,0.2770173010380623
0.97,0.2770173010380623
0.98,0.2770173010380623
0.9900000000000002,0.2770173010380623
0.01,0.2820539792387543
0.02,0.2820539792387543
0.03,0.2820539792387543
0.04,0.2820539792387543
0.05,0.2820539792387543
0.06,0.2820539792387543
0.07,0.2820539792387543
0.08,0.2820539792387543
0.09,0.2820539792387543
0.1,0.2820539792387543
0.11,0.2820539792387543
0.12,0.2820539792387543
0.13,0.2820539792387543
0.14,0.2820539792387543
0.15,0.2820539792387543
0.16,0.2820539792387543
0.17,0.2820539792387543
0.18,0.2820539792387543
0.19,0.2820539792387543
0.2,0.2820539792387543
0.21,0.2820539792387543
0.22,0.2820539792387543
0.23,0.2820539792387543
0.24,0.2820539792387543
0.25,0.2820539792387543
0.26,0.2820539792387543
0.27,0.2820539792387543
0.28,0.2820539792387543
0.29,0.2820539792387543
0.3,0.2820539792387543
0.31,0.2820539792387543
0.32,0.2820539792387543
0.33,0.2820539792387543
0.34,0.2820539792387543
0.35000000000000003,0.2820539792387543
0.36,0.2820539792387543
0.37,0.2820539792387543
0.38,0.2820539792387543
0.39,0.2820539792387543
0.4,0.2820539792387543
0.41,0.2820539792387543
0.42,0.2820539792387543
0.43,0.2820539792387543
0.44,0.2820539792387543
0.45,0.2820539792387543
0.46,0.2820539792387543
0.47,0.2820539792387543
0.48,0.2820539792387543
0.49,0.2820539792387543
0.5,0.2820539792387543
0.51,0.2820539792387543
0.52,0.2820539792387543
0.53,0.2820539792387543
0.54,0.2820539792387543
0.55,0.2820539792387543
0.56,0.2820539792387543
0.5700000000000001,0.2820539792387543
0.58,0.2820539792387543
0.59,0.2820539792387543
0.6,0.2820539792387543
0.61,0.2820539792387543
0.62,0.2820539792387543
0.63,0.2820539792387543
0.64,0.2820539792387543
0.65,0.2820539792387543
0.66,0.2820539792387543
0.67,0.2820539792387543
0.68,0.2820539792387543
0.6900000000000001,0.2820539792387543
0.7000000000000001,0.2820539792387543
0.71,0.2820539792387543
0.72,0.2820539792387543
0.73,0.2820539792387543
0.74,0.2820539792387543
0.75,0.2820539792387543
0.76,0.2820539792387543
0.77,0.2820539792387543
0.78,0.2820539792387543
0.79,0.2820539792387543
0.8,0.2820539792387543
0.81,0.2820539792387543
0.82,0.2820539792387543
0.83,0.2820539792387543
0.84,0.2820539792387543
0.85,0.2820539792387543
0.86,0.2820539792387543
0.87,0.2820539792387543
0.88,0.2820539792387543
0.89,0.2820539792387543
0.9,0.2820539792387543
0.91,0.2820539792387543
0.92,0.2820539792387543
0.93,0.2820539792387543
0.94,0.2820539792387543
0.95,0.2820539792387543
0.96,0.2820539792387543
0.97,0.2820539792387543
0.98,0.2820539792387543
0.9900000000000002,0.2820539792387543
0.01,0.2870906574394464
0.02,0.2870906574394464
0.03,0.2870906574394464
0.04,0.2870906574394464
0.05,0.2870906574394464
0.06,0.2870906574394464
0.07,0.2870906574394464
0.08,0.2870906574394464
0.09,0.2870906574394464
0.1,0.2870906574394464
0.11,0.2870906574394464
0.12,0.2870906574394464
0.13,0.2870906574394464
0.14,0.2870906574394464
0.15,0.2870906574394464
0.16,0.2870906574394464
0.17,0.2870906574394464
0.18,0.2870906574394464
0.19,0.2870906574394464
0.2,0.2870906574394464
0.21,0.2870906574394464
0.22,0.2870906574394464
0.23,0.2870906574394464
0.24,0.2870906574394464
0.25,0.2870906574394464
0.26,0.2870906574394464
0.27,0.2870906574394464
0.28,0.2870906574394464
0.29,0.2870906574394464
0.3,0.2870906574394464
0.31,0.2870906574394464
0.32,0.2870906574394464
0.33,0.2870906574394464
0.34,0.2870906574394464
0.35000000000000003,0.2870906574394464
0.36,0.2870906574394464
0.37,0.2870906574394464
0.38,0.2870906574394464
0.39,0.2870906574394464
0.4,0.2870906574394464
0.41,0.2870906574394464
0.42,0.2870906574394464
0.43,0.2870906574394464
0.44,0.2870906574394464
0.45,0.2870906574394464
0.46,0.2870906574394464
0.47,0.2870906574394464
0.48,0.2870906574394464
0.49,0.2870906574394464
0.5,0.2870906574394464
0.51,0.2870906574394464
0.52,0.2870906574394464
0.53,0.2870906574394464
0.54,0.2870906574394464
0.55,0.2870906574394464
0.56,0.2870906574394464
0.5700000000000001,0.2870906574394464
0.58,0.2870906574394464
0.59,0.2870906574394464
0.6,0.2870906574394464
0.61,0.2870906574394464
0.62,0.2870906574394464
0.63,0.2870906574394464
0.64,0.2870906574394464
0.65,0.2870906574394464
0.66,0.2870906574394464
0.67,0.2870906574394464
0.68,0.2870906574394464
0.6900000000000001,0.2870906574394464
0.7000000000000001,0.2870906574394464
0.71,0.2870906574394464
0.72,0.2870906574394464
0.73,0.2870906574394464
0.74,0.2870906574394464
0.75,0.2870906574394464
0.76,0.2870906574394464
0.77,0.2870906574394464
0.78,0.2870906574394464
0.79,0.2870906574394464
0.8,0.2870906574394464
0.81,0.2870906574394464
0.82,0.2870906574394464
0.83,0.2870906574394464
0.84,0.2870906574394464
0.85,0.2870906574394464
0.86,0.2870906574394464
0.87,0.2870906574394464
0.88,0.2870906574394464
0.89,0.2870906574394464
0.9,0.2870906574394464
0.91,0.2870906574394464
0.92,0.2870906574394464
0.93,0.2870906574394464
0.94,0.2870906574394464
0.95,0.2870906574394464
0.96,0.2870906574394464
0.97,0.2870906574394464
0.98,0.2870906574394464
0.9900000000000002,0.2870906574394464
0.01,0.29212733564013843
0.02,0.29212733564013843
0.03,0.29212733564013843
0.04,0.29212733564013843
0.05,0.29212733564013843
0.06,0.29212733564013843
0.07,0.29212733564013843
0.08,0.29212733564013843
0.09,0.29212733564013843
0.1,0.29212733564013843
0.11,0.29212733564013843
0.12,0.29212733564013843
0.13,0.29212733564013843
0.14,0.29212733564013843
0.15,0.29212733564013843
0.16,0.29212733564013843
0.17,0.29212733564013843
0.18,0.29212733564013843
0.19,0.29212733564013843
0.2,0.29212733564013843
0.21,0.29212733564013843
0.22,0.29212733564013843
0.23,0.29212733564013843
0.24,0.29212733564013843
0.25,0.29212733564013843
0.26,0.29212733564013843
0.27,0.29212733564013843
0.28,0.29212733564013843
0.29,0.29212733564013843
0.3,0.29212733564013843
0.31,0.29212733564013843
0.32,0.29212733564013843
0.33,0.29212733564013843
0.34,0.29212733564013843
0.35000000000000003,0.29212733564013843
0.36,0.29212733564013843
0.37,0.29212733564013843
0.38,0.29212733564013843
0.39,0.29212733564013843
0.4,0.29212733564013843
0.41,0.29212733564013843
0.42,0.29212733564013843
0.43,0.29212733564013843
0.44,0.29212733564013843
0.45,0.29212733564013843
0.46,0.29212733564013843
0.47,0.29212733564013843
0.48,0.29212733564013843
0.49,0.29212733564013843
0.5,0.29212733564013843
0.51,0.29212733564013843
0.52,0.29212733564013843
0.53,0.29212733564013843
0.54,0.29212733564013843
0.55,0.29212733564013843
0.56,0.29212733564013843
0.5700000000000001,0.29212733564013843
0.58,0.29212733564013843
0.59,0.29212733564013843
0.6,0.29212733564013843
0.61,0.29212733564013843
0.62,0.29212733564013843
0.63,0.29212733564013843
0.64,0.29212733564013843
0.65,0.29212733564013843
0.66,0.29212733564013843
0.67,0.29212733564013843
0.68,0.29212733564013843
0.6900000000000001,0.29212733564013843
0.7000000000000001,0.29212733564013843
0.71,0.29212733564013843
0.72,0.29212733564013843
0.73,0.29212733564013843
0.74,0.29212733564013843
0.75,0.29212733564013843
0.76,0.29212733564013843
0.77,0.29212733564013843
0.78,0.29212733564013843
0.79,0.29212733564013843
0.8,0.29212733564013843
0.81,0.29212733564013843
0.82,0.29212733564013843
0.83,0.29212733564013843
0.84,0.29212733564013843
0.85,0.29212733564013843
0.86,0.29212733564013843
0.87,0.29212733564013843
0.88,0.29212733564013843
0.89,0.29212733564013843
0.9,0.29212733564013843
0.91,0.29212733564013843
0.92,0.29212733564013843
0.93,0.29212733564013843
0.94,0.29212733564013843
0.95,0.29212733564013843
0.96,0.29212733564013843
0.97,0.29212733564013843
0.98,0.29212733564013843
0.9900000000000002,0.29212733564013843
0.01,0.2971640138408304
0.02,0.2971640138408304
0.03,0.2971640138408304
0.04,0.2971640138408304
0.05,0.2971640138408304
0.06,0.2971640138408304
0.07,0.2971640138408304
0.08,0.2971640138408304
0.09,0.2971640138408304
0.1,0.2971640138408304
0.11,0.2971640138408304
0.12,0.2971640138408304
0.13,0.2971640138408304
0.14,0.2971640138408304
0.15,0.2971640138408304
0.16,0.2971640138408304
0.17,0.2971640138408304
0.18,0.2971640138408304
0.19,0.2971640138408304
0.2,0.2971640138408304
0.21,0.2971640138408304
0.22,0.2971640138408304
0.23,0.2971640138408304
0.24,0.2971640138408304
0.25,0.2971640138408304
0.26,0.2971640138408304
0.27,0.2971640138408304
0.28,0.2971640138408304
0.29,0.2971640138408304
0.3,0.2971640138408304
0.31,0.2971640138408304
0.32,0.2971640138408304
0.33,0.2971640138408304
0.34,0.2971640138408304
0.35000000000000003,0.2971640138408304
0.36,0.2971640138408304
0.37,0.2971640138408304
0.38,0.2971640138408304
0.39,0.2971640138408304
0.4,0.2971640138408304
0.41,0.2971640138408304
0.42,0.2971640138408304
0.43,0.2971640138408304
0.44,0.2971640138408304
0.45,0.2971640138408304
0.46,0.2971640138408304
0.47,0.2971640138408304
0.48,0.2971640138408304
0.49,0.2971640138408304
0.5,0.2971640138408304
0.51,0.2971640138408304
0.52,0.2971640138408304
0.53,0.2971640138408304
0.54,0.2971640138408304
0.55,0.2971640138408304
0.56,0.2971640138408304
0.5700000000000001,0.2971640138408304
0.58,0.2971640138408304
0.59,0.2971640138408304
0.6,0.2971640138408304
0.61,0.2971640138408304
0.62,0.2971640138408304
0.63,0.2971640138408304
0.64,0.2971640138408304
0.65,0.2971640138408304
0.66,0.2971640138408304
0.67,0.2971640138408304
0.68,0.2971640138408304
0.6900000000000001,0.2971640138408304
0.7000000000000001,0.2971640138408304
0.71,0.2971640138408304
0.72,0.2971640138408304
0.73,0.2971640138408304
0.74,0.2971640138408304
0.75,0.2971640138408304
0.76,0.2971640138408304
0.77,0.2971640138408304
0.78,0.2971640138408304
0.79,0.2971640138408304
0.8,0.2971640138408304
0.81,0.2971640138408304
0.82,0.2971640138408304
0.83,0.2971640138408304
0.84,0.2971640138408304
0.85,0.2971640138408304
0.86,0.2971640138408304
0.87,0.2971640138408304
0.88,0.2971640138408304
0.89,0.2971640138408304
0.9,0.2971640138408304
0.91,0.2971640138408304
0.92,0.2971640138408304
0.93,0.2971640138408304
0.94,0.2971640138408304
0.95,0.2971640138408304
0.96,0.2971640138408304
0.97,0.2971640138408304
0.98,0.2971640138408304
0.9900000000000002,0.2971640138408304
0.01,0.3022006920415225
0.02,0.3022006920415225
0.03,0.3022006920415225
0.04,0.3022006920415225
0.05,0.3022006920415225
0.06,0.3022006920415225
0.07,0.3022006920415225
0.08,0.3022006920415225
0.09,0.3022006920415225
0.1,0.3022006920415225
0.11,0.3022006920415225
0.12,0.3022006920415225
0.13,0.3022006920415225
0.14,0.3022006920415225
0.15,0.3022006920415225
0.16,0.3022006920415225
0.17,0.3022006920415225
0.18,0.3022006920415225
0.19,0.3022006920415225
0.2,0.3022006920415225
0.21,0.3022006920415225
0.22,0.3022006920415225
0.23,0.3022006920415225
0.24,0.3022006920415225
0.25,0.3022006920415225
0.26,0.3022006920415225
0.27,0.3022006920415225
0.28,0.3022006920415225
0.29,0.3022006920415225
0.3,0.3022006920415225
0.31,0.3022006920415225
0.32,0.3022006920415225
0.33,0.3022006920415225
0.34,0.3022006920415225
0.35000000000000003,0.3022006920415225
0.36,0.3022006920415225
0.37,0.3022006920415225
0.38,0.3022006920415225
0.39,0.3022006920415225
0.4,0.3022006920415225
0.41,0.3022006920415225
0.42,0.3022006920415225
0.43,0.3022006920415225
0.44,0.3022006920415225
0.45,0.3022006920415225
0.46,0.3022006920415225
0.47,0.3022006920415225
0.48,0.3022006920415225
0.49,0.3022006920415225
0.5,0.3022006920415225
0.51,0.3022006920415225
0.52,0.3022006920415225
0.53,0.3022006920415225
0.54,0.3022006920415225
0.55,0.3022006920415225
0.56,0.3022006920415225
0.5700000000000001,0.3022006920415225
0.58,0.3022006920415225
0.59,0.3022006920415225
0.6,0.3022006920415225
0.61,0.3022006920415225
0.62,0.3022006920415225
0.63,0.3022006920415225
0.64,0.3022006920415225
0.65,0.3022006920415225
0.66,0.3022006920415225
0.67,0.3022006920415225
0.68,0.3022006920415225
0.6900000000000001,0.3022006920415225
0.7000000000000001,0.3022006920415225
0.71,0.3022006920415225
0.72,0.3022006920415225
0.73,0.3022006920415225
0.74,0.3022006920415225
0.75,0.3022006920415225
0.76,0.3022006920415225
0.77,0.3022006920415225
0.78,0.3022006920415225
0.79,0.3022006920415225
0.8,0.3022006920415225
0.81,0.3022006920415225
0.82,0.3022006920415225
0.83,0.3022006920415225
0.84,0.3022006920415225
0.85,0.3022006920415225
0.86,0.3022006920415225
0.87,0.3022006920415225
0.88,0.3022006920415225
0.89,0.3022006920415225
0.9,0.3022006920415225
0.91,0.3022006920415225
0.92,0.3022006920415225
0.93,0.3022006920415225
0.94,0.3022006920415225
0.95,0.3022006920415225
0.96,0.3022006920415225
0.97,0.3022006920415225
0.98,0.3022006920415225
0.9900000000000002,0.3022006920415225
0.01,0.30723737024221454
0.02,0.30723737024221454
0.03,0.30723737024221454
0.04,0.30723737024221454
0.05,0.30723737024221454
0.06,0.30723737024221454
0.07,0.30723737024221454
0.08,0.30723737024221454
0.09,0.30723737024221454
0.1,0.30723737024221454
0.11,0.30723737024221454
0.12,0.30723737024221454
0.13,0.30723737024221454
0.14,0.30723737024221454
0.15,0.30723737024221454
0.16,0.30723737024221454
0.17,0.30723737024221454
0.18,0.30723737024221454
0.19,0.30723737024221454
0.2,0.30723737024221454
0.21,0.30723737024221454
0.22,0.30723737024221454
0.23,0.30723737024221454
0.24,0.30723737024221454
0.25,0.30723737024221454
0.26,0.30723737024221454
0.27,0.30723737024221454
0.28,0.30723737024221454
0.29,0.30723737024221454
0.3,0.30723737024221454
0.31,0.30723737024221454
0.32,0.30723737024221454
0.33,0.30723737024221454
0.34,0.30723737024221454
0.35000000000000003,0.30723737024221454
0.36,0.30723737024221454
0.37,0.30723737024221454
0.38,0.30723737024221454
0.39,0.30723737024221454
0.4,0.30723737024221454
0.41,0.30723737024221454
0.42,0.30723737024221454
0.43,0.30723737024221454
0.44,0.30723737024221454
0.45,0.30723737024221454
0.46,0.30723737024221454
0.47,0.30723737024221454
0.48,0.30723737024221454
0.49,0.30723737024221454
0.5,0.30723737024221454
0.51,0.30723737024221454
0.52,0.30723737024221454
0.53,0.30723737024221454
0.54,0.30723737024221454
0.55,0.30723737024221454
0.56,0.30723737024221454
0.5700000000000001,0.30723737024221454
0.58,0.30723737024221454
0.59,0.30723737024221454
0.6,0.30723737024221454
0.61,0.30723737024221454
0.62,0.30723737024221454
0.63,0.30723737024221454
0.64,0.30723737024221454
0.65,0.30723737024221454
0.66,0.30723737024221454
0.67,0.30723737024221454
0.68,0.30723737024221454
0.6900000000000001,0.30723737024221454
0.7000000000000001,0.30723737024221454
0.71,0.30723737024221454
0.72,0.30723737024221454
0.73,0.30723737024221454
0.74,0.30723737024221454
0.75,0.30723737024221454
0.76,0.30723737024221454
0.77,0.30723737024221454
0.78,0.30723737024221454
0.79,0.30723737024221454
0.8,0.30723737024221454
0.81,0.30723737024221454
0.82,0.30723737024221454
0.83,0.30723737024221454
0.84,0.30723737024221454
0.85,0.30723737024221454
0.86,0.30723737024221454
0.87,0.30723737024221454
0.88,0.30723737024221454
0.89,0.30723737024221454
0.9,0.30723737024221454
0.91,0.30723737024221454
0.92,0.30723737024221454
0.93,0.30723737024221454
0.94,0.30723737024221454
0.95,0.30723737024221454
0.96,0.30723737024221454
0.97,0.30723737024221454
0.98,0.30723737024221454
0.9900000000000002,0.30723737024221454
0.01,0.31227404844290657
0.02,0.31227404844290657
0.03,0.31227404844290657
0.04,0.31227404844290657
0.05,0.31227404844290657
0.06,0.31227404844290657
0.07,0.31227404844290657
0.08,0.31227404844290657
0.09,0.31227404844290657
0.1,0.31227404844290657
0.11,0.31227404844290657
0.12,0.31227404844290657
0.13,0.31227404844290657
0.14,0.31227404844290657
0.15,0.31227404844290657
0.16,0.31227404844290657
0.17,0.31227404844290657
0.18,0.31227404844290657
0.19,0.31227404844290657
0.2,0.31227404844290657
0.21,0.31227404844290657
0.22,0.31227404844290657
0.23,0.31227404844290657
0.24,0.31227404844290657
0.25,0.31227404844290657
0.26,0.31227404844290657
0.27,0.31227404844290657
0.28,0.31227404844290657
0.29,0.31227404844290657
0.3,0.31227404844290657
0.31,0.31227404844290657
0.32,0.31227404844290657
0.33,0.31227404844290657
0.34,0.31227404844290657
0.35000000000000003,0.31227404844290657
0.36,0.31227404844290657
0.37,0.31227404844290657
0.38,0.31227404844290657
0.39,0.31227404844290657
0.4,0.31227404844290657
0.41,0.31227404844290657
0.42,0.31227404844290657
0.43,0.31227404844290657
0.44,0.31227404844290657
0.45,0.31227404844290657
0.46,0.31227404844290657
0.47,0.31227404844290657
0.48,0.31227404844290657
0.49,0.31227404844290657
0.5,0.31227404844290657
0.51,0.31227404844290657
0.52,0.31227404844290657
0.53,0.31227404844290657
0.54,0.31227404844290657
0.55,0.31227404844290657
0.56,0.31227404844290657
0.5700000000000001,0.31227404844290657
0.58,0.31227404844290657
0.59,0.31227404844290657
0.6,0.31227404844290657
0.61,0.31227404844290657
0.62,0.31227404844290657
0.63,0.31227404844290657
0.64,0.31227404844290657
0.65,0.31227404844290657
0.66,0.31227404844290657
0.67,0.31227404844290657
0.68,0.31227404844290657
0.6900000000000001,0.31227404844290657
0.7000000000000001,0.31227404844290657
0.71,0.31227404844290657
0.72,0.31227404844290657
0.73,0.31227404844290657
0.74,0.31227404844290657
0.75,0.31227404844290657
0.76,0.31227404844290657
0.77,0.31227404844290657
0.78,0.31227404844290657
0.79,0.31227404844290657
0.8,0.31227404844290657
0.81,0.31227404844290657
0.82,0.31227404844290657
0.83,0.31227404844290657
0.84,0.31227404844290657
0.85,0.31227404844290657
0.86,0.31227404844290657
0.87,0.31227404844290657
0.88,0.31227404844290657
0.89,0.31227404844290657
0.9,0.31227404844290657
0.91,0.31227404844290657
0.92,0.31227404844290657
0.93,0.31227404844290657
0.94,0.31227404844290657
0.95,0.31227404844290657
0.96,0.31227404844290657
0.97,0.31227404844290657
0.98,0.31227404844290657
0.9900000000000002,0.31227404844290657
0.01,0.3173107266435986
0.02,0.3173107266435986
0.03,0.3173107266435986
0.04,0.3173107266435986
0.05,0.3173107266435986
0.06,0.3173107266435986
0.07,0.3173107266435986
0.08,0.3173107266435986
0.09,0.3173107266435986
0.1,0.3173107266435986
0.11,0.3173107266435986
0.12,0.3173107266435986
0.13,0.3173107266435986
0.14,0.3173107266435986
0.15,0.3173107266435986
0.16,0.3173107266435986
0.17,0.3173107266435986
0.18,0.3173107266435986
0.19,0.3173107266435986
0.2,0.3173107266435986
0.21,0.3173107266435986
0.22,0.3173107266435986
0.23,0.3173107266435986
0.24,0.3173107266435986
0.25,0.3173107266435986
0.26,0.3173107266435986
0.27,0.3173107266435986
0.28,0.3173107266435986
0.29,0.3173107266435986
0.3,0.3173107266435986
0.31,0.3173107266435986
0.32,0.3173107266435986
0.33,0.3173107266435986
0.34,0.3173107266435986
0.35000000000000003,0.3173107266435986
0.36,0.3173107266435986
0.37,0.3173107266435986
0.38,0.3173107266435986
0.39,0.3173107266435986
0.4,0.3173107266435986
0.41,0.3173107266435986
0.42,0.3173107266435986
0.43,0.3173107266435986
0.44,0.3173107266435986
0.45,0.3173107266435986
0.46,0.3173107266435986
0.47,0.3173107266435986
0.48,0.3173107266435986
0.49,0.3173107266435986
0.5,0.3173107266435986
0.51,0.3173107266435986
0.52,0.3173107266435986
0.53,0.3173107266435986
0.54,0.3173107266435986
0.55,0.3173107266435986
0.56,0.3173107266435986
0.5700000000000001,0.3173107266435986
0.58,0.3173107266435986
0.59,0.3173107266435986
0.6,0.3173107266435986
0.61,0.3173107266435986
0.62,0.3173107266435986
0.63,0.3173107266435986
0.64,0.3173107266435986
0.65,0.3173107266435986
0.66,0.3173107266435986
0.67,0.3173107266435986
0.68,0.3173107266435986
0.6900000000000001,0.3173107266435986
0.7000000000000001,0.3173107266435986
0.71,0.3173107266435986
0.72,0.3173107266435986
0.73,0.3173107266435986
0.74,0.3173107266435986
0.75,0.3173107266435986
0.76,0.3173107266435986
0.77,0.3173107266435986
0.78,0.3173107266435986
0.79,0.3173107266435986
0.8,0.3173107266435986
0.81,0.3173107266435986
0.82,0.3173107266435986
0.83,0.3173107266435986
0.84,0.3173107266435986
0.85,0.3173107266435986
0.86,0.3173107266435986
0.87,0.3173107266435986
0.88,0.3173107266435986
0.89,0.3173107266435986
0.9,0.3173107266435986
0.91,0.3173107266435986
0.92,0.3173107266435986
0.93,0.3173107266435986
0.94,0.3173107266435986
0.95,0.3173107266435986
0.96,0.3173107266435986
0.97,0.3173107266435986
0.98,0.3173107266435986
0.9900000000000002,0.3173107266435986
0.01,0.3223474048442907
0.02,0.3223474048442907
0.03,0.3223474048442907
0.04,0.3223474048442907
0.05,0.3223474048442907
0.06,0.3223474048442907
0.07,0.3223474048442907
0.08,0.3223474048442907
0.09,0.3223474048442907
0.1,0.3223474048442907
0.11,0.3223474048442907
0.12,0.3223474048442907
0.13,0.3223474048442907
0.14,0.3223474048442907
0.15,0.3223474048442907
0.16,0.3223474048442907
0.17,0.3223474048442907
0.18,0.3223474048442907
0.19,0.3223474048442907
0.2,0.3223474048442907
0.21,0.3223474048442907
0.22,0.3223474048442907
0.23,0.3223474048442907
0.24,0.3223474048442907
0.25,0.3223474048442907
0.26,0.3223474048442907
0.27,0.3223474048442907
0.28,0.3223474048442907
0.29,0.3223474048442907
0.3,0.3223474048442907
0.31,0.3223474048442907
0.32,0.3223474048442907
0.33,0.3223474048442907
0.34,0.3223474048442907
0.35000000000000003,0.3223474048442907
0.36,0.3223474048442907
0.37,0.3223474048442907
0.38,0.3223474048442907
0.39,0.3223474048442907
0.4,0.3223474048442907
0.41,0.3223474048442907
0.42,0.3223474048442907
0.43,0.3223474048442907
0.44,0.3223474048442907
0.45,0.3223474048442907
0.46,0.3223474048442907
0.47,0.3223474048442907
0.48,0.3223474048442907
0.49,0.3223474048442907
0.5,0.3223474048442907
0.51,0.3223474048442907
0.52,0.3223474048442907
0.53,0.3223474048442907
0.54,0.3223474048442907
0.55,0.3223474048442907
0.56,0.3223474048442907
0.5700000000000001,0.3223474048442907
0.58,0.3223474048442907
0.59,0.3223474048442907
0.6,0.3223474048442907
0.61,0.3223474048442907
0.62,0.3223474048442907
0.63,0.3223474048442907
0.64,0.3223474048442907
0.65,0.3223474048442907
0.66,0.3223474048442907
0.67,0.3223474048442907
0.68,0.3223474048442907
0.6900000000000001,0.3223474048442907
0.7000000000000001,0.3223474048442907
0.71,0.3223474048442907
0.72,0.3223474048442907
0.73,0.3223474048442907
0.74,0.3223474048442907
0.75,0.3223474048442907
0.76,0.3223474048442907
0.77,0.3223474048442907
0.78,0.3223474048442907
0.79,0.3223474048442907
0.8,0.3223474048442907
0.81,0.3223474048442907
0.82,0.3223474048442907
0.83,0.3223474048442907
0.84,0.3223474048442907
0.85,0.3223474048442907
0.86,0.3223474048442907
0.87,0.3223474048442907
0.88,0.3223474048442907
0.89,0.3223474048442907
0.9,0.3223474048442907
0.91,0.3223474048442907
0.92,0.3223474048442907
0.93,0.3223474048442907
0.94,0.3223474048442907
0.95,0.3223474048442907
0.96,0.3223474048442907
0.97,0.3223474048442907
0.98,0.3223474048442907
0.9900000000000002,0.3223474048442907
0.01,0.3273840830449827
0.02,0.3273840830449827
0.03,0.3273840830449827
0.04,0.3273840830449827
0.05,0.3273840830449827
0.06,0.3273840830449827
0.07,0.3273840830449827
0.08,0.3273840830449827
0.09,0.3273840830449827
0.1,0.3273840830449827
0.11,0.3273840830449827
0.12,0.3273840830449827
0.13,0.3273840830449827
0.14,0.3273840830449827
0.15,0.3273840830449827
0.16,0.3273840830449827
0.17,0.3273840830449827
0.18,0.3273840830449827
0.19,0.3273840830449827
0.2,0.3273840830449827
0.21,0.3273840830449827
0.22,0.3273840830449827
0.23,0.3273840830449827
0.24,0.3273840830449827
0.25,0.3273840830449827
0.26,0.3273840830449827
0.27,0.3273840830449827
0.28,0.3273840830449827
0.29,0.3273840830449827
0.3,0.3273840830449827
0.31,0.3273840830449827
0.32,0.3273840830449827
0.33,0.3273840830449827
0.34,0.3273840830449827
0.35000000000000003,0.3273840830449827
0.36,0.3273840830449827
0.37,0.3273840830449827
0.38,0.3273840830449827
0.39,0.3273840830449827
0.4,0.3273840830449827
0.41,0.3273840830449827
0.42,0.3273840830449827
0.43,0.3273840830449827
0.44,0.3273840830449827
0.45,0.3273840830449827
0.46,0.3273840830449827
0.47,0.3273840830449827
0.48,0.3273840830449827
0.49,0.3273840830449827
0.5,0.3273840830449827
0.51,0.3273840830449827
0.52,0.3273840830449827
0.53,0.3273840830449827
0.54,0.3273840830449827
0.55,0.3273840830449827
0.56,0.3273840830449827
0.5700000000000001,0.3273840830449827
0.58,0.3273840830449827
0.59,0.3273840830449827
0.6,0.3273840830449827
0.61,0.3273840830449827
0.62,0.3273840830449827
0.63,0.3273840830449827
0.64,0.3273840830449827
0.65,0.3273840830449827
0.66,0.3273840830449827
0.67,0.3273840830449827
0.68,0.3273840830449827
0.6900000000000001,0.3273840830449827
0.7000000000000001,0.3273840830449827
0.71,0.3273840830449827
0.72,0.3273840830449827
0.73,0.3273840830449827
0.74,0.3273840830449827
0.75,0.3273840830449827
0.76,0.3273840830449827
0.77,0.3273840830449827
0.78,0.3273840830449827
0.79,0.3273840830449827
0.8,0.3273840830449827
0.81,0.3273840830449827
0.82,0.3273840830449827
0.83,0.3273840830449827
0.84,0.3273840830449827
0.85,0.3273840830449827
0.86,0.3273840830449827
0.87,0.3273840830449827
0.88,0.3273840830449827
0.89,0.3273840830449827
0.9,0.3273840830449827
0.91,0.3273840830449827
0.92,0.3273840830449827
0.93,0.3273840830449827
0.94,0.3273840830449827
0.95,0.3273840830449827
0.96,0.3273840830449827
0.97,0.3273840830449827
0.98,0.3273840830449827
0.9900000000000002,0.3273840830449827
0.01,0.33242076124567477
0.02,0.33242076124567477
0.03,0.33242076124567477
0.04,0.33242076124567477
0.05,0.33242076124567477
0.06,0.33242076124567477
0.07,0.33242076124567477
0.08,0.33242076124567477
0.09,0.33242076124567477
0.1,0.33242076124567477
0.11,0.33242076124567477
0.12,0.33242076124567477
0.13,0.33242076124567477
0.14,0.33242076124567477
0.15,0.33242076124567477
0.16,0.33242076124567477
0.17,0.33242076124567477
0.18,0.33242076124567477
0.19,0.33242076124567477
0.2,0.33242076124567477
0.21,0.33242076124567477
0.22,0.33242076124567477
0.23,0.33242076124567477
0.24,0.33242076124567477
0.25,0.33242076124567477
0.26,0.33242076124567477
0.27,0.33242076124567477
0.28,0.33242076124567477
0.29,0.33242076124567477
0.3,0.33242076124567477
0.31,0.33242076124567477
0.32,0.33242076124567477
0.33,0.33242076124567477
0.34,0.33242076124567477
0.35000000000000003,0.33242076124567477
0.36,0.33242076124567477
0.37,0.33242076124567477
0.38,0.33242076124567477
0.39,0.33242076124567477
0.4,0.33242076124567477
0.41,0.33242076124567477
0.42,0.33242076124567477
0.43,0.33242076124567477
0.44,0.33242076124567477
0.45,0.33242076124567477
0.46,0.33242076124567477
0.47,0.33242076124567477
0.48,0.33242076124567477
0.49,0.33242076124567477
0.5,0.33242076124567477
0.51,0.33242076124567477
0.52,0.33242076124567477
0.53,0.33242076124567477
0.54,0.33242076124567477
0.55,0.33242076124567477
0.56,0.33242076124567477
0.5700000000000001,0.33242076124567477
0.58,0.33242076124567477
0.59,0.33242076124567477
0.6,0.33242076124567477
0.61,0.33242076124567477
0.62,0.33242076124567477
0.63,0.33242076124567477
0.64,0.33242076124567477
0.65,0.33242076124567477
0.66,0.33242076124567477
0.67,0.33242076124567477
0.68,0.33242076124567477
0.6900000000000001,0.33242076124567477
0.7000000000000001,0.33242076124567477
0.71,0.33242076124567477
0.72,0.33242076124567477
0.73,0.33242076124567477
0.74,0.33242076124567477
0.75,0.33242076124567477
0.76,0.33242076124567477
0.77,0.33242076124567477
0.78,0.33242076124567477
0.79,0.33242076124567477
0.8,0.33242076124567477
0.81,0.33242076124567477
0.82,0.33242076124567477
0.83,0.33242076124567477
0.84,0.33242076124567477
0.85,0.33242076124567477
0.86,0.33242076124567477
0.87,0.33242076124567477
0.88,0.33242076124567477
0.89,0.33242076124567477
0.9,0.33242076124567477
0.91,0.33242076124567477
0.92,0.33242076124567477
0.93,0.33242076124567477
0.94,0.33242076124567477
0.95,0.33242076124567477
0.96,0.33242076124567477
0.97,0.33242076124567477
0.98,0.33242076124567477
0.9900000000000002,0.33242076124567477
0.01,0.3374574394463668
0.02,0.3374574394463668
0.03,0.3374574394463668
0.04,0.3374574394463668
0.05,0.3374574394463668
0.06,0.3374574394463668
0.07,0.3374574394463668
0.08,0.3374574394463668
0.09,0.3374574394463668
0.1,0.3374574394463668
0.11,0.3374574394463668
0.12,0.3374574394463668
0.13,0.3374574394463668
0.14,0.3374574394463668
0.15,0.3374574394463668
0.16,0.3374574394463668
0.17,0.3374574394463668
0.18,0.3374574394463668
0.19,0.3374574394463668
0.2,0.3374574394463668
0.21,0.3374574394463668
0.22,0.3374574394463668
0.23,0.3374574394463668
0.24,0.3374574394463668
0.25,0.3374574394463668
0.26,0.3374574394463668
0.27,0.3374574394463668
0.28,0.3374574394463668
0.29,0.3374574394463668
0.3,0.3374574394463668
0.31,0.3374574394463668
0.32,0.3374574394463668
0.33,0.3374574394463668
0.34,0.3374574394463668
0.35000000000000003,0.3374574394463668
0.36,0.3374574394463668
0.37,0.3374574394463668
0.38,0.3374574394463668
0.39,0.3374574394463668
0.4,0.3374574394463668
0.41,0.3374574394463668
0.42,0.3374574394463668
0.43,0.3374574394463668
0.44,0.3374574394463668
0.45,0.3374574394463668
0.46,0.3374574394463668
0.47,0.3374574394463668
0.48,0.3374574394463668
0.49,0.3374574394463668
0.5,0.3374574394463668
0.51,0.3374574394463668
0.52,0.3374574394463668
0.53,0.3374574394463668
0.54,0.3374574394463668
0.55,0.3374574394463668
0.56,0.3374574394463668
0.5700000000000001,0.3374574394463668
0.58,0.3374574394463668
0.59,0.3374574394463668
0.6,0.3374574394463668
0.61,0.3374574394463668
0.62,0.3374574394463668
0.63,0.3374574394463668
0.64,0.3374574394463668
0.65,0.3374574394463668
0.66,0.3374574394463668
0.67,0.3374574394463668
0.68,0.3374574394463668
0.6900000000000001,0.3374574394463668
0.7000000000000001,0.3374574394463668
0.71,0.3374574394463668
0.72,0.3374574394463668
0.73,0.3374574394463668
0.74,0.3374574394463668
0.75,0.3374574394463668
0.76,0.3374574394463668
0.77,0.3374574394463668
0.78,0.3374574394463668
0.79,0.3374574394463668
0.8,0.3374574394463668
0.81,0.3374574394463668
0.82,0.3374574394463668
0.83,0.3374574394463668
0.84,0.3374574394463668
0.85,0.3374574394463668
0.86,0.3374574394463668
0.87,0.3374574394463668
0.88,0.3374574394463668
0.89,0.3374574394463668
0.9,0.3374574394463668
0.91,0.3374574394463668
0.92,0.3374574394463668
0.93,0.3374574394463668
0.94,0.3374574394463668
0.95,0.3374574394463668
0.96,0.3374574394463668
0.97,0.3374574394463668
0.98,0.3374574394463668
0.9900000000000002,0.3374574394463668
0.01,0.34249411764705884
0.02,0.34249411764705884
0.03,0.34249411764705884
0.04,0.34249411764705884
0.05,0.34249411764705884
0.06,0.34249411764705884
0.07,0.34249411764705884
0.08,0.34249411764705884
0.09,0.34249411764705884
0.1,0.34249411764705884
0.11,0.34249411764705884
0.12,0.34249411764705884
0.13,0.34249411764705884
0.14,0.34249411764705884
0.15,0.34249411764705884
0.16,0.34249411764705884
0.17,0.34249411764705884
0.18,0.34249411764705884
0.19,0.34249411764705884
0.2,0.34249411764705884
0.21,0.34249411764705884
0.22,0.34249411764705884
0.23,0.34249411764705884
0.24,0.34249411764705884
0.25,0.34249411764705884
0.26,0.34249411764705884
0.27,0.34249411764705884
0.28,0.34249411764705884
0.29,0.34249411764705884
0.3,0.34249411764705884
0.31,0.34249411764705884
0.32,0.34249411764705884
0.33,0.34249411764705884
0.34,0.34249411764705884
0.35000000000000003,0.34249411764705884
0.36,0.34249411764705884
0.37,0.34249411764705884
0.38,0.34249411764705884
0.39,0.34249411764705884
0.4,0.34249411764705884
0.41,0.34249411764705884
0.42,0.34249411764705884
0.43,0.34249411764705884
0.44,0.34249411764705884
0.45,0.34249411764705884
0.46,0.34249411764705884
0.47,0.34249411764705884
0.48,0.34249411764705884
0.49,0.34249411764705884
0.5,0.34249411764705884
0.51,0.34249411764705884
0.52,0.34249411764705884
0.53,0.34249411764705884
0.54,0.34249411764705884
0.55,0.34249411764705884
0.56,0.34249411764705884
0.5700000000000001,0.34249411764705884
0.58,0.34249411764705884
0.59,0.34249411764705884
0.6,0.34249411764705884
0.61,0.34249411764705884
0.62,0.34249411764705884
0.63,0.34249411764705884
0.64,0.34249411764705884
0.65,0.34249411764705884
0.66,0.34249411764705884
0.67,0.34249411764705884
0.68,0.34249411764705884
0.6900000000000001,0.34249411764705884
0.7000000000000001,0.34249411764705884
0.71,0.34249411764705884
0.72,0.34249411764705884
0.73,0.34249411764705884
0.74,0.34249411764705884
0.75,0.34249411764705884
0.76,0.34249411764705884
0.77,0.34249411764705884
0.78,0.34249411764705884
0.79,0.34249411764705884
0.8,0.34249411764705884
0.81,0.34249411764705884
0.82,0.34249411764705884
0.83,0.34249411764705884
0.84,0.34249411764705884
0.85,0.34249411764705884
0.86,0.34249411764705884
0.87,0.34249411764705884
0.88,0.34249411764705884
0.89,0.34249411764705884
0.9,0.34249411764705884
0.91,0.34249411764705884
0.92,0.34249411764705884
0.93,0.34249411764705884
0.94,0.34249411764705884
0.95,0.34249411764705884
0.96,0.34249411764705884
0.97,0.34249411764705884
0.98,0.34249411764705884
0.9900000000000002,0.34249411764705884
0.01,0.3475307958477509
0.02,0.3475307958477509
0.03,0.3475307958477509
0.04,0.3475307958477509
0.05,0.3475307958477509
0.06,0.3475307958477509
0.07,0.3475307958477509
0.08,0.3475307958477509
0.09,0.3475307958477509
0.1,0.3475307958477509
0.11,0.3475307958477509
0.12,0.3475307958477509
0.13,0.3475307958477509
0.14,0.3475307958477509
0.15,0.3475307958477509
0.16,0.3475307958477509
0.17,0.3475307958477509
0.18,0.3475307958477509
0.19,0.3475307958477509
0.2,0.3475307958477509
0.21,0.3475307958477509
0.22,0.3475307958477509
0.23,0.3475307958477509
0.24,0.3475307958477509
0.25,0.3475307958477509
0.26,0.3475307958477509
0.27,0.3475307958477509
0.28,0.3475307958477509
0.29,0.3475307958477509
0.3,0.3475307958477509
0.31,0.3475307958477509
0.32,0.3475307958477509
0.33,0.3475307958477509
0.34,0.3475307958477509
0.35000000000000003,0.3475307958477509
0.36,0.3475307958477509
0.37,0.3475307958477509
0.38,0.3475307958477509
0.39,0.3475307958477509
0.4,0.3475307958477509
0.41,0.3475307958477509
0.42,0.3475307958477509
0.43,0.3475307958477509
0.44,0.3475307958477509
0.45,0.3475307958477509
0.46,0.3475307958477509
0.47,0.3475307958477509
0.48,0.3475307958477509
0.49,0.3475307958477509
0.5,0.3475307958477509
0.51,0.3475307958477509
0.52,0.3475307958477509
0.53,0.3475307958477509
0.54,0.3475307958477509
0.55,0.3475307958477509
0.56,0.3475307958477509
0.5700000000000001,0.3475307958477509
0.58,0.3475307958477509
0.59,0.3475307958477509
0.6,0.3475307958477509
0.61,0.3475307958477509
0.62,0.3475307958477509
0.63,0.3475307958477509
0.64,0.3475307958477509
0.65,0.3475307958477509
0.66,0.3475307958477509
0.67,0.3475307958477509
0.68,0.3475307958477509
0.6900000000000001,0.3475307958477509
0.7000000000000001,0.3475307958477509
0.71,0.3475307958477509
0.72,0.3475307958477509
0.73,0.3475307958477509
0.74,0.3475307958477509
0.75,0.3475307958477509
0.76,0.3475307958477509
0.77,0.3475307958477509
0.78,0.3475307958477509
0.79,0.3475307958477509
0.8,0.3475307958477509
0.81,0.3475307958477509
0.82,0.3475307958477509
0.83,0.3475307958477509
0.84,0.3475307958477509
0.85,0.3475307958477509
0.86,0.3475307958477509
0.87,0.3475307958477509
0.88,0.3475307958477509
0.89,0.3475307958477509
0.9,0.3475307958477509
0.91,0.3475307958477509
0.92,0.3475307958477509
0.93,0.3475307958477509
0.94,0.3475307958477509
0.95,0.3475307958477509
0.96,0.3475307958477509
0.97,0.3475307958477509
0.98,0.3475307958477509
0.9900000000000002,0.3475307958477509
0.01,0.35256747404844285
0.02,0.35256747404844285
0.03,0.35256747404844285
0.04,0.35256747404844285
0.05,0.35256747404844285
0.06,0.35256747404844285
0.07,0.35256747404844285
0.08,0.35256747404844285
0.09,0.35256747404844285
0.1,0.35256747404844285
0.11,0.35256747404844285
0.12,0.35256747404844285
0.13,0.35256747404844285
0.14,0.35256747404844285
0.15,0.35256747404844285
0.16,0.35256747404844285
0.17,0.35256747404844285
0.18,0.35256747404844285
0.19,0.35256747404844285
0.2,0.35256747404844285
0.21,0.35256747404844285
0.22,0.35256747404844285
0.23,0.35256747404844285
0.24,0.35256747404844285
0.25,0.35256747404844285
0.26,0.35256747404844285
0.27,0.35256747404844285
0.28,0.35256747404844285
0.29,0.35256747404844285
0.3,0.35256747404844285
0.31,0.35256747404844285
0.32,0.35256747404844285
0.33,0.35256747404844285
0.34,0.35256747404844285
0.35000000000000003,0.35256747404844285
0.36,0.35256747404844285
0.37,0.35256747404844285
0.38,0.35256747404844285
0.39,0.35256747404844285
0.4,0.35256747404844285
0.41,0.35256747404844285
0.42,0.35256747404844285
0.43,0.35256747404844285
0.44,0.35256747404844285
0.45,0.35256747404844285
0.46,0.35256747404844285
0.47,0.35256747404844285
0.48,0.35256747404844285
0.49,0.35256747404844285
0.5,0.35256747404844285
0.51,0.35256747404844285
0.52,0.35256747404844285
0.53,0.35256747404844285
0.54,0.35256747404844285
0.55,0.35256747404844285
0.56,0.35256747404844285
0.5700000000000001,0.35256747404844285
0.58,0.35256747404844285
0.59,0.35256747404844285
0.6,0.35256747404844285
0.61,0.35256747404844285
0.62,0.35256747404844285
0.63,0.35256747404844285
0.64,0.35256747404844285
0.65,0.35256747404844285
0.66,0.35256747404844285
0.67,0.35256747404844285
0.68,0.35256747404844285
0.6900000000000001,0.35256747404844285
0.7000000000000001,0.35256747404844285
0.71,0.35256747404844285
0.72,0.35256747404844285
0.73,0.35256747404844285
0.74,0.35256747404844285
0.75,0.35256747404844285
0.76,0.35256747404844285
0.77,0.35256747404844285
0.78,0.35256747404844285
0.79,0.35256747404844285
0.8,0.35256747404844285
0.81,0.35256747404844285
0.82,0.35256747404844285
0.83,0.35256747404844285
0.84,0.35256747404844285
0.85,0.35256747404844285
0.86,0.35256747404844285
0.87,0.35256747404844285
0.88,0.35256747404844285
0.89,0.35256747404844285
0.9,0.35256747404844285
0.91,0.35256747404844285
0.92,0.35256747404844285
0.93,0.35256747404844285
0.94,0.35256747404844285
0.95,0.35256747404844285
0.96,0.35256747404844285
0.97,0.35256747404844285
0.98,0.35256747404844285
0.9900000000000002,0.35256747404844285
0.01,0.35760415224913494
0.02,0.35760415224913494
0.03,0.35760415224913494
0.04,0.35760415224913494
0.05,0.35760415224913494
0.06,0.35760415224913494
0.07,0.35760415224913494
0.08,0.35760415224913494
0.09,0.35760415224913494
0.1,0.35760415224913494
0.11,0.35760415224913494
0.12,0.35760415224913494
0.13,0.35760415224913494
0.14,0.35760415224913494
0.15,0.35760415224913494
0.16,0.35760415224913494
0.17,0.35760415224913494
0.18,0.35760415224913494
0.19,0.35760415224913494
0.2,0.35760415224913494
0.21,0.35760415224913494
0.22,0.35760415224913494
0.23,0.35760415224913494
0.24,0.35760415224913494
0.25,0.35760415224913494
0.26,0.35760415224913494
0.27,0.35760415224913494
0.28,0.35760415224913494
0.29,0.35760415224913494
0.3,0.35760415224913494
0.31,0.35760415224913494
0.32,0.35760415224913494
0.33,0.35760415224913494
0.34,0.35760415224913494
0.35000000000000003,0.35760415224913494
0.36,0.35760415224913494
0.37,0.35760415224913494
0.38,0.35760415224913494
0.39,0.35760415224913494
0.4,0.35760415224913494
0.41,0.35760415224913494
0.42,0.35760415224913494
0.43,0.35760415224913494
0.44,0.35760415224913494
0.45,0.35760415224913494
0.46,0.35760415224913494
0.47,0.35760415224913494
0.48,0.35760415224913494
0.49,0.35760415224913494
0.5,0.35760415224913494
0.51,0.35760415224913494
0.52,0.35760415224913494
0.53,0.35760415224913494
0.54,0.35760415224913494
0.55,0.35760415224913494
0.56,0.35760415224913494
0.5700000000000001,0.35760415224913494
0.58,0.35760415224913494
0.59,0.35760415224913494
0.6,0.35760415224913494
0.61,0.35760415224913494
0.62,0.35760415224913494
0.63,0.35760415224913494
0.64,0.35760415224913494
0.65,0.35760415224913494
0.66,0.35760415224913494
0.67,0.35760415224913494
0.68,0.35760415224913494
0.6900000000000001,0.35760415224913494
0.7000000000000001,0.35760415224913494
0.71,0.35760415224913494
0.72,0.35760415224913494
0.73,0.35760415224913494
0.74,0.35760415224913494
0.75,0.35760415224913494
0.76,0.35760415224913494
0.77,0.35760415224913494
0.78,0.35760415224913494
0.79,0.35760415224913494
0.8,0.35760415224913494
0.81,0.35760415224913494
0.82,0.35760415224913494
0.83,0.35760415224913494
0.84,0.35760415224913494
0.85,0.35760415224913494
0.86,0.35760415224913494
0.87,0.35760415224913494
0.88,0.35760415224913494
0.89,0.35760415224913494
0.9,0.35760415224913494
0.91,0.35760415224913494
0.92,0.35760415224913494
0.93,0.35760415224913494
0.94,0.35760415224913494
0.95,0.35760415224913494
0.96,0.35760415224913494
0.97,0.35760415224913494
0.98,0.35760415224913494
0.9900000000000002,0.35760415224913494
0.01,0.36264083044982703
0.02,0.36264083044982703
0.03,0.36264083044982703
0.04,0.36264083044982703
0.05,0.36264083044982703
0.06,0.36264083044982703
0.07,0.36264083044982703
0.08,0.36264083044982703
0.09,0.36264083044982703
0.1,0.36264083044982703
0.11,0.36264083044982703
0.12,0.36264083044982703
0.13,0.36264083044982703
0.14,0.36264083044982703
0.15,0.36264083044982703
0.16,0.36264083044982703
0.17,0.36264083044982703
0.18,0.36264083044982703
0.19,0.36264083044982703
0.2,0.36264083044982703
0.21,0.36264083044982703
0.22,0.36264083044982703
0.23,0.36264083044982703
0.24,0.36264083044982703
0.25,0.36264083044982703
0.26,0.36264083044982703
0.27,0.36264083044982703
0.28,0.36264083044982703
0.29,0.36264083044982703
0.3,0.36264083044982703
0.31,0.36264083044982703
0.32,0.36264083044982703
0.33,0.36264083044982703
0.34,0.36264083044982703
0.35000000000000003,0.36264083044982703
0.36,0.36264083044982703
0.37,0.36264083044982703
0.38,0.36264083044982703
0.39,0.36264083044982703
0.4,0.36264083044982703
0.41,0.36264083044982703
0.42,0.36264083044982703
0.43,0.36264083044982703
0.44,0.36264083044982703
0.45,0.36264083044982703
0.46,0.36264083044982703
0.47,0.36264083044982703
0.48,0.36264083044982703
0.49,0.36264083044982703
0.5,0.36264083044982703
0.51,0.36264083044982703
0.52,0.36264083044982703
0.53,0.36264083044982703
0.54,0.36264083044982703
0.55,0.36264083044982703
0.56,0.36264083044982703
0.5700000000000001,0.36264083044982703
0.58,0.36264083044982703
0.59,0.36264083044982703
0.6,0.36264083044982703
0.61,0.36264083044982703
0.62,0.36264083044982703
0.63,0.36264083044982703
0.64,0.36264083044982703
0.65,0.36264083044982703
0.66,0.36264083044982703
0.67,0.36264083044982703
0.68,0.36264083044982703
0.6900000000000001,0.36264083044982703
0.7000000000000001,0.36264083044982703
0.71,0.36264083044982703
0.72,0.36264083044982703
0.73,0.36264083044982703
0.74,0.36264083044982703
0.75,0.36264083044982703
0.76,0.36264083044982703
0.77,0.36264083044982703
0.78,0.36264083044982703
0.79,0.36264083044982703
0.8,0.36264083044982703
0.81,0.36264083044982703
0.82,0.36264083044982703
0.83,0.36264083044982703
0.84,0.36264083044982703
0.85,0.36264083044982703
0.86,0.36264083044982703
0.87,0.36264083044982703
0.88,0.36264083044982703
0.89,0.36264083044982703
0.9,0.36264083044982703
0.91,0.36264083044982703
0.92,0.36264083044982703
0.93,0.36264083044982703
0.94,0.36264083044982703
0.95,0.36264083044982703
0.96,0.36264083044982703
0.97,0.36264083044982703
0.98,0.36264083044982703
0.9900000000000002,0.36264083044982703
0.01,0.367677508650519
0.02,0.367677508650519
0.03,0.367677508650519
0.04,0.367677508650519
0.05,0.367677508650519
0.06,0.367677508650519
0.07,0.367677508650519
0.08,0.367677508650519
0.09,0.367677508650519
0.1,0.367677508650519
0.11,0.367677508650519
0.12,0.367677508650519
0.13,0.367677508650519
0.14,0.367677508650519
0.15,0.367677508650519
0.16,0.367677508650519
0.17,0.367677508650519
0.18,0.367677508650519
0.19,0.367677508650519
0.2,0.367677508650519
0.21,0.367677508650519
0.22,0.367677508650519
0.23,0.367677508650519
0.24,0.367677508650519
0.25,0.367677508650519
0.26,0.367677508650519
0.27,0.367677508650519
0.28,0.367677508650519
0.29,0.367677508650519
0.3,0.367677508650519
0.31,0.367677508650519
0.32,0.367677508650519
0.33,0.367677508650519
0.34,0.367677508650519
0.35000000000000003,0.367677508650519
0.36,0.367677508650519
0.37,0.367677508650519
0.38,0.367677508650519
0.39,0.367677508650519
0.4,0.367677508650519
0.41,0.367677508650519
0.42,0.367677508650519
0.43,0.367677508650519
0.44,0.367677508650519
0.45,0.367677508650519
0.46,0.367677508650519
0.47,0.367677508650519
0.48,0.367677508650519
0.49,0.367677508650519
0.5,0.367677508650519
0.51,0.367677508650519
0.52,0.367677508650519
0.53,0.367677508650519
0.54,0.367677508650519
0.55,0.367677508650519
0.56,0.367677508650519
0.5700000000000001,0.367677508650519
0.58,0.367677508650519
0.59,0.367677508650519
0.6,0.367677508650519
0.61,0.367677508650519
0.62,0.367677508650519
0.63,0.367677508650519
0.64,0.367677508650519
0.65,0.367677508650519
0.66,0.367677508650519
0.67,0.367677508650519
0.68,0.367677508650519
0.6900000000000001,0.367677508650519
0.7000000000000001,0.367677508650519
0.71,0.367677508650519
0.72,0.367677508650519
0.73,0.367677508650519
0.74,0.367677508650519
0.75,0.367677508650519
0.76,0.367677508650519
0.77,0.367677508650519
0.78,0.367677508650519
0.79,0.367677508650519
0.8,0.367677508650519
0.81,0.367677508650519
0.82,0.367677508650519
0.83,0.367677508650519
0.84,0.367677508650519
0.85,0.367677508650519
0.86,0.367677508650519
0.87,0.367677508650519
0.88,0.367677508650519
0.89,0.367677508650519
0.9,0.367677508650519
0.91,0.367677508650519
0.92,0.367677508650519
0.93,0.367677508650519
0.94,0.367677508650519
0.95,0.367677508650519
0.96,0.367677508650519
0.97,0.367677508650519
0.98,0.367677508650519
0.9900000000000002,0.367677508650519
0.01,0.37271418685121105
0.02,0.37271418685121105
0.03,0.37271418685121105
0.04,0.37271418685121105
0.05,0.37271418685121105
0.06,0.37271418685121105
0.07,0.37271418685121105
0.08,0.37271418685121105
0.09,0.37271418685121105
0.1,0.37271418685121105
0.11,0.37271418685121105
0.12,0.37271418685121105
0.13,0.37271418685121105
0.14,0.37271418685121105
0.15,0.37271418685121105
0.16,0.37271418685121105
0.17,0.37271418685121105
0.18,0.37271418685121105
0.19,0.37271418685121105
0.2,0.37271418685121105
0.21,0.37271418685121105
0.22,0.37271418685121105
0.23,0.37271418685121105
0.24,0.37271418685121105
0.25,0.37271418685121105
0.26,0.37271418685121105
0.27,0.37271418685121105
0.28,0.37271418685121105
0.29,0.37271418685121105
0.3,0.37271418685121105
0.31,0.37271418685121105
0.32,0.37271418685121105
0.33,0.37271418685121105
0.34,0.37271418685121105
0.35000000000000003,0.37271418685121105
0.36,0.37271418685121105
0.37,0.37271418685121105
0.38,0.37271418685121105
0.39,0.37271418685121105
0.4,0.37271418685121105
0.41,0.37271418685121105
0.42,0.37271418685121105
0.43,0.37271418685121105
0.44,0.37271418685121105
0.45,0.37271418685121105
0.46,0.37271418685121105
0.47,0.37271418685121105
0.48,0.37271418685121105
0.49,0.37271418685121105
0.5,0.37271418685121105
0.51,0.37271418685121105
0.52,0.37271418685121105
0.53,0.37271418685121105
0.54,0.37271418685121105
0.55,0.37271418685121105
0.56,0.37271418685121105
0.5700000000000001,0.37271418685121105
0.58,0.37271418685121105
0.59,0.37271418685121105
0.6,0.37271418685121105
0.61,0.37271418685121105
0.62,0.37271418685121105
0.63,0.37271418685121105
0.64,0.37271418685121105
0.65,0.37271418685121105
0.66,0.37271418685121105
0.67,0.37271418685121105
0.68,0.37271418685121105
0.6900000000000001,0.37271418685121105
0.7000000000000001,0.37271418685121105
0.71,0.37271418685121105
0.72,0.37271418685121105
0.73,0.37271418685121105
0.74,0.37271418685121105
0.75,0.37271418685121105
0.76,0.37271418685121105
0.77,0.37271418685121105
0.78,0.37271418685121105
0.79,0.37271418685121105
0.8,0.37271418685121105
0.81,0.37271418685121105
0.82,0.37271418685121105
0.83,0.37271418685121105
0.84,0.37271418685121105
0.85,0.37271418685121105
0.86,0.37271418685121105
0.87,0.37271418685121105
0.88,0.37271418685121105
0.89,0.37271418685121105
0.9,0.37271418685121105
0.91,0.37271418685121105
0.92,0.37271418685121105
0.93,0.37271418685121105
0.94,0.37271418685121105
0.95,0.37271418685121105
0.96,0.37271418685121105
0.97,0.37271418685121105
0.98,0.37271418685121105
0.9900000000000002,0.37271418685121105
0.01,0.37775086505190314
0.02,0.37775086505190314
0.03,0.37775086505190314
0.04,0.37775086505190314
0.05,0.37775086505190314
0.06,0.37775086505190314
0.07,0.37775086505190314
0.08,0.37775086505190314
0.09,0.37775086505190314
0.1,0.37775086505190314
0.11,0.37775086505190314
0.12,0.37775086505190314
0.13,0.37775086505190314
0.14,0.37775086505190314
0.15,0.37775086505190314
0.16,0.37775086505190314
0.17,0.37775086505190314
0.18,0.37775086505190314
0.19,0.37775086505190314
0.2,0.37775086505190314
0.21,0.37775086505190314
0.22,0.37775086505190314
0.23,0.37775086505190314
0.24,0.37775086505190314
0.25,0.37775086505190314
0.26,0.37775086505190314
0.27,0.37775086505190314
0.28,0.37775086505190314
0.29,0.37775086505190314
0.3,0.37775086505190314
0.31,0.37775086505190314
0.32,0.37775086505190314
0.33,0.37775086505190314
0.34,0.37775086505190314
0.35000000000000003,0.37775086505190314
0.36,0.37775086505190314
0.37,0.37775086505190314
0.38,0.37775086505190314
0.39,0.37775086505190314
0.4,0.37775086505190314
0.41,0.37775086505190314
0.42,0.37775086505190314
0.43,0.37775086505190314
0.44,0.37775086505190314
0.45,0.37775086505190314
0.46,0.37775086505190314
0.47,0.37775086505190314
0.48,0.37775086505190314
0.49,0.37775086505190314
0.5,0.37775086505190314
0.51,0.37775086505190314
0.52,0.37775086505190314
0.53,0.37775086505190314
0.54,0.37775086505190314
0.55,0.37775086505190314
0.56,0.37775086505190314
0.5700000000000001,0.37775086505190314
0.58,0.37775086505190314
0.59,0.37775086505190314
0.6,0.37775086505190314
0.61,0.37775086505190314
0.62,0.37775086505190314
0.63,0.37775086505190314
0.64,0.37775086505190314
0.65,0.37775086505190314
0.66,0.37775086505190314
0.67,0.37775086505190314
0.68,0.37775086505190314
0.6900000000000001,0.37775086505190314
0.7000000000000001,0.37775086505190314
0.71,0.37775086505190314
0.72,0.37775086505190314
0.73,0.37775086505190314
0.74,0.37775086505190314
0.75,0.37775086505190314
0.76,0.37775086505190314
0.77,0.37775086505190314
0.78,0.37775086505190314
0.79,0.37775086505190314
0.8,0.37775086505190314
0.81,0.37775086505190314
0.82,0.37775086505190314
0.83,0.37775086505190314
0.84,0.37775086505190314
0.85,0.37775086505190314
0.86,0.37775086505190314
0.87,0.37775086505190314
0.88,0.37775086505190314
0.89,0.37775086505190314
0.9,0.37775086505190314
0.91,0.37775086505190314
0.92,0.37775086505190314
0.93,0.37775086505190314
0.94,0.37775086505190314
0.95,0.37775086505190314
0.96,0.37775086505190314
0.97,0.37775086505190314
0.98,0.37775086505190314
0.9900000000000002,0.37775086505190314
0.01,0.3827875432525951
0.02,0.3827875432525951
0.03,0.3827875432525951
0.04,0.3827875432525951
0.05,0.3827875432525951
0.06,0.3827875432525951
0.07,0.3827875432525951
0.08,0.3827875432525951
0.09,0.3827875432525951
0.1,0.3827875432525951
0.11,0.3827875432525951
0.12,0.3827875432525951
0.13,0.3827875432525951
0.14,0.3827875432525951
0.15,0.3827875432525951
0.16,0.3827875432525951
0.17,0.3827875432525951
0.18,0.3827875432525951
0.19,0.3827875432525951
0.2,0.3827875432525951
0.21,0.3827875432525951
0.22,0.3827875432525951
0.23,0.3827875432525951
0.24,0.3827875432525951
0.25,0.3827875432525951
0.26,0.3827875432525951
0.27,0.3827875432525951
0.28,0.3827875432525951
0.29,0.3827875432525951
0.3,0.3827875432525951
0.31,0.3827875432525951
0.32,0.3827875432525951
0.33,0.3827875432525951
0.34,0.3827875432525951
0.35000000000000003,0.3827875432525951
0.36,0.3827875432525951
0.37,0.3827875432525951
0.38,0.3827875432525951
0.39,0.3827875432525951
0.4,0.3827875432525951
0.41,0.3827875432525951
0.42,0.3827875432525951
0.43,0.3827875432525951
0.44,0.3827875432525951
0.45,0.3827875432525951
0.46,0.3827875432525951
0.47,0.3827875432525951
0.48,0.3827875432525951
0.49,0.3827875432525951
0.5,0.3827875432525951
0.51,0.3827875432525951
0.52,0.3827875432525951
0.53,0.3827875432525951
0.54,0.3827875432525951
0.55,0.3827875432525951
0.56,0.3827875432525951
0.5700000000000001,0.3827875432525951
0.58,0.3827875432525951
0.59,0.3827875432525951
0.6,0.3827875432525951
0.61,0.3827875432525951
0.62,0.3827875432525951
0.63,0.3827875432525951
0.64,0.3827875432525951
0.65,0.3827875432525951
0.66,0.3827875432525951
0.67,0.3827875432525951
0.68,0.3827875432525951
0.6900000000000001,0.3827875432525951
0.7000000000000001,0.3827875432525951
0.71,0.3827875432525951
0.72,0.3827875432525951
0.73,0.3827875432525951
0.74,0.3827875432525951
0.75,0.3827875432525951
0.76,0.3827875432525951
0.77,0.3827875432525951
0.78,0.3827875432525951
0.79,0.3827875432525951
0.8,0.3827875432525951
0.81,0.3827875432525951
0.82,0.3827875432525951
0.83,0.3827875432525951
0.84,0.3827875432525951
0.85,0.3827875432525951
0.86,0.3827875432525951
0.87,0.3827875432525951
0.88,0.3827875432525951
0.89,0.3827875432525951
0.9,0.3827875432525951
0.91,0.3827875432525951
0.92,0.3827875432525951
0.93,0.3827875432525951
0.94,0.3827875432525951
0.95,0.3827875432525951
0.96,0.3827875432525951
0.97,0.3827875432525951
0.98,0.3827875432525951
0.9900000000000002,0.3827875432525951
0.01,0.3878242214532872
0.02,0.3878242214532872
0.03,0.3878242214532872
0.04,0.3878242214532872
0.05,0.3878242214532872
0.06,0.3878242214532872
0.07,0.3878242214532872
0.08,0.3878242214532872
0.09,0.3878242214532872
0.1,0.3878242214532872
0.11,0.3878242214532872
0.12,0.3878242214532872
0.13,0.3878242214532872
0.14,0.3878242214532872
0.15,0.3878242214532872
0.16,0.3878242214532872
0.17,0.3878242214532872
0.18,0.3878242214532872
0.19,0.3878242214532872
0.2,0.3878242214532872
0.21,0.3878242214532872
0.22,0.3878242214532872
0.23,0.3878242214532872
0.24,0.3878242214532872
0.25,0.3878242214532872
0.26,0.3878242214532872
0.27,0.3878242214532872
0.28,0.3878242214532872
0.29,0.3878242214532872
0.3,0.3878242214532872
0.31,0.3878242214532872
0.32,0.3878242214532872
0.33,0.3878242214532872
0.34,0.3878242214532872
0.35000000000000003,0.3878242214532872
0.36,0.3878242214532872
0.37,0.3878242214532872
0.38,0.3878242214532872
0.39,0.3878242214532872
0.4,0.3878242214532872
0.41,0.3878242214532872
0.42,0.3878242214532872
0.43,0.3878242214532872
0.44,0.3878242214532872
0.45,0.3878242214532872
0.46,0.3878242214532872
0.47,0.3878242214532872
0.48,0.3878242214532872
0.49,0.3878242214532872
0.5,0.3878242214532872
0.51,0.3878242214532872
0.52,0.3878242214532872
0.53,0.3878242214532872
0.54,0.3878242214532872
0.55,0.3878242214532872
0.56,0.3878242214532872
0.5700000000000001,0.3878242214532872
0.58,0.3878242214532872
0.59,0.3878242214532872
0.6,0.3878242214532872
0.61,0.3878242214532872
0.62,0.3878242214532872
0.63,0.3878242214532872
0.64,0.3878242214532872
0.65,0.3878242214532872
0.66,0.3878242214532872
0.67,0.3878242214532872
0.68,0.3878242214532872
0.6900000000000001,0.3878242214532872
0.7000000000000001,0.3878242214532872
0.71,0.3878242214532872
0.72,0.3878242214532872
0.73,0.3878242214532872
0.74,0.3878242214532872
0.75,0.3878242214532872
0.76,0.3878242214532872
0.77,0.3878242214532872
0.78,0.3878242214532872
0.79,0.3878242214532872
0.8,0.3878242214532872
0.81,0.3878242214532872
0.82,0.3878242214532872
0.83,0.3878242214532872
0.84,0.3878242214532872
0.85,0.3878242214532872
0.86,0.3878242214532872
0.87,0.3878242214532872
0.88,0.3878242214532872
0.89,0.3878242214532872
0.9,0.3878242214532872
0.91,0.3878242214532872
0.92,0.3878242214532872
0.93,0.3878242214532872
0.94,0.3878242214532872
0.95,0.3878242214532872
0.96,0.3878242214532872
0.97,0.3878242214532872
0.98,0.3878242214532872
0.9900000000000002,0.3878242214532872
0.01,0.3928608996539792
0.02,0.3928608996539792
0.03,0.3928608996539792
0.04,0.3928608996539792
0.05,0.3928608996539792
0.06,0.3928608996539792
0.07,0.3928608996539792
0.08,0.3928608996539792
0.09,0.3928608996539792
0.1,0.3928608996539792
0.11,0.3928608996539792
0.12,0.3928608996539792
0.13,0.3928608996539792
0.14,0.3928608996539792
0.15,0.3928608996539792
0.16,0.3928608996539792
0.17,0.3928608996539792
0.18,0.3928608996539792
0.19,0.3928608996539792
0.2,0.3928608996539792
0.21,0.3928608996539792
0.22,0.3928608996539792
0.23,0.3928608996539792
0.24,0.3928608996539792
0.25,0.3928608996539792
0.26,0.3928608996539792
0.27,0.3928608996539792
0.28,0.3928608996539792
0.29,0.3928608996539792
0.3,0.3928608996539792
0.31,0.3928608996539792
0.32,0.3928608996539792
0.33,0.3928608996539792
0.34,0.3928608996539792
0.35000000000000003,0.3928608996539792
0.36,0.3928608996539792
0.37,0.3928608996539792
0.38,0.3928608996539792
0.39,0.3928608996539792
0.4,0.3928608996539792
0.41,0.3928608996539792
0.42,0.3928608996539792
0.43,0.3928608996539792
0.44,0.3928608996539792
0.45,0.3928608996539792
0.46,0.3928608996539792
0.47,0.3928608996539792
0.48,0.3928608996539792
0.49,0.3928608996539792
0.5,0.3928608996539792
0.51,0.3928608996539792
0.52,0.3928608996539792
0.53,0.3928608996539792
0.54,0.3928608996539792
0.55,0.3928608996539792
0.56,0.3928608996539792
0.5700000000000001,0.3928608996539792
0.58,0.3928608996539792
0.59,0.3928608996539792
0.6,0.3928608996539792
0.61,0.3928608996539792
0.62,0.3928608996539792
0.63,0.3928608996539792
0.64,0.3928608996539792
0.65,0.3928608996539792
0.66,0.3928608996539792
0.67,0.3928608996539792
0.68,0.3928608996539792
0.6900000000000001,0.3928608996539792
0.7000000000000001,0.3928608996539792
0.71,0.3928608996539792
0.72,0.3928608996539792
0.73,0.3928608996539792
0.74,0.3928608996539792
0.75,0.3928608996539792
0.76,0.3928608996539792
0.77,0.3928608996539792
0.78,0.3928608996539792
0.79,0.3928608996539792
0.8,0.3928608996539792
0.81,0.3928608996539792
0.82,0.3928608996539792
0.83,0.3928608996539792
0.84,0.3928608996539792
0.85,0.3928608996539792
0.86,0.3928608996539792
0.87,0.3928608996539792
0.88,0.3928608996539792
0.89,0.3928608996539792
0.9,0.3928608996539792
0.91,0.3928608996539792
0.92,0.3928608996539792
0.93,0.3928608996539792
0.94,0.3928608996539792
0.95,0.3928608996539792
0.96,0.3928608996539792
0.97,0.3928608996539792
0.98,0.3928608996539792
0.9900000000000002,0.3928608996539792
0.01,0.3978975778546713
0.02,0.3978975778546713
0.03,0.3978975778546713
0.04,0.3978975778546713
0.05,0.3978975778546713
0.06,0.3978975778546713
0.07,0.3978975778546713
0.08,0.3978975778546713
0.09,0.3978975778546713
0.1,0.3978975778546713
0.11,0.3978975778546713
0.12,0.3978975778546713
0.13,0.3978975778546713
0.14,0.3978975778546713
0.15,0.3978975778546713
0.16,0.3978975778546713
0.17,0.3978975778546713
0.18,0.3978975778546713
0.19,0.3978975778546713
0.2,0.3978975778546713
0.21,0.3978975778546713
0.22,0.3978975778546713
0.23,0.3978975778546713
0.24,0.3978975778546713
0.25,0.3978975778546713
0.26,0.3978975778546713
0.27,0.3978975778546713
0.28,0.3978975778546713
0.29,0.3978975778546713
0.3,0.3978975778546713
0.31,0.3978975778546713
0.32,0.3978975778546713
0.33,0.3978975778546713
0.34,0.3978975778546713
0.35000000000000003,0.3978975778546713
0.36,0.3978975778546713
0.37,0.3978975778546713
0.38,0.3978975778546713
0.39,0.3978975778546713
0.4,0.3978975778546713
0.41,0.3978975778546713
0.42,0.3978975778546713
0.43,0.3978975778546713
0.44,0.3978975778546713
0.45,0.3978975778546713
0.46,0.3978975778546713
0.47,0.3978975778546713
0.48,0.3978975778546713
0.49,0.3978975778546713
0.5,0.3978975778546713
0.51,0.3978975778546713
0.52,0.3978975778546713
0.53,0.3978975778546713
0.54,0.3978975778546713
0.55,0.3978975778546713
0.56,0.3978975778546713
0.5700000000000001,0.3978975778546713
0.58,0.3978975778546713
0.59,0.3978975778546713
0.6,0.3978975778546713
0.61,0.3978975778546713
0.62,0.3978975778546713
0.63,0.3978975778546713
0.64,0.3978975778546713
0.65,0.3978975778546713
0.66,0.3978975778546713
0.67,0.3978975778546713
0.68,0.3978975778546713
0.6900000000000001,0.3978975778546713
0.7000000000000001,0.3978975778546713
0.71,0.3978975778546713
0.72,0.3978975778546713
0.73,0.3978975778546713
0.74,0.3978975778546713
0.75,0.3978975778546713
0.76,0.3978975778546713
0.77,0.3978975778546713
0.78,0.3978975778546713
0.79,0.3978975778546713
0.8,0.3978975778546713
0.81,0.3978975778546713
0.82,0.3978975778546713
0.83,0.3978975778546713
0.84,0.3978975778546713
0.85,0.3978975778546713
0.86,0.3978975778546713
0.87,0.3978975778546713
0.88,0.3978975778546713
0.89,0.3978975778546713
0.9,0.3978975778546713
0.91,0.3978975778546713
0.92,0.3978975778546713
0.93,0.3978975778546713
0.94,0.3978975778546713
0.95,0.3978975778546713
0.96,0.3978975778546713
0.97,0.3978975778546713
0.98,0.3978975778546713
0.9900000000000002,0.3978975778546713
0.01,0.40293425605536337
0.02,0.40293425605536337
0.03,0.40293425605536337
0.04,0.40293425605536337
0.05,0.40293425605536337
0.06,0.40293425605536337
0.07,0.40293425605536337
0.08,0.40293425605536337
0.09,0.40293425605536337
0.1,0.40293425605536337
0.11,0.40293425605536337
0.12,0.40293425605536337
0.13,0.40293425605536337
0.14,0.40293425605536337
0.15,0.40293425605536337
0.16,0.40293425605536337
0.17,0.40293425605536337
0.18,0.40293425605536337
0.19,0.40293425605536337
0.2,0.40293425605536337
0.21,0.40293425605536337
0.22,0.40293425605536337
0.23,0.40293425605536337
0.24,0.40293425605536337
0.25,0.40293425605536337
0.26,0.40293425605536337
0.27,0.40293425605536337
0.28,0.40293425605536337
0.29,0.40293425605536337
0.3,0.40293425605536337
0.31,0.40293425605536337
0.32,0.40293425605536337
0.33,0.40293425605536337
0.34,0.40293425605536337
0.35000000000000003,0.40293425605536337
0.36,0.40293425605536337
0.37,0.40293425605536337
0.38,0.40293425605536337
0.39,0.40293425605536337
0.4,0.40293425605536337
0.41,0.40293425605536337
0.42,0.40293425605536337
0.43,0.40293425605536337
0.44,0.40293425605536337
0.45,0.40293425605536337
0.46,0.40293425605536337
0.47,0.40293425605536337
0.48,0.40293425605536337
0.49,0.40293425605536337
0.5,0.40293425605536337
0.51,0.40293425605536337
0.52,0.40293425605536337
0.53,0.40293425605536337
0.54,0.40293425605536337
0.55,0.40293425605536337
0.56,0.40293425605536337
0.5700000000000001,0.40293425605536337
0.58,0.40293425605536337
0.59,0.40293425605536337
0.6,0.40293425605536337
0.61,0.40293425605536337
0.62,0.40293425605536337
0.63,0.40293425605536337
0.64,0.40293425605536337
0.65,0.40293425605536337
0.66,0.40293425605536337
0.67,0.40293425605536337
0.68,0.40293425605536337
0.6900000000000001,0.40293425605536337
0.7000000000000001,0.40293425605536337
0.71,0.40293425605536337
0.72,0.40293425605536337
0.73,0.40293425605536337
0.74,0.40293425605536337
0.75,0.40293425605536337
0.76,0.40293425605536337
0.77,0.40293425605536337
0.78,0.40293425605536337
0.79,0.40293425605536337
0.8,0.40293425605536337
0.81,0.40293425605536337
0.82,0.40293425605536337
0.83,0.40293425605536337
0.84,0.40293425605536337
0.85,0.40293425605536337
0.86,0.40293425605536337
0.87,0.40293425605536337
0.88,0.40293425605536337
0.89,0.40293425605536337
0.9,0.40293425605536337
0.91,0.40293425605536337
0.92,0.40293425605536337
0.93,0.40293425605536337
0.94,0.40293425605536337
0.95,0.40293425605536337
0.96,0.40293425605536337
0.97,0.40293425605536337
0.98,0.40293425605536337
0.9900000000000002,0.40293425605536337
0.01,0.40797093425605535
0.02,0.40797093425605535
0.03,0.40797093425605535
0.04,0.40797093425605535
0.05,0.40797093425605535
0.06,0.40797093425605535
0.07,0.40797093425605535
0.08,0.40797093425605535
0.09,0.40797093425605535
0.1,0.40797093425605535
0.11,0.40797093425605535
0.12,0.40797093425605535
0.13,0.40797093425605535
0.14,0.40797093425605535
0.15,0.40797093425605535
0.16,0.40797093425605535
0.17,0.40797093425605535
0.18,0.40797093425605535
0.19,0.40797093425605535
0.2,0.40797093425605535
0.21,0.40797093425605535
0.22,0.40797093425605535
0.23,0.40797093425605535
0.24,0.40797093425605535
0.25,0.40797093425605535
0.26,0.40797093425605535
0.27,0.40797093425605535
0.28,0.40797093425605535
0.29,0.40797093425605535
0.3,0.40797093425605535
0.31,0.40797093425605535
0.32,0.40797093425605535
0.33,0.40797093425605535
0.34,0.40797093425605535
0.35000000000000003,0.40797093425605535
0.36,0.40797093425605535
0.37,0.40797093425605535
0.38,0.40797093425605535
0.39,0.40797093425605535
0.4,0.40797093425605535
0.41,0.40797093425605535
0.42,0.40797093425605535
0.43,0.40797093425605535
0.44,0.40797093425605535
0.45,0.40797093425605535
0.46,0.40797093425605535
0.47,0.40797093425605535
0.48,0.40797093425605535
0.49,0.40797093425605535
0.5,0.40797093425605535
0.51,0.40797093425605535
0.52,0.40797093425605535
0.53,0.40797093425605535
0.54,0.40797093425605535
0.55,0.40797093425605535
0.56,0.40797093425605535
0.5700000000000001,0.40797093425605535
0.58,0.40797093425605535
0.59,0.40797093425605535
0.6,0.40797093425605535
0.61,0.40797093425605535
0.62,0.40797093425605535
0.63,0.40797093425605535
0.64,0.40797093425605535
0.65,0.40797093425605535
0.66,0.40797093425605535
0.67,0.40797093425605535
0.68,0.40797093425605535
0.6900000000000001,0.40797093425605535
0.7000000000000001,0.40797093425605535
0.71,0.40797093425605535
0.72,0.40797093425605535
0.73,0.40797093425605535
0.74,0.40797093425605535
0.75,0.40797093425605535
0.76,0.40797093425605535
0.77,0.40797093425605535
0.78,0.40797093425605535
0.79,0.40797093425605535
0.8,0.40797093425605535
0.81,0.40797093425605535
0.82,0.40797093425605535
0.83,0.40797093425605535
0.84,0.40797093425605535
0.85,0.40797093425605535
0.86,0.40797093425605535
0.87,0.40797093425605535
0.88,0.40797093425605535
0.89,0.40797093425605535
0.9,0.40797093425605535
0.91,0.40797093425605535
0.92,0.40797093425605535
0.93,0.40797093425605535
0.94,0.40797093425605535
0.95,0.40797093425605535
0.96,0.40797093425605535
0.97,0.40797093425605535
0.98,0.40797093425605535
0.9900000000000002,0.40797093425605535
0.01,0.4130076124567474
0.02,0.4130076124567474
0.03,0.4130076124567474
0.04,0.4130076124567474
0.05,0.4130076124567474
0.06,0.4130076124567474
0.07,0.4130076124567474
0.08,0.4130076124567474
0.09,0.4130076124567474
0.1,0.4130076124567474
0.11,0.4130076124567474
0.12,0.4130076124567474
0.13,0.4130076124567474
0.14,0.4130076124567474
0.15,0.4130076124567474
0.16,0.4130076124567474
0.17,0.4130076124567474
0.18,0.4130076124567474
0.19,0.4130076124567474
0.2,0.4130076124567474
0.21,0.4130076124567474
0.22,0.4130076124567474
0.23,0.4130076124567474
0.24,0.4130076124567474
0.25,0.4130076124567474
0.26,0.4130076124567474
0.27,0.4130076124567474
0.28,0.4130076124567474
0.29,0.4130076124567474
0.3,0.4130076124567474
0.31,0.4130076124567474
0.32,0.4130076124567474
0.33,0.4130076124567474
0.34,0.4130076124567474
0.35000000000000003,0.4130076124567474
0.36,0.4130076124567474
0.37,0.4130076124567474
0.38,0.4130076124567474
0.39,0.4130076124567474
0.4,0.4130076124567474
0.41,0.4130076124567474
0.42,0.4130076124567474
0.43,0.4130076124567474
0.44,0.4130076124567474
0.45,0.4130076124567474
0.46,0.4130076124567474
0.47,0.4130076124567474
0.48,0.4130076124567474
0.49,0.4130076124567474
0.5,0.4130076124567474
0.51,0.4130076124567474
0.52,0.4130076124567474
0.53,0.4130076124567474
0.54,0.4130076124567474
0.55,0.4130076124567474
0.56,0.4130076124567474
0.5700000000000001,0.4130076124567474
0.58,0.4130076124567474
0.59,0.4130076124567474
0.6,0.4130076124567474
0.61,0.4130076124567474
0.62,0.4130076124567474
0.63,0.4130076124567474
0.64,0.4130076124567474
0.65,0.4130076124567474
0.66,0.4130076124567474
0.67,0.4130076124567474
0.68,0.4130076124567474
0.6900000000000001,0.4130076124567474
0.7000000000000001,0.4130076124567474
0.71,0.4130076124567474
0.72,0.4130076124567474
0.73,0.4130076124567474
0.74,0.4130076124567474
0.75,0.4130076124567474
0.76,0.4130076124567474
0.77,0.4130076124567474
0.78,0.4130076124567474
0.79,0.4130076124567474
0.8,0.4130076124567474
0.81,0.4130076124567474
0.82,0.4130076124567474
0.83,0.4130076124567474
0.84,0.4130076124567474
0.85,0.4130076124567474
0.86,0.4130076124567474
0.87,0.4130076124567474
0.88,0.4130076124567474
0.89,0.4130076124567474
0.9,0.4130076124567474
0.91,0.4130076124567474
0.92,0.4130076124567474
0.93,0.4130076124567474
0.94,0.4130076124567474
0.95,0.4130076124567474
0.96,0.4130076124567474
0.97,0.4130076124567474
0.98,0.4130076124567474
0.9900000000000002,0.4130076124567474
0.01,0.4180442906574394
0.02,0.4180442906574394
0.03,0.4180442906574394
0.04,0.4180442906574394
0.05,0.4180442906574394
0.06,0.4180442906574394
0.07,0.4180442906574394
0.08,0.4180442906574394
0.09,0.4180442906574394
0.1,0.4180442906574394
0.11,0.4180442906574394
0.12,0.4180442906574394
0.13,0.4180442906574394
0.14,0.4180442906574394
0.15,0.4180442906574394
0.16,0.4180442906574394
0.17,0.4180442906574394
0.18,0.4180442906574394
0.19,0.4180442906574394
0.2,0.4180442906574394
0.21,0.4180442906574394
0.22,0.4180442906574394
0.23,0.4180442906574394
0.24,0.4180442906574394
0.25,0.4180442906574394
0.26,0.4180442906574394
0.27,0.4180442906574394
0.28,0.4180442906574394
0.29,0.4180442906574394
0.3,0.4180442906574394
0.31,0.4180442906574394
0.32,0.4180442906574394
0.33,0.4180442906574394
0.34,0.4180442906574394
0.35000000000000003,0.4180442906574394
0.36,0.4180442906574394
0.37,0.4180442906574394
0.38,0.4180442906574394
0.39,0.4180442906574394
0.4,0.4180442906574394
0.41,0.4180442906574394
0.42,0.4180442906574394
0.43,0.4180442906574394
0.44,0.4180442906574394
0.45,0.4180442906574394
0.46,0.4180442906574394
0.47,0.4180442906574394
0.48,0.4180442906574394
0.49,0.4180442906574394
0.5,0.4180442906574394
0.51,0.4180442906574394
0.52,0.4180442906574394
0.53,0.4180442906574394
0.54,0.4180442906574394
0.55,0.4180442906574394
0.56,0.4180442906574394
0.5700000000000001,0.4180442906574394
0.58,0.4180442906574394
0.59,0.4180442906574394
0.6,0.4180442906574394
0.61,0.4180442906574394
0.62,0.4180442906574394
0.63,0.4180442906574394
0.64,0.4180442906574394
0.65,0.4180442906574394
0.66,0.4180442906574394
0.67,0.4180442906574394
0.68,0.4180442906574394
0.6900000000000001,0.4180442906574394
0.7000000000000001,0.4180442906574394
0.71,0.4180442906574394
0.72,0.4180442906574394
0.73,0.4180442906574394
0.74,0.4180442906574394
0.75,0.4180442906574394
0.76,0.4180442906574394
0.77,0.4180442906574394
0.78,0.4180442906574394
0.79,0.4180442906574394
0.8,0.4180442906574394
0.81,0.4180442906574394
0.82,0.4180442906574394
0.83,0.4180442906574394
0.84,0.4180442906574394
0.85,0.4180442906574394
0.86,0.4180442906574394
0.87,0.4180442906574394
0.88,0.4180442906574394
0.89,0.4180442906574394
0.9,0.4180442906574394
0.91,0.4180442906574394
0.92,0.4180442906574394
0.93,0.4180442906574394
0.94,0.4180442906574394
0.95,0.4180442906574394
0.96,0.4180442906574394
0.97,0.4180442906574394
0.98,0.4180442906574394
0.9900000000000002,0.4180442906574394
0.01,0.4230809688581315
0.02,0.4230809688581315
0.03,0.4230809688581315
0.04,0.4230809688581315
0.05,0.4230809688581315
0.06,0.4230809688581315
0.07,0.4230809688581315
0.08,0.4230809688581315
0.09,0.4230809688581315
0.1,0.4230809688581315
0.11,0.4230809688581315
0.12,0.4230809688581315
0.13,0.4230809688581315
0.14,0.4230809688581315
0.15,0.4230809688581315
0.16,0.4230809688581315
0.17,0.4230809688581315
0.18,0.4230809688581315
0.19,0.4230809688581315
0.2,0.4230809688581315
0.21,0.4230809688581315
0.22,0.4230809688581315
0.23,0.4230809688581315
0.24,0.4230809688581315
0.25,0.4230809688581315
0.26,0.4230809688581315
0.27,0.4230809688581315
0.28,0.4230809688581315
0.29,0.4230809688581315
0.3,0.4230809688581315
0.31,0.4230809688581315
0.32,0.4230809688581315
0.33,0.4230809688581315
0.34,0.4230809688581315
0.35000000000000003,0.4230809688581315
0.36,0.4230809688581315
0.37,0.4230809688581315
0.38,0.4230809688581315
0.39,0.4230809688581315
0.4,0.4230809688581315
0.41,0.4230809688581315
0.42,0.4230809688581315
0.43,0.4230809688581315
0.44,0.4230809688581315
0.45,0.4230809688581315
0.46,0.4230809688581315
0.47,0.4230809688581315
0.48,0.4230809688581315
0.49,0.4230809688581315
0.5,0.4230809688581315
0.51,0.4230809688581315
0.52,0.4230809688581315
0.53,0.4230809688581315
0.54,0.4230809688581315
0.55,0.4230809688581315
0.56,0.4230809688581315
0.5700000000000001,0.4230809688581315
0.58,0.4230809688581315
0.59,0.4230809688581315
0.6,0.4230809688581315
0.61,0.4230809688581315
0.62,0.4230809688581315
0.63,0.4230809688581315
0.64,0.4230809688581315
0.65,0.4230809688581315
0.66,0.4230809688581315
0.67,0.4230809688581315
0.68,0.4230809688581315
0.6900000000000001,0.4230809688581315
0.7000000000000001,0.4230809688581315
0.71,0.4230809688581315
0.72,0.4230809688581315
0.73,0.4230809688581315
0.74,0.4230809688581315
0.75,0.4230809688581315
0.76,0.4230809688581315
0.77,0.4230809688581315
0.78,0.4230809688581315
0.79,0.4230809688581315
0.8,0.4230809688581315
0.81,0.4230809688581315
0.82,0.4230809688581315
0.83,0.4230809688581315
0.84,0.4230809688581315
0.85,0.4230809688581315
0.86,0.4230809688581315
0.87,0.4230809688581315
0.88,0.4230809688581315
0.89,0.4230809688581315
0.9,0.4230809688581315
0.91,0.4230809688581315
0.92,0.4230809688581315
0.93,0.4230809688581315
0.94,0.4230809688581315
0.95,0.4230809688581315
0.96,0.4230809688581315
0.97,0.4230809688581315
0.98,0.4230809688581315
0.9900000000000002,0.4230809688581315
0.01,0.42811764705882355
0.02,0.42811764705882355
0.03,0.42811764705882355
0.04,0.42811764705882355
0.05,0.42811764705882355
0.06,0.42811764705882355
0.07,0.42811764705882355
0.08,0.42811764705882355
0.09,0.42811764705882355
0.1,0.42811764705882355
0.11,0.42811764705882355
0.12,0.42811764705882355
0.13,0.42811764705882355
0.14,0.42811764705882355
0.15,0.42811764705882355
0.16,0.42811764705882355
0.17,0.42811764705882355
0.18,0.42811764705882355
0.19,0.42811764705882355
0.2,0.42811764705882355
0.21,0.42811764705882355
0.22,0.42811764705882355
0.23,0.42811764705882355
0.24,0.42811764705882355
0.25,0.42811764705882355
0.26,0.42811764705882355
0.27,0.42811764705882355
0.28,0.42811764705882355
0.29,0.42811764705882355
0.3,0.42811764705882355
0.31,0.42811764705882355
0.32,0.42811764705882355
0.33,0.42811764705882355
0.34,0.42811764705882355
0.35000000000000003,0.42811764705882355
0.36,0.42811764705882355
0.37,0.42811764705882355
0.38,0.42811764705882355
0.39,0.42811764705882355
0.4,0.42811764705882355
0.41,0.42811764705882355
0.42,0.42811764705882355
0.43,0.42811764705882355
0.44,0.42811764705882355
0.45,0.42811764705882355
0.46,0.42811764705882355
0.47,0.42811764705882355
0.48,0.42811764705882355
0.49,0.42811764705882355
0.5,0.42811764705882355
0.51,0.42811764705882355
0.52,0.42811764705882355
0.53,0.42811764705882355
0.54,0.42811764705882355
0.55,0.42811764705882355
0.56,0.42811764705882355
0.5700000000000001,0.42811764705882355
0.58,0.42811764705882355
0.59,0.42811764705882355
0.6,0.42811764705882355
0.61,0.42811764705882355
0.62,0.42811764705882355
0.63,0.42811764705882355
0.64,0.42811764705882355
0.65,0.42811764705882355
0.66,0.42811764705882355
0.67,0.42811764705882355
0.68,0.42811764705882355
0.6900000000000001,0.42811764705882355
0.7000000000000001,0.42811764705882355
0.71,0.42811764705882355
0.72,0.42811764705882355
0.73,0.42811764705882355
0.74,0.42811764705882355
0.75,0.42811764705882355
0.76,0.42811764705882355
0.77,0.42811764705882355
0.78,0.42811764705882355
0.79,0.42811764705882355
0.8,0.42811764705882355
0.81,0.42811764705882355
0.82,0.42811764705882355
0.83,0.42811764705882355
0.84,0.42811764705882355
0.85,0.42811764705882355
0.86,0.42811764705882355
0.87,0.42811764705882355
0.88,0.42811764705882355
0.89,0.42811764705882355
0.9,0.42811764705882355
0.91,0.42811764705882355
0.92,0.42811764705882355
0.93,0.42811764705882355
0.94,0.42811764705882355
0.95,0.42811764705882355
0.96,0.42811764705882355
0.97,0.42811764705882355
0.98,0.42811764705882355
0.9900000000000002,0.42811764705882355
0.01,0.4331543252595156
0.02,0.4331543252595156
0.03,0.4331543252595156
0.04,0.4331543252595156
0.05,0.4331543252595156
0.06,0.4331543252595156
0.07,0.4331543252595156
0.08,0.4331543252595156
0.09,0.4331543252595156
0.1,0.4331543252595156
0.11,0.4331543252595156
0.12,0.4331543252595156
0.13,0.4331543252595156
0.14,0.4331543252595156
0.15,0.4331543252595156
0.16,0.4331543252595156
0.17,0.4331543252595156
0.18,0.4331543252595156
0.19,0.4331543252595156
0.2,0.4331543252595156
0.21,0.4331543252595156
0.22,0.4331543252595156
0.23,0.4331543252595156
0.24,0.4331543252595156
0.25,0.4331543252595156
0.26,0.4331543252595156
0.27,0.4331543252595156
0.28,0.4331543252595156
0.29,0.4331543252595156
0.3,0.4331543252595156
0.31,0.4331543252595156
0.32,0.4331543252595156
0.33,0.4331543252595156
0.34,0.4331543252595156
0.35000000000000003,0.4331543252595156
0.36,0.4331543252595156
0.37,0.4331543252595156
0.38,0.4331543252595156
0.39,0.4331543252595156
0.4,0.4331543252595156
0.41,0.4331543252595156
0.42,0.4331543252595156
0.43,0.4331543252595156
0.44,0.4331543252595156
0.45,0.4331543252595156
0.46,0.4331543252595156
0.47,0.4331543252595156
0.48,0.4331543252595156
0.49,0.4331543252595156
0.5,0.4331543252595156
0.51,0.4331543252595156
0.52,0.4331543252595156
0.53,0.4331543252595156
0.54,0.4331543252595156
0.55,0.4331543252595156
0.56,0.4331543252595156
0.5700000000000001,0.4331543252595156
0.58,0.4331543252595156
0.59,0.4331543252595156
0.6,0.4331543252595156
0.61,0.4331543252595156
0.62,0.4331543252595156
0.63,0.4331543252595156
0.64,0.4331543252595156
0.65,0.4331543252595156
0.66,0.4331543252595156
0.67,0.4331543252595156
0.68,0.4331543252595156
0.6900000000000001,0.4331543252595156
0.7000000000000001,0.4331543252595156
0.71,0.4331543252595156
0.72,0.4331543252595156
0.73,0.4331543252595156
0.74,0.4331543252595156
0.75,0.4331543252595156
0.76,0.4331543252595156
0.77,0.4331543252595156
0.78,0.4331543252595156
0.79,0.4331543252595156
0.8,0.4331543252595156
0.81,0.4331543252595156
0.82,0.4331543252595156
0.83,0.4331543252595156
0.84,0.4331543252595156
0.85,0.4331543252595156
0.86,0.4331543252595156
0.87,0.4331543252595156
0.88,0.4331543252595156
0.89,0.4331543252595156
0.9,0.4331543252595156
0.91,0.4331543252595156
0.92,0.4331543252595156
0.93,0.4331543252595156
0.94,0.4331543252595156
0.95,0.4331543252595156
0.96,0.4331543252595156
0.97,0.4331543252595156
0.98,0.4331543252595156
0.9900000000000002,0.4331543252595156
0.01,0.4381910034602076
0.02,0.4381910034602076
0.03,0.4381910034602076
0.04,0.4381910034602076
0.05,0.4381910034602076
0.06,0.4381910034602076
0.07,0.4381910034602076
0.08,0.4381910034602076
0.09,0.4381910034602076
0.1,0.4381910034602076
0.11,0.4381910034602076
0.12,0.4381910034602076
0.13,0.4381910034602076
0.14,0.4381910034602076
0.15,0.4381910034602076
0.16,0.4381910034602076
0.17,0.4381910034602076
0.18,0.4381910034602076
0.19,0.4381910034602076
0.2,0.4381910034602076
0.21,0.4381910034602076
0.22,0.4381910034602076
0.23,0.4381910034602076
0.24,0.4381910034602076
0.25,0.4381910034602076
0.26,0.4381910034602076
0.27,0.4381910034602076
0.28,0.4381910034602076
0.29,0.4381910034602076
0.3,0.4381910034602076
0.31,0.4381910034602076
0.32,0.4381910034602076
0.33,0.4381910034602076
0.34,0.4381910034602076
0.35000000000000003,0.4381910034602076
0.36,0.4381910034602076
0.37,0.4381910034602076
0.38,0.4381910034602076
0.39,0.4381910034602076
0.4,0.4381910034602076
0.41,0.4381910034602076
0.42,0.4381910034602076
0.43,0.4381910034602076
0.44,0.4381910034602076
0.45,0.4381910034602076
0.46,0.4381910034602076
0.47,0.4381910034602076
0.48,0.4381910034602076
0.49,0.4381910034602076
0.5,0.4381910034602076
0.51,0.4381910034602076
0.52,0.4381910034602076
0.53,0.4381910034602076
0.54,0.4381910034602076
0.55,0.4381910034602076
0.56,0.4381910034602076
0.5700000000000001,0.4381910034602076
0.58,0.4381910034602076
0.59,0.4381910034602076
0.6,0.4381910034602076
0.61,0.4381910034602076
0.62,0.4381910034602076
0.63,0.4381910034602076
0.64,0.4381910034602076
0.65,0.4381910034602076
0.66,0.4381910034602076
0.67,0.4381910034602076
0.68,0.4381910034602076
0.6900000000000001,0.4381910034602076
0.7000000000000001,0.4381910034602076
0.71,0.4381910034602076
0.72,0.4381910034602076
0.73,0.4381910034602076
0.74,0.4381910034602076
0.75,0.4381910034602076
0.76,0.4381910034602076
0.77,0.4381910034602076
0.78,0.4381910034602076
0.79,0.4381910034602076
0.8,0.4381910034602076
0.81,0.4381910034602076
0.82,0.4381910034602076
0.83,0.4381910034602076
0.84,0.4381910034602076
0.85,0.4381910034602076
0.86,0.4381910034602076
0.87,0.4381910034602076
0.88,0.4381910034602076
0.89,0.4381910034602076
0.9,0.4381910034602076
0.91,0.4381910034602076
0.92,0.4381910034602076
0.93,0.4381910034602076
0.94,0.4381910034602076
0.95,0.4381910034602076
0.96,0.4381910034602076
0.97,0.4381910034602076
0.98,0.4381910034602076
0.9900000000000002,0.4381910034602076
0.01,0.4432276816608996
0.02,0.4432276816608996
0.03,0.4432276816608996
0.04,0.4432276816608996
0.05,0.4432276816608996
0.06,0.4432276816608996
0.07,0.4432276816608996
0.08,0.4432276816608996
0.09,0.4432276816608996
0.1,0.4432276816608996
0.11,0.4432276816608996
0.12,0.4432276816608996
0.13,0.4432276816608996
0.14,0.4432276816608996
0.15,0.4432276816608996
0.16,0.4432276816608996
0.17,0.4432276816608996
0.18,0.4432276816608996
0.19,0.4432276816608996
0.2,0.4432276816608996
0.21,0.4432276816608996
0.22,0.4432276816608996
0.23,0.4432276816608996
0.24,0.4432276816608996
0.25,0.4432276816608996
0.26,0.4432276816608996
0.27,0.4432276816608996
0.28,0.4432276816608996
0.29,0.4432276816608996
0.3,0.4432276816608996
0.31,0.4432276816608996
0.32,0.4432276816608996
0.33,0.4432276816608996
0.34,0.4432276816608996
0.35000000000000003,0.4432276816608996
0.36,0.4432276816608996
0.37,0.4432276816608996
0.38,0.4432276816608996
0.39,0.4432276816608996
0.4,0.4432276816608996
0.41,0.4432276816608996
0.42,0.4432276816608996
0.43,0.4432276816608996
0.44,0.4432276816608996
0.45,0.4432276816608996
0.46,0.4432276816608996
0.47,0.4432276816608996
0.48,0.4432276816608996
0.49,0.4432276816608996
0.5,0.4432276816608996
0.51,0.4432276816608996
0.52,0.4432276816608996
0.53,0.4432276816608996
0.54,0.4432276816608996
0.55,0.4432276816608996
0.56,0.4432276816608996
0.5700000000000001,0.4432276816608996
0.58,0.4432276816608996
0.59,0.4432276816608996
0.6,0.4432276816608996
0.61,0.4432276816608996
0.62,0.4432276816608996
0.63,0.4432276816608996
0.64,0.4432276816608996
0.65,0.4432276816608996
0.66,0.4432276816608996
0.67,0.4432276816608996
0.68,0.4432276816608996
0.6900000000000001,0.4432276816608996
0.7000000000000001,0.4432276816608996
0.71,0.4432276816608996
0.72,0.4432276816608996
0.73,0.4432276816608996
0.74,0.4432276816608996
0.75,0.4432276816608996
0.76,0.4432276816608996
0.77,0.4432276816608996
0.78,0.4432276816608996
0.79,0.4432276816608996
0.8,0.4432276816608996
0.81,0.4432276816608996
0.82,0.4432276816608996
0.83,0.4432276816608996
0.84,0.4432276816608996
0.85,0.4432276816608996
0.86,0.4432276816608996
0.87,0.4432276816608996
0.88,0.4432276816608996
0.89,0.4432276816608996
0.9,0.4432276816608996
0.91,0.4432276816608996
0.92,0.4432276816608996
0.93,0.4432276816608996
0.94,0.4432276816608996
0.95,0.4432276816608996
0.96,0.4432276816608996
0.97,0.4432276816608996
0.98,0.4432276816608996
0.9900000000000002,0.4432276816608996
0.01,0.4482643598615917
0.02,0.4482643598615917
0.03,0.4482643598615917
0.04,0.4482643598615917
0.05,0.4482643598615917
0.06,0.4482643598615917
0.07,0.4482643598615917
0.08,0.4482643598615917
0.09,0.4482643598615917
0.1,0.4482643598615917
0.11,0.4482643598615917
0.12,0.4482643598615917
0.13,0.4482643598615917
0.14,0.4482643598615917
0.15,0.4482643598615917
0.16,0.4482643598615917
0.17,0.4482643598615917
0.18,0.4482643598615917
0.19,0.4482643598615917
0.2,0.4482643598615917
0.21,0.4482643598615917
0.22,0.4482643598615917
0.23,0.4482643598615917
0.24,0.4482643598615917
0.25,0.4482643598615917
0.26,0.4482643598615917
0.27,0.4482643598615917
0.28,0.4482643598615917
0.29,0.4482643598615917
0.3,0.4482643598615917
0.31,0.4482643598615917
0.32,0.4482643598615917
0.33,0.4482643598615917
0.34,0.4482643598615917
0.35000000000000003,0.4482643598615917
0.36,0.4482643598615917
0.37,0.4482643598615917
0.38,0.4482643598615917
0.39,0.4482643598615917
0.4,0.4482643598615917
0.41,0.4482643598615917
0.42,0.4482643598615917
0.43,0.4482643598615917
0.44,0.4482643598615917
0.45,0.4482643598615917
0.46,0.4482643598615917
0.47,0.4482643598615917
0.48,0.4482643598615917
0.49,0.4482643598615917
0.5,0.4482643598615917
0.51,0.4482643598615917
0.52,0.4482643598615917
0.53,0.4482643598615917
0.54,0.4482643598615917
0.55,0.4482643598615917
0.56,0.4482643598615917
0.5700000000000001,0.4482643598615917
0.58,0.4482643598615917
0.59,0.4482643598615917
0.6,0.4482643598615917
0.61,0.4482643598615917
0.62,0.4482643598615917
0.63,0.4482643598615917
0.64,0.4482643598615917
0.65,0.4482643598615917
0.66,0.4482643598615917
0.67,0.4482643598615917
0.68,0.4482643598615917
0.6900000000000001,0.4482643598615917
0.7000000000000001,0.4482643598615917
0.71,0.4482643598615917
0.72,0.4482643598615917
0.73,0.4482643598615917
0.74,0.4482643598615917
0.75,0.4482643598615917
0.76,0.4482643598615917
0.77,0.4482643598615917
0.78,0.4482643598615917
0.79,0.4482643598615917
0.8,0.4482643598615917
0.81,0.4482643598615917
0.82,0.4482643598615917
0.83,0.4482643598615917
0.84,0.4482643598615917
0.85,0.4482643598615917
0.86,0.4482643598615917
0.87,0.4482643598615917
0.88,0.4482643598615917
0.89,0.4482643598615917
0.9,0.4482643598615917
0.91,0.4482643598615917
0.92,0.4482643598615917
0.93,0.4482643598615917
0.94,0.4482643598615917
0.95,0.4482643598615917
0.96,0.4482643598615917
0.97,0.4482643598615917
0.98,0.4482643598615917
0.9900000000000002,0.4482643598615917
0.01,0.45330103806228367
0.02,0.45330103806228367
0.03,0.45330103806228367
0.04,0.45330103806228367
0.05,0.45330103806228367
0.06,0.45330103806228367
0.07,0.45330103806228367
0.08,0.45330103806228367
0.09,0.45330103806228367
0.1,0.45330103806228367
0.11,0.45330103806228367
0.12,0.45330103806228367
0.13,0.45330103806228367
0.14,0.45330103806228367
0.15,0.45330103806228367
0.16,0.45330103806228367
0.17,0.45330103806228367
0.18,0.45330103806228367
0.19,0.45330103806228367
0.2,0.45330103806228367
0.21,0.45330103806228367
0.22,0.45330103806228367
0.23,0.45330103806228367
0.24,0.45330103806228367
0.25,0.45330103806228367
0.26,0.45330103806228367
0.27,0.45330103806228367
0.28,0.45330103806228367
0.29,0.45330103806228367
0.3,0.45330103806228367
0.31,0.45330103806228367
0.32,0.45330103806228367
0.33,0.45330103806228367
0.34,0.45330103806228367
0.35000000000000003,0.45330103806228367
0.36,0.45330103806228367
0.37,0.45330103806228367
0.38,0.45330103806228367
0.39,0.45330103806228367
0.4,0.45330103806228367
0.41,0.45330103806228367
0.42,0.45330103806228367
0.43,0.45330103806228367
0.44,0.45330103806228367
0.45,0.45330103806228367
0.46,0.45330103806228367
0.47,0.45330103806228367
0.48,0.45330103806228367
0.49,0.45330103806228367
0.5,0.45330103806228367
0.51,0.45330103806228367
0.52,0.45330103806228367
0.53,0.45330103806228367
0.54,0.45330103806228367
0.55,0.45330103806228367
0.56,0.45330103806228367
0.5700000000000001,0.45330103806228367
0.58,0.45330103806228367
0.59,0.45330103806228367
0.6,0.45330103806228367
0.61,0.45330103806228367
0.62,0.45330103806228367
0.63,0.45330103806228367
0.64,0.45330103806228367
0.65,0.45330103806228367
0.66,0.45330103806228367
0.67,0.45330103806228367
0.68,0.45330103806228367
0.6900000000000001,0.45330103806228367
0.7000000000000001,0.45330103806228367
0.71,0.45330103806228367
0.72,0.45330103806228367
0.73,0.45330103806228367
0.74,0.45330103806228367
0.75,0.45330103806228367
0.76,0.45330103806228367
0.77,0.45330103806228367
0.78,0.45330103806228367
0.79,0.45330103806228367
0.8,0.45330103806228367
0.81,0.45330103806228367
0.82,0.45330103806228367
0.83,0.45330103806228367
0.84,0.45330103806228367
0.85,0.45330103806228367
0.86,0.45330103806228367
0.87,0.45330103806228367
0.88,0.45330103806228367
0.89,0.45330103806228367
0.9,0.45330103806228367
0.91,0.45330103806228367
0.92,0.45330103806228367
0.93,0.45330103806228367
0.94,0.45330103806228367
0.95,0.45330103806228367
0.96,0.45330103806228367
0.97,0.45330103806228367
0.98,0.45330103806228367
0.9900000000000002,0.45330103806228367
0.01,0.4583377162629758
0.02,0.4583377162629758
0.03,0.4583377162629758
0.04,0.4583377162629758
0.05,0.4583377162629758
0.06,0.4583377162629758
0.07,0.4583377162629758
0.08,0.4583377162629758
0.09,0.4583377162629758
0.1,0.4583377162629758
0.11,0.4583377162629758
0.12,0.4583377162629758
0.13,0.4583377162629758
0.14,0.4583377162629758
0.15,0.4583377162629758
0.16,0.4583377162629758
0.17,0.4583377162629758
0.18,0.4583377162629758
0.19,0.4583377162629758
0.2,0.4583377162629758
0.21,0.4583377162629758
0.22,0.4583377162629758
0.23,0.4583377162629758
0.24,0.4583377162629758
0.25,0.4583377162629758
0.26,0.4583377162629758
0.27,0.4583377162629758
0.28,0.4583377162629758
0.29,0.4583377162629758
0.3,0.4583377162629758
0.31,0.4583377162629758
0.32,0.4583377162629758
0.33,0.4583377162629758
0.34,0.4583377162629758
0.35000000000000003,0.4583377162629758
0.36,0.4583377162629758
0.37,0.4583377162629758
0.38,0.4583377162629758
0.39,0.4583377162629758
0.4,0.4583377162629758
0.41,0.4583377162629758
0.42,0.4583377162629758
0.43,0.4583377162629758
0.44,0.4583377162629758
0.45,0.4583377162629758
0.46,0.4583377162629758
0.47,0.4583377162629758
0.48,0.4583377162629758
0.49,0.4583377162629758
0.5,0.4583377162629758
0.51,0.4583377162629758
0.52,0.4583377162629758
0.53,0.4583377162629758
0.54,0.4583377162629758
0.55,0.4583377162629758
0.56,0.4583377162629758
0.5700000000000001,0.4583377162629758
0.58,0.4583377162629758
0.59,0.4583377162629758
0.6,0.4583377162629758
0.61,0.4583377162629758
0.62,0.4583377162629758
0.63,0.4583377162629758
0.64,0.4583377162629758
0.65,0.4583377162629758
0.66,0.4583377162629758
0.67,0.4583377162629758
0.68,0.4583377162629758
0.6900000000000001,0.4583377162629758
0.7000000000000001,0.4583377162629758
0.71,0.4583377162629758
0.72,0.4583377162629758
0.73,0.4583377162629758
0.74,0.4583377162629758
0.75,0.4583377162629758
0.76,0.4583377162629758
0.77,0.4583377162629758
0.78,0.4583377162629758
0.79,0.4583377162629758
0.8,0.4583377162629758
0.81,0.4583377162629758
0.82,0.4583377162629758
0.83,0.4583377162629758
0.84,0.4583377162629758
0.85,0.4583377162629758
0.86,0.4583377162629758
0.87,0.4583377162629758
0.88,0.4583377162629758
0.89,0.4583377162629758
0.9,0.4583377162629758
0.91,0.4583377162629758
0.92,0.4583377162629758
0.93,0.4583377162629758
0.94,0.4583377162629758
0.95,0.4583377162629758
0.96,0.4583377162629758
0.97,0.4583377162629758
0.98,0.4583377162629758
0.9900000000000002,0.4583377162629758
0.01,0.46337439446366774
0.02,0.46337439446366774
0.03,0.46337439446366774
0.04,0.46337439446366774
0.05,0.46337439446366774
0.06,0.46337439446366774
0.07,0.46337439446366774
0.08,0.46337439446366774
0.09,0.46337439446366774
0.1,0.46337439446366774
0.11,0.46337439446366774
0.12,0.46337439446366774
0.13,0.46337439446366774
0.14,0.46337439446366774
0.15,0.46337439446366774
0.16,0.46337439446366774
0.17,0.46337439446366774
0.18,0.46337439446366774
0.19,0.46337439446366774
0.2,0.46337439446366774
0.21,0.46337439446366774
0.22,0.46337439446366774
0.23,0.46337439446366774
0.24,0.46337439446366774
0.25,0.46337439446366774
0.26,0.46337439446366774
0.27,0.46337439446366774
0.28,0.46337439446366774
0.29,0.46337439446366774
0.3,0.46337439446366774
0.31,0.46337439446366774
0.32,0.46337439446366774
0.33,0.46337439446366774
0.34,0.46337439446366774
0.35000000000000003,0.46337439446366774
0.36,0.46337439446366774
0.37,0.46337439446366774
0.38,0.46337439446366774
0.39,0.46337439446366774
0.4,0.46337439446366774
0.41,0.46337439446366774
0.42,0.46337439446366774
0.43,0.46337439446366774
0.44,0.46337439446366774
0.45,0.46337439446366774
0.46,0.46337439446366774
0.47,0.46337439446366774
0.48,0.46337439446366774
0.49,0.46337439446366774
0.5,0.46337439446366774
0.51,0.46337439446366774
0.52,0.46337439446366774
0.53,0.46337439446366774
0.54,0.46337439446366774
0.55,0.46337439446366774
0.56,0.46337439446366774
0.5700000000000001,0.46337439446366774
0.58,0.46337439446366774
0.59,0.46337439446366774
0.6,0.46337439446366774
0.61,0.46337439446366774
0.62,0.46337439446366774
0.63,0.46337439446366774
0.64,0.46337439446366774
0.65,0.46337439446366774
0.66,0.46337439446366774
0.67,0.46337439446366774
0.68,0.46337439446366774
0.6900000000000001,0.46337439446366774
0.7000000000000001,0.46337439446366774
0.71,0.46337439446366774
0.72,0.46337439446366774
0.73,0.46337439446366774
0.74,0.46337439446366774
0.75,0.46337439446366774
0.76,0.46337439446366774
0.77,0.46337439446366774
0.78,0.46337439446366774
0.79,0.46337439446366774
0.8,0.46337439446366774
0.81,0.46337439446366774
0.82,0.46337439446366774
0.83,0.46337439446366774
0.84,0.46337439446366774
0.85,0.46337439446366774
0.86,0.46337439446366774
0.87,0.46337439446366774
0.88,0.46337439446366774
0.89,0.46337439446366774
0.9,0.46337439446366774
0.91,0.46337439446366774
0.92,0.46337439446366774
0.93,0.46337439446366774
0.94,0.46337439446366774
0.95,0.46337439446366774
0.96,0.46337439446366774
0.97,0.46337439446366774
0.98,0.46337439446366774
0.9900000000000002,0.46337439446366774
0.01,0.46841107266435983
0.02,0.46841107266435983
0.03,0.46841107266435983
0.04,0.46841107266435983
0.05,0.46841107266435983
0.06,0.46841107266435983
0.07,0.46841107266435983
0.08,0.46841107266435983
0.09,0.46841107266435983
0.1,0.46841107266435983
0.11,0.46841107266435983
0.12,0.46841107266435983
0.13,0.46841107266435983
0.14,0.46841107266435983
0.15,0.46841107266435983
0.16,0.46841107266435983
0.17,0.46841107266435983
0.18,0.46841107266435983
0.19,0.46841107266435983
0.2,0.46841107266435983
0.21,0.46841107266435983
0.22,0.46841107266435983
0.23,0.46841107266435983
0.24,0.46841107266435983
0.25,0.46841107266435983
0.26,0.46841107266435983
0.27,0.46841107266435983
0.28,0.46841107266435983
0.29,0.46841107266435983
0.3,0.46841107266435983
0.31,0.46841107266435983
0.32,0.46841107266435983
0.33,0.46841107266435983
0.34,0.46841107266435983
0.35000000000000003,0.46841107266435983
0.36,0.46841107266435983
0.37,0.46841107266435983
0.38,0.46841107266435983
0.39,0.46841107266435983
0.4,0.46841107266435983
0.41,0.46841107266435983
0.42,0.46841107266435983
0.43,0.46841107266435983
0.44,0.46841107266435983
0.45,0.46841107266435983
0.46,0.46841107266435983
0.47,0.46841107266435983
0.48,0.46841107266435983
0.49,0.46841107266435983
0.5,0.46841107266435983
0.51,0.46841107266435983
0.52,0.46841107266435983
0.53,0.46841107266435983
0.54,0.46841107266435983
0.55,0.46841107266435983
0.56,0.46841107266435983
0.5700000000000001,0.46841107266435983
0.58,0.46841107266435983
0.59,0.46841107266435983
0.6,0.46841107266435983
0.61,0.46841107266435983
0.62,0.46841107266435983
0.63,0.46841107266435983
0.64,0.46841107266435983
0.65,0.46841107266435983
0.66,0.46841107266435983
0.67,0.46841107266435983
0.68,0.46841107266435983
0.6900000000000001,0.46841107266435983
0.7000000000000001,0.46841107266435983
0.71,0.46841107266435983
0.72,0.46841107266435983
0.73,0.46841107266435983
0.74,0.46841107266435983
0.75,0.46841107266435983
0.76,0.46841107266435983
0.77,0.46841107266435983
0.78,0.46841107266435983
0.79,0.46841107266435983
0.8,0.46841107266435983
0.81,0.46841107266435983
0.82,0.46841107266435983
0.83,0.46841107266435983
0.84,0.46841107266435983
0.85,0.46841107266435983
0.86,0.46841107266435983
0.87,0.46841107266435983
0.88,0.46841107266435983
0.89,0.46841107266435983
0.9,0.46841107266435983
0.91,0.46841107266435983
0.92,0.46841107266435983
0.93,0.46841107266435983
0.94,0.46841107266435983
0.95,0.46841107266435983
0.96,0.46841107266435983
0.97,0.46841107266435983
0.98,0.46841107266435983
0.9900000000000002,0.46841107266435983
0.01,0.4734477508650519
0.02,0.4734477508650519
0.03,0.4734477508650519
0.04,0.4734477508650519
0.05,0.4734477508650519
0.06,0.4734477508650519
0.07,0.4734477508650519
0.08,0.4734477508650519
0.09,0.4734477508650519
0.1,0.4734477508650519
0.11,0.4734477508650519
0.12,0.4734477508650519
0.13,0.4734477508650519
0.14,0.4734477508650519
0.15,0.4734477508650519
0.16,0.4734477508650519
0.17,0.4734477508650519
0.18,0.4734477508650519
0.19,0.4734477508650519
0.2,0.4734477508650519
0.21,0.4734477508650519
0.22,0.4734477508650519
0.23,0.4734477508650519
0.24,0.4734477508650519
0.25,0.4734477508650519
0.26,0.4734477508650519
0.27,0.4734477508650519
0.28,0.4734477508650519
0.29,0.4734477508650519
0.3,0.4734477508650519
0.31,0.4734477508650519
0.32,0.4734477508650519
0.33,0.4734477508650519
0.34,0.4734477508650519
0.35000000000000003,0.4734477508650519
0.36,0.4734477508650519
0.37,0.4734477508650519
0.38,0.4734477508650519
0.39,0.4734477508650519
0.4,0.4734477508650519
0.41,0.4734477508650519
0.42,0.4734477508650519
0.43,0.4734477508650519
0.44,0.4734477508650519
0.45,0.4734477508650519
0.46,0.4734477508650519
0.47,0.4734477508650519
0.48,0.4734477508650519
0.49,0.4734477508650519
0.5,0.4734477508650519
0.51,0.4734477508650519
0.52,0.4734477508650519
0.53,0.4734477508650519
0.54,0.4734477508650519
0.55,0.4734477508650519
0.56,0.4734477508650519
0.5700000000000001,0.4734477508650519
0.58,0.4734477508650519
0.59,0.4734477508650519
0.6,0.4734477508650519
0.61,0.4734477508650519
0.62,0.4734477508650519
0.63,0.4734477508650519
0.64,0.4734477508650519
0.65,0.4734477508650519
0.66,0.4734477508650519
0.67,0.4734477508650519
0.68,0.4734477508650519
0.6900000000000001,0.4734477508650519
0.7000000000000001,0.4734477508650519
0.71,0.4734477508650519
0.72,0.4734477508650519
0.73,0.4734477508650519
0.74,0.4734477508650519
0.75,0.4734477508650519
0.76,0.4734477508650519
0.77,0.4734477508650519
0.78,0.4734477508650519
0.79,0.4734477508650519
0.8,0.4734477508650519
0.81,0.4734477508650519
0.82,0.4734477508650519
0.83,0.4734477508650519
0.84,0.4734477508650519
0.85,0.4734477508650519
0.86,0.4734477508650519
0.87,0.4734477508650519
0.88,0.4734477508650519
0.89,0.4734477508650519
0.9,0.4734477508650519
0.91,0.4734477508650519
0.92,0.4734477508650519
0.93,0.4734477508650519
0.94,0.4734477508650519
0.95,0.4734477508650519
0.96,0.4734477508650519
0.97,0.4734477508650519
0.98,0.4734477508650519
0.9900000000000002,0.4734477508650519
0.01,0.478484429065744
0.02,0.478484429065744
0.03,0.478484429065744
0.04,0.478484429065744
0.05,0.478484429065744
0.06,0.478484429065744
0.07,0.478484429065744
0.08,0.478484429065744
0.09,0.478484429065744
0.1,0.478484429065744
0.11,0.478484429065744
0.12,0.478484429065744
0.13,0.478484429065744
0.14,0.478484429065744
0.15,0.478484429065744
0.16,0.478484429065744
0.17,0.478484429065744
0.18,0.478484429065744
0.19,0.478484429065744
0.2,0.478484429065744
0.21,0.478484429065744
0.22,0.478484429065744
0.23,0.478484429065744
0.24,0.478484429065744
0.25,0.478484429065744
0.26,0.478484429065744
0.27,0.478484429065744
0.28,0.478484429065744
0.29,0.478484429065744
0.3,0.478484429065744
0.31,0.478484429065744
0.32,0.478484429065744
0.33,0.478484429065744
0.34,0.478484429065744
0.35000000000000003,0.478484429065744
0.36,0.478484429065744
0.37,0.478484429065744
0.38,0.478484429065744
0.39,0.478484429065744
0.4,0.478484429065744
0.41,0.478484429065744
0.42,0.478484429065744
0.43,0.478484429065744
0.44,0.478484429065744
0.45,0.478484429065744
0.46,0.478484429065744
0.47,0.478484429065744
0.48,0.478484429065744
0.49,0.478484429065744
0.5,0.478484429065744
0.51,0.478484429065744
0.52,0.478484429065744
0.53,0.478484429065744
0.54,0.478484429065744
0.55,0.478484429065744
0.56,0.478484429065744
0.5700000000000001,0.478484429065744
0.58,0.478484429065744
0.59,0.478484429065744
0.6,0.478484429065744
0.61,0.478484429065744
0.62,0.478484429065744
0.63,0.478484429065744
0.64,0.478484429065744
0.65,0.478484429065744
0.66,0.478484429065744
0.67,0.478484429065744
0.68,0.478484429065744
0.6900000000000001,0.478484429065744
0.7000000000000001,0.478484429065744
0.71,0.478484429065744
0.72,0.478484429065744
0.73,0.478484429065744
0.74,0.478484429065744
0.75,0.478484429065744
0.76,0.478484429065744
0.77,0.478484429065744
0.78,0.478484429065744
0.79,0.478484429065744
0.8,0.478484429065744
0.81,0.478484429065744
0.82,0.478484429065744
0.83,0.478484429065744
0.84,0.478484429065744
0.85,0.478484429065744
0.86,0.478484429065744
0.87,0.478484429065744
0.88,0.478484429065744
0.89,0.478484429065744
0.9,0.478484429065744
0.91,0.478484429065744
0.92,0.478484429065744
0.93,0.478484429065744
0.94,0.478484429065744
0.95,0.478484429065744
0.96,0.478484429065744
0.97,0.478484429065744
0.98,0.478484429065744
0.9900000000000002,0.478484429065744
0.01,0.48352110726643593
0.02,0.48352110726643593
0.03,0.48352110726643593
0.04,0.48352110726643593
0.05,0.48352110726643593
0.06,0.48352110726643593
0.07,0.48352110726643593
0.08,0.48352110726643593
0.09,0.48352110726643593
0.1,0.48352110726643593
0.11,0.48352110726643593
0.12,0.48352110726643593
0.13,0.48352110726643593
0.14,0.48352110726643593
0.15,0.48352110726643593
0.16,0.48352110726643593
0.17,0.48352110726643593
0.18,0.48352110726643593
0.19,0.48352110726643593
0.2,0.48352110726643593
0.21,0.48352110726643593
0.22,0.48352110726643593
0.23,0.48352110726643593
0.24,0.48352110726643593
0.25,0.48352110726643593
0.26,0.48352110726643593
0.27,0.48352110726643593
0.28,0.48352110726643593
0.29,0.48352110726643593
0.3,0.48352110726643593
0.31,0.48352110726643593
0.32,0.48352110726643593
0.33,0.48352110726643593
0.34,0.48352110726643593
0.35000000000000003,0.48352110726643593
0.36,0.48352110726643593
0.37,0.48352110726643593
0.38,0.48352110726643593
0.39,0.48352110726643593
0.4,0.48352110726643593
0.41,0.48352110726643593
0.42,0.48352110726643593
0.43,0.48352110726643593
0.44,0.48352110726643593
0.45,0.48352110726643593
0.46,0.48352110726643593
0.47,0.48352110726643593
0.48,0.48352110726643593
0.49,0.48352110726643593
0.5,0.48352110726643593
0.51,0.48352110726643593
0.52,0.48352110726643593
0.53,0.48352110726643593
0.54,0.48352110726643593
0.55,0.48352110726643593
0.56,0.48352110726643593
0.5700000000000001,0.48352110726643593
0.58,0.48352110726643593
0.59,0.48352110726643593
0.6,0.48352110726643593
0.61,0.48352110726643593
0.62,0.48352110726643593
0.63,0.48352110726643593
0.64,0.48352110726643593
0.65,0.48352110726643593
0.66,0.48352110726643593
0.67,0.48352110726643593
0.68,0.48352110726643593
0.6900000000000001,0.48352110726643593
0.7000000000000001,0.48352110726643593
0.71,0.48352110726643593
0.72,0.48352110726643593
0.73,0.48352110726643593
0.74,0.48352110726643593
0.75,0.48352110726643593
0.76,0.48352110726643593
0.77,0.48352110726643593
0.78,0.48352110726643593
0.79,0.48352110726643593
0.8,0.48352110726643593
0.81,0.48352110726643593
0.82,0.48352110726643593
0.83,0.48352110726643593
0.84,0.48352110726643593
0.85,0.48352110726643593
0.86,0.48352110726643593
0.87,0.48352110726643593
0.88,0.48352110726643593
0.89,0.48352110726643593
0.9,0.48352110726643593
0.91,0.48352110726643593
0.92,0.48352110726643593
0.93,0.48352110726643593
0.94,0.48352110726643593
0.95,0.48352110726643593
0.96,0.48352110726643593
0.97,0.48352110726643593
0.98,0.48352110726643593
0.9900000000000002,0.48352110726643593
0.01,0.488557785467128
0.02,0.488557785467128
0.03,0.488557785467128
0.04,0.488557785467128
0.05,0.488557785467128
0.06,0.488557785467128
0.07,0.488557785467128
0.08,0.488557785467128
0.09,0.488557785467128
0.1,0.488557785467128
0.11,0.488557785467128
0.12,0.488557785467128
0.13,0.488557785467128
0.14,0.488557785467128
0.15,0.488557785467128
0.16,0.488557785467128
0.17,0.488557785467128
0.18,0.488557785467128
0.19,0.488557785467128
0.2,0.488557785467128
0.21,0.488557785467128
0.22,0.488557785467128
0.23,0.488557785467128
0.24,0.488557785467128
0.25,0.488557785467128
0.26,0.488557785467128
0.27,0.488557785467128
0.28,0.488557785467128
0.29,0.488557785467128
0.3,0.488557785467128
0.31,0.488557785467128
0.32,0.488557785467128
0.33,0.488557785467128
0.34,0.488557785467128
0.35000000000000003,0.488557785467128
0.36,0.488557785467128
0.37,0.488557785467128
0.38,0.488557785467128
0.39,0.488557785467128
0.4,0.488557785467128
0.41,0.488557785467128
0.42,0.488557785467128
0.43,0.488557785467128
0.44,0.488557785467128
0.45,0.488557785467128
0.46,0.488557785467128
0.47,0.488557785467128
0.48,0.488557785467128
0.49,0.488557785467128
0.5,0.488557785467128
0.51,0.488557785467128
0.52,0.488557785467128
0.53,0.488557785467128
0.54,0.488557785467128
0.55,0.488557785467128
0.56,0.488557785467128
0.5700000000000001,0.488557785467128
0.58,0.488557785467128
0.59,0.488557785467128
0.6,0.488557785467128
0.61,0.488557785467128
0.62,0.488557785467128
0.63,0.488557785467128
0.64,0.488557785467128
0.65,0.488557785467128
0.66,0.488557785467128
0.67,0.488557785467128
0.68,0.488557785467128
0.6900000000000001,0.488557785467128
0.7000000000000001,0.488557785467128
0.71,0.488557785467128
0.72,0.488557785467128
0.73,0.488557785467128
0.74,0.488557785467128
0.75,0.488557785467128
0.76,0.488557785467128
0.77,0.488557785467128
0.78,0.488557785467128
0.79,0.488557785467128
0.8,0.488557785467128
0.81,0.488557785467128
0.82,0.488557785467128
0.83,0.488557785467128
0.84,0.488557785467128
0.85,0.488557785467128
0.86,0.488557785467128
0.87,0.488557785467128
0.88,0.488557785467128
0.89,0.488557785467128
0.9,0.488557785467128
0.91,0.488557785467128
0.92,0.488557785467128
0.93,0.488557785467128
0.94,0.488557785467128
0.95,0.488557785467128
0.96,0.488557785467128
0.97,0.488557785467128
0.98,0.488557785467128
0.9900000000000002,0.488557785467128
0.01,0.49359446366782006
0.02,0.49359446366782006
0.03,0.49359446366782006
0.04,0.49359446366782006
0.05,0.49359446366782006
0.06,0.49359446366782006
0.07,0.49359446366782006
0.08,0.49359446366782006
0.09,0.49359446366782006
0.1,0.49359446366782006
0.11,0.49359446366782006
0.12,0.49359446366782006
0.13,0.49359446366782006
0.14,0.49359446366782006
0.15,0.49359446366782006
0.16,0.49359446366782006
0.17,0.49359446366782006
0.18,0.49359446366782006
0.19,0.49359446366782006
0.2,0.49359446366782006
0.21,0.49359446366782006
0.22,0.49359446366782006
0.23,0.49359446366782006
0.24,0.49359446366782006
0.25,0.49359446366782006
0.26,0.49359446366782006
0.27,0.49359446366782006
0.28,0.49359446366782006
0.29,0.49359446366782006
0.3,0.49359446366782006
0.31,0.49359446366782006
0.32,0.49359446366782006
0.33,0.49359446366782006
0.34,0.49359446366782006
0.35000000000000003,0.49359446366782006
0.36,0.49359446366782006
0.37,0.49359446366782006
0.38,0.49359446366782006
0.39,0.49359446366782006
0.4,0.49359446366782006
0.41,0.49359446366782006
0.42,0.49359446366782006
0.43,0.49359446366782006
0.44,0.49359446366782006
0.45,0.49359446366782006
0.46,0.49359446366782006
0.47,0.49359446366782006
0.48,0.49359446366782006
0.49,0.49359446366782006
0.5,0.49359446366782006
0.51,0.49359446366782006
0.52,0.49359446366782006
0.53,0.49359446366782006
0.54,0.49359446366782006
0.55,0.49359446366782006
0.56,0.49359446366782006
0.5700000000000001,0.49359446366782006
0.58,0.49359446366782006
0.59,0.49359446366782006
0.6,0.49359446366782006
0.61,0.49359446366782006
0.62,0.49359446366782006
0.63,0.49359446366782006
0.64,0.49359446366782006
0.65,0.49359446366782006
0.66,0.49359446366782006
0.67,0.49359446366782006
0.68,0.49359446366782006
0.6900000000000001,0.49359446366782006
0.7000000000000001,0.49359446366782006
0.71,0.49359446366782006
0.72,0.49359446366782006
0.73,0.49359446366782006
0.74,0.49359446366782006
0.75,0.49359446366782006
0.76,0.49359446366782006
0.77,0.49359446366782006
0.78,0.49359446366782006
0.79,0.49359446366782006
0.8,0.49359446366782006
0.81,0.49359446366782006
0.82,0.49359446366782006
0.83,0.49359446366782006
0.84,0.49359446366782006
0.85,0.49359446366782006
0.86,0.49359446366782006
0.87,0.49359446366782006
0.88,0.49359446366782006
0.89,0.49359446366782006
0.9,0.49359446366782006
0.91,0.49359446366782006
0.92,0.49359446366782006
0.93,0.49359446366782006
0.94,0.49359446366782006
0.95,0.49359446366782006
0.96,0.49359446366782006
0.97,0.49359446366782006
0.98,0.49359446366782006
0.9900000000000002,0.49359446366782006
0.01,0.49863114186851215
0.02,0.49863114186851215
0.03,0.49863114186851215
0.04,0.49863114186851215
0.05,0.49863114186851215
0.06,0.49863114186851215
0.07,0.49863114186851215
0.08,0.49863114186851215
0.09,0.49863114186851215
0.1,0.49863114186851215
0.11,0.49863114186851215
0.12,0.49863114186851215
0.13,0.49863114186851215
0.14,0.49863114186851215
0.15,0.49863114186851215
0.16,0.49863114186851215
0.17,0.49863114186851215
0.18,0.49863114186851215
0.19,0.49863114186851215
0.2,0.49863114186851215
0.21,0.49863114186851215
0.22,0.49863114186851215
0.23,0.49863114186851215
0.24,0.49863114186851215
0.25,0.49863114186851215
0.26,0.49863114186851215
0.27,0.49863114186851215
0.28,0.49863114186851215
0.29,0.49863114186851215
0.3,0.49863114186851215
0.31,0.49863114186851215
0.32,0.49863114186851215
0.33,0.49863114186851215
0.34,0.49863114186851215
0.35000000000000003,0.49863114186851215
0.36,0.49863114186851215
0.37,0.49863114186851215
0.38,0.49863114186851215
0.39,0.49863114186851215
0.4,0.49863114186851215
0.41,0.49863114186851215
0.42,0.49863114186851215
0.43,0.49863114186851215
0.44,0.49863114186851215
0.45,0.49863114186851215
0.46,0.49863114186851215
0.47,0.49863114186851215
0.48,0.49863114186851215
0.49,0.49863114186851215
0.5,0.49863114186851215
0.51,0.49863114186851215
0.52,0.49863114186851215
0.53,0.49863114186851215
0.54,0.49863114186851215
0.55,0.49863114186851215
0.56,0.49863114186851215
0.5700000000000001,0.49863114186851215
0.58,0.49863114186851215
0.59,0.49863114186851215
0.6,0.49863114186851215
0.61,0.49863114186851215
0.62,0.49863114186851215
0.63,0.49863114186851215
0.64,0.49863114186851215
0.65,0.49863114186851215
0.66,0.49863114186851215
0.67,0.49863114186851215
0.68,0.49863114186851215
0.6900000000000001,0.49863114186851215
0.7000000000000001,0.49863114186851215
0.71,0.49863114186851215
0.72,0.49863114186851215
0.73,0.49863114186851215
0.74,0.49863114186851215
0.75,0.49863114186851215
0.76,0.49863114186851215
0.77,0.49863114186851215
0.78,0.49863114186851215
0.79,0.49863114186851215
0.8,0.49863114186851215
0.81,0.49863114186851215
0.82,0.49863114186851215
0.83,0.49863114186851215
0.84,0.49863114186851215
0.85,0.49863114186851215
0.86,0.49863114186851215
0.87,0.49863114186851215
0.88,0.49863114186851215
0.89,0.49863114186851215
0.9,0.49863114186851215
0.91,0.49863114186851215
0.92,0.49863114186851215
0.93,0.49863114186851215
0.94,0.49863114186851215
0.95,0.49863114186851215
0.96,0.49863114186851215
0.97,0.49863114186851215
0.98,0.49863114186851215
0.9900000000000002,0.49863114186851215
0.01,0.5036678200692042
0.02,0.5036678200692042
0.03,0.5036678200692042
0.04,0.5036678200692042
0.05,0.5036678200692042
0.06,0.5036678200692042
0.07,0.5036678200692042
0.08,0.5036678200692042
0.09,0.5036678200692042
0.1,0.5036678200692042
0.11,0.5036678200692042
0.12,0.5036678200692042
0.13,0.5036678200692042
0.14,0.5036678200692042
0.15,0.5036678200692042
0.16,0.5036678200692042
0.17,0.5036678200692042
0.18,0.5036678200692042
0.19,0.5036678200692042
0.2,0.5036678200692042
0.21,0.5036678200692042
0.22,0.5036678200692042
0.23,0.5036678200692042
0.24,0.5036678200692042
0.25,0.5036678200692042
0.26,0.5036678200692042
0.27,0.5036678200692042
0.28,0.5036678200692042
0.29,0.5036678200692042
0.3,0.5036678200692042
0.31,0.5036678200692042
0.32,0.5036678200692042
0.33,0.5036678200692042
0.34,0.5036678200692042
0.35000000000000003,0.5036678200692042
0.36,0.5036678200692042
0.37,0.5036678200692042
0.38,0.5036678200692042
0.39,0.5036678200692042
0.4,0.5036678200692042
0.41,0.5036678200692042
0.42,0.5036678200692042
0.43,0.5036678200692042
0.44,0.5036678200692042
0.45,0.5036678200692042
0.46,0.5036678200692042
0.47,0.5036678200692042
0.48,0.5036678200692042
0.49,0.5036678200692042
0.5,0.5036678200692042
0.51,0.5036678200692042
0.52,0.5036678200692042
0.53,0.5036678200692042
0.54,0.5036678200692042
0.55,0.5036678200692042
0.56,0.5036678200692042
0.5700000000000001,0.5036678200692042
0.58,0.5036678200692042
0.59,0.5036678200692042
0.6,0.5036678200692042
0.61,0.5036678200692042
0.62,0.5036678200692042
0.63,0.5036678200692042
0.64,0.5036678200692042
0.65,0.5036678200692042
0.66,0.5036678200692042
0.67,0.5036678200692042
0.68,0.5036678200692042
0.6900000000000001,0.5036678200692042
0.7000000000000001,0.5036678200692042
0.71,0.5036678200692042
0.72,0.5036678200692042
0.73,0.5036678200692042
0.74,0.5036678200692042
0.75,0.5036678200692042
0.76,0.5036678200692042
0.77,0.5036678200692042
0.78,0.5036678200692042
0.79,0.5036678200692042
0.8,0.5036678200692042
0.81,0.5036678200692042
0.82,0.5036678200692042
0.83,0.5036678200692042
0.84,0.5036678200692042
0.85,0.5036678200692042
0.86,0.5036678200692042
0.87,0.5036678200692042
0.88,0.5036678200692042
0.89,0.5036678200692042
0.9,0.5036678200692042
0.91,0.5036678200692042
0.92,0.5036678200692042
0.93,0.5036678200692042
0.94,0.5036678200692042
0.95,0.5036678200692042
0.96,0.5036678200692042
0.97,0.5036678200692042
0.98,0.5036678200692042
0.9900000000000002,0.5036678200692042
0.01,0.5087044982698962
0.02,0.5087044982698962
0.03,0.5087044982698962
0.04,0.5087044982698962
0.05,0.5087044982698962
0.06,0.5087044982698962
0.07,0.5087044982698962
0.08,0.5087044982698962
0.09,0.5087044982698962
0.1,0.5087044982698962
0.11,0.5087044982698962
0.12,0.5087044982698962
0.13,0.5087044982698962
0.14,0.5087044982698962
0.15,0.5087044982698962
0.16,0.5087044982698962
0.17,0.5087044982698962
0.18,0.5087044982698962
0.19,0.5087044982698962
0.2,0.5087044982698962
0.21,0.5087044982698962
0.22,0.5087044982698962
0.23,0.5087044982698962
0.24,0.5087044982698962
0.25,0.5087044982698962
0.26,0.5087044982698962
0.27,0.5087044982698962
0.28,0.5087044982698962
0.29,0.5087044982698962
0.3,0.5087044982698962
0.31,0.5087044982698962
0.32,0.5087044982698962
0.33,0.5087044982698962
0.34,0.5087044982698962
0.35000000000000003,0.5087044982698962
0.36,0.5087044982698962
0.37,0.5087044982698962
0.38,0.5087044982698962
0.39,0.5087044982698962
0.4,0.5087044982698962
0.41,0.5087044982698962
0.42,0.5087044982698962
0.43,0.5087044982698962
0.44,0.5087044982698962
0.45,0.5087044982698962
0.46,0.5087044982698962
0.47,0.5087044982698962
0.48,0.5087044982698962
0.49,0.5087044982698962
0.5,0.5087044982698962
0.51,0.5087044982698962
0.52,0.5087044982698962
0.53,0.5087044982698962
0.54,0.5087044982698962
0.55,0.5087044982698962
0.56,0.5087044982698962
0.5700000000000001,0.5087044982698962
0.58,0.5087044982698962
0.59,0.5087044982698962
0.6,0.5087044982698962
0.61,0.5087044982698962
0.62,0.5087044982698962
0.63,0.5087044982698962
0.64,0.5087044982698962
0.65,0.5087044982698962
0.66,0.5087044982698962
0.67,0.5087044982698962
0.68,0.5087044982698962
0.6900000000000001,0.5087044982698962
0.7000000000000001,0.5087044982698962
0.71,0.5087044982698962
0.72,0.5087044982698962
0.73,0.5087044982698962
0.74,0.5087044982698962
0.75,0.5087044982698962
0.76,0.5087044982698962
0.77,0.5087044982698962
0.78,0.5087044982698962
0.79,0.5087044982698962
0.8,0.5087044982698962
0.81,0.5087044982698962
0.82,0.5087044982698962
0.83,0.5087044982698962
0.84,0.5087044982698962
0.85,0.5087044982698962
0.86,0.5087044982698962
0.87,0.5087044982698962
0.88,0.5087044982698962
0.89,0.5087044982698962
0.9,0.5087044982698962
0.91,0.5087044982698962
0.92,0.5087044982698962
0.93,0.5087044982698962
0.94,0.5087044982698962
0.95,0.5087044982698962
0.96,0.5087044982698962
0.97,0.5087044982698962
0.98,0.5087044982698962
0.9900000000000002,0.5087044982698962
0.01,0.5137411764705883
0.02,0.5137411764705883
0.03,0.5137411764705883
0.04,0.5137411764705883
0.05,0.5137411764705883
0.06,0.5137411764705883
0.07,0.5137411764705883
0.08,0.5137411764705883
0.09,0.5137411764705883
0.1,0.5137411764705883
0.11,0.5137411764705883
0.12,0.5137411764705883
0.13,0.5137411764705883
0.14,0.5137411764705883
0.15,0.5137411764705883
0.16,0.5137411764705883
0.17,0.5137411764705883
0.18,0.5137411764705883
0.19,0.5137411764705883
0.2,0.5137411764705883
0.21,0.5137411764705883
0.22,0.5137411764705883
0.23,0.5137411764705883
0.24,0.5137411764705883
0.25,0.5137411764705883
0.26,0.5137411764705883
0.27,0.5137411764705883
0.28,0.5137411764705883
0.29,0.5137411764705883
0.3,0.5137411764705883
0.31,0.5137411764705883
0.32,0.5137411764705883
0.33,0.5137411764705883
0.34,0.5137411764705883
0.35000000000000003,0.5137411764705883
0.36,0.5137411764705883
0.37,0.5137411764705883
0.38,0.5137411764705883
0.39,0.5137411764705883
0.4,0.5137411764705883
0.41,0.5137411764705883
0.42,0.5137411764705883
0.43,0.5137411764705883
0.44,0.5137411764705883
0.45,0.5137411764705883
0.46,0.5137411764705883
0.47,0.5137411764705883
0.48,0.5137411764705883
0.49,0.5137411764705883
0.5,0.5137411764705883
0.51,0.5137411764705883
0.52,0.5137411764705883
0.53,0.5137411764705883
0.54,0.5137411764705883
0.55,0.5137411764705883
0.56,0.5137411764705883
0.5700000000000001,0.5137411764705883
0.58,0.5137411764705883
0.59,0.5137411764705883
0.6,0.5137411764705883
0.61,0.5137411764705883
0.62,0.5137411764705883
0.63,0.5137411764705883
0.64,0.5137411764705883
0.65,0.5137411764705883
0.66,0.5137411764705883
0.67,0.5137411764705883
0.68,0.5137411764705883
0.6900000000000001,0.5137411764705883
0.7000000000000001,0.5137411764705883
0.71,0.5137411764705883
0.72,0.5137411764705883
0.73,0.5137411764705883
0.74,0.5137411764705883
0.75,0.5137411764705883
0.76,0.5137411764705883
0.77,0.5137411764705883
0.78,0.5137411764705883
0.79,0.5137411764705883
0.8,0.5137411764705883
0.81,0.5137411764705883
0.82,0.5137411764705883
0.83,0.5137411764705883
0.84,0.5137411764705883
0.85,0.5137411764705883
0.86,0.5137411764705883
0.87,0.5137411764705883
0.88,0.5137411764705883
0.89,0.5137411764705883
0.9,0.5137411764705883
0.91,0.5137411764705883
0.92,0.5137411764705883
0.93,0.5137411764705883
0.94,0.5137411764705883
0.95,0.5137411764705883
0.96,0.5137411764705883
0.97,0.5137411764705883
0.98,0.5137411764705883
0.9900000000000002,0.5137411764705883
0.01,0.5187778546712802
0.02,0.5187778546712802
0.03,0.5187778546712802
0.04,0.5187778546712802
0.05,0.5187778546712802
0.06,0.5187778546712802
0.07,0.5187778546712802
0.08,0.5187778546712802
0.09,0.5187778546712802
0.1,0.5187778546712802
0.11,0.5187778546712802
0.12,0.5187778546712802
0.13,0.5187778546712802
0.14,0.5187778546712802
0.15,0.5187778546712802
0.16,0.5187778546712802
0.17,0.5187778546712802
0.18,0.5187778546712802
0.19,0.5187778546712802
0.2,0.5187778546712802
0.21,0.5187778546712802
0.22,0.5187778546712802
0.23,0.5187778546712802
0.24,0.5187778546712802
0.25,0.5187778546712802
0.26,0.5187778546712802
0.27,0.5187778546712802
0.28,0.5187778546712802
0.29,0.5187778546712802
0.3,0.5187778546712802
0.31,0.5187778546712802
0.32,0.5187778546712802
0.33,0.5187778546712802
0.34,0.5187778546712802
0.35000000000000003,0.5187778546712802
0.36,0.5187778546712802
0.37,0.5187778546712802
0.38,0.5187778546712802
0.39,0.5187778546712802
0.4,0.5187778546712802
0.41,0.5187778546712802
0.42,0.5187778546712802
0.43,0.5187778546712802
0.44,0.5187778546712802
0.45,0.5187778546712802
0.46,0.5187778546712802
0.47,0.5187778546712802
0.48,0.5187778546712802
0.49,0.5187778546712802
0.5,0.5187778546712802
0.51,0.5187778546712802
0.52,0.5187778546712802
0.53,0.5187778546712802
0.54,0.5187778546712802
0.55,0.5187778546712802
0.56,0.5187778546712802
0.5700000000000001,0.5187778546712802
0.58,0.5187778546712802
0.59,0.5187778546712802
0.6,0.5187778546712802
0.61,0.5187778546712802
0.62,0.5187778546712802
0.63,0.5187778546712802
0.64,0.5187778546712802
0.65,0.5187778546712802
0.66,0.5187778546712802
0.67,0.5187778546712802
0.68,0.5187778546712802
0.6900000000000001,0.5187778546712802
0.7000000000000001,0.5187778546712802
0.71,0.5187778546712802
0.72,0.5187778546712802
0.73,0.5187778546712802
0.74,0.5187778546712802
0.75,0.5187778546712802
0.76,0.5187778546712802
0.77,0.5187778546712802
0.78,0.5187778546712802
0.79,0.5187778546712802
0.8,0.5187778546712802
0.81,0.5187778546712802
0.82,0.5187778546712802
0.83,0.5187778546712802
0.84,0.5187778546712802
0.85,0.5187778546712802
0.86,0.5187778546712802
0.87,0.5187778546712802
0.88,0.5187778546712802
0.89,0.5187778546712802
0.9,0.5187778546712802
0.91,0.5187778546712802
0.92,0.5187778546712802
0.93,0.5187778546712802
0.94,0.5187778546712802
0.95,0.5187778546712802
0.96,0.5187778546712802
0.97,0.5187778546712802
0.98,0.5187778546712802
0.9900000000000002,0.5187778546712802
0.01,0.5238145328719723
0.02,0.5238145328719723
0.03,0.5238145328719723
0.04,0.5238145328719723
0.05,0.5238145328719723
0.06,0.5238145328719723
0.07,0.5238145328719723
0.08,0.5238145328719723
0.09,0.5238145328719723
0.1,0.5238145328719723
0.11,0.5238145328719723
0.12,0.5238145328719723
0.13,0.5238145328719723
0.14,0.5238145328719723
0.15,0.5238145328719723
0.16,0.5238145328719723
0.17,0.5238145328719723
0.18,0.5238145328719723
0.19,0.5238145328719723
0.2,0.5238145328719723
0.21,0.5238145328719723
0.22,0.5238145328719723
0.23,0.5238145328719723
0.24,0.5238145328719723
0.25,0.5238145328719723
0.26,0.5238145328719723
0.27,0.5238145328719723
0.28,0.5238145328719723
0.29,0.5238145328719723
0.3,0.5238145328719723
0.31,0.5238145328719723
0.32,0.5238145328719723
0.33,0.5238145328719723
0.34,0.5238145328719723
0.35000000000000003,0.5238145328719723
0.36,0.5238145328719723
0.37,0.5238145328719723
0.38,0.5238145328719723
0.39,0.5238145328719723
0.4,0.5238145328719723
0.41,0.5238145328719723
0.42,0.5238145328719723
0.43,0.5238145328719723
0.44,0.5238145328719723
0.45,0.5238145328719723
0.46,0.5238145328719723
0.47,0.5238145328719723
0.48,0.5238145328719723
0.49,0.5238145328719723
0.5,0.5238145328719723
0.51,0.5238145328719723
0.52,0.5238145328719723
0.53,0.5238145328719723
0.54,0.5238145328719723
0.55,0.5238145328719723
0.56,0.5238145328719723
0.5700000000000001,0.5238145328719723
0.58,0.5238145328719723
0.59,0.5238145328719723
0.6,0.5238145328719723
0.61,0.5238145328719723
0.62,0.5238145328719723
0.63,0.5238145328719723
0.64,0.5238145328719723
0.65,0.5238145328719723
0.66,0.5238145328719723
0.67,0.5238145328719723
0.68,0.5238145328719723
0.6900000000000001,0.5238145328719723
0.7000000000000001,0.5238145328719723
0.71,0.5238145328719723
0.72,0.5238145328719723
0.73,0.5238145328719723
0.74,0.5238145328719723
0.75,0.5238145328719723
0.76,0.5238145328719723
0.77,0.5238145328719723
0.78,0.5238145328719723
0.79,0.5238145328719723
0.8,0.5238145328719723
0.81,0.5238145328719723
0.82,0.5238145328719723
0.83,0.5238145328719723
0.84,0.5238145328719723
0.85,0.5238145328719723
0.86,0.5238145328719723
0.87,0.5238145328719723
0.88,0.5238145328719723
0.89,0.5238145328719723
0.9,0.5238145328719723
0.91,0.5238145328719723
0.92,0.5238145328719723
0.93,0.5238145328719723
0.94,0.5238145328719723
0.95,0.5238145328719723
0.96,0.5238145328719723
0.97,0.5238145328719723
0.98,0.5238145328719723
0.9900000000000002,0.5238145328719723
0.01,0.5288512110726644
0.02,0.5288512110726644
0.03,0.5288512110726644
0.04,0.5288512110726644
0.05,0.5288512110726644
0.06,0.5288512110726644
0.07,0.5288512110726644
0.08,0.5288512110726644
0.09,0.5288512110726644
0.1,0.5288512110726644
0.11,0.5288512110726644
0.12,0.5288512110726644
0.13,0.5288512110726644
0.14,0.5288512110726644
0.15,0.5288512110726644
0.16,0.5288512110726644
0.17,0.5288512110726644
0.18,0.5288512110726644
0.19,0.5288512110726644
0.2,0.5288512110726644
0.21,0.5288512110726644
0.22,0.5288512110726644
0.23,0.5288512110726644
0.24,0.5288512110726644
0.25,0.5288512110726644
0.26,0.5288512110726644
0.27,0.5288512110726644
0.28,0.5288512110726644
0.29,0.5288512110726644
0.3,0.5288512110726644
0.31,0.5288512110726644
0.32,0.5288512110726644
0.33,0.5288512110726644
0.34,0.5288512110726644
0.35000000000000003,0.5288512110726644
0.36,0.5288512110726644
0.37,0.5288512110726644
0.38,0.5288512110726644
0.39,0.5288512110726644
0.4,0.5288512110726644
0.41,0.5288512110726644
0.42,0.5288512110726644
0.43,0.5288512110726644
0.44,0.5288512110726644
0.45,0.5288512110726644
0.46,0.5288512110726644
0.47,0.5288512110726644
0.48,0.5288512110726644
0.49,0.5288512110726644
0.5,0.5288512110726644
0.51,0.5288512110726644
0.52,0.5288512110726644
0.53,0.5288512110726644
0.54,0.5288512110726644
0.55,0.5288512110726644
0.56,0.5288512110726644
0.5700000000000001,0.5288512110726644
0.58,0.5288512110726644
0.59,0.5288512110726644
0.6,0.5288512110726644
0.61,0.5288512110726644
0.62,0.5288512110726644
0.63,0.5288512110726644
0.64,0.5288512110726644
0.65,0.5288512110726644
0.66,0.5288512110726644
0.67,0.5288512110726644
0.68,0.5288512110726644
0.6900000000000001,0.5288512110726644
0.7000000000000001,0.5288512110726644
0.71,0.5288512110726644
0.72,0.5288512110726644
0.73,0.5288512110726644
0.74,0.5288512110726644
0.75,0.5288512110726644
0.76,0.5288512110726644
0.77,0.5288512110726644
0.78,0.5288512110726644
0.79,0.5288512110726644
0.8,0.5288512110726644
0.81,0.5288512110726644
0.82,0.5288512110726644
0.83,0.5288512110726644
0.84,0.5288512110726644
0.85,0.5288512110726644
0.86,0.5288512110726644
0.87,0.5288512110726644
0.88,0.5288512110726644
0.89,0.5288512110726644
0.9,0.5288512110726644
0.91,0.5288512110726644
0.92,0.5288512110726644
0.93,0.5288512110726644
0.94,0.5288512110726644
0.95,0.5288512110726644
0.96,0.5288512110726644
0.97,0.5288512110726644
0.98,0.5288512110726644
0.9900000000000002,0.5288512110726644
0.01,0.5338878892733564
0.02,0.5338878892733564
0.03,0.5338878892733564
0.04,0.5338878892733564
0.05,0.5338878892733564
0.06,0.5338878892733564
0.07,0.5338878892733564
0.08,0.5338878892733564
0.09,0.5338878892733564
0.1,0.5338878892733564
0.11,0.5338878892733564
0.12,0.5338878892733564
0.13,0.5338878892733564
0.14,0.5338878892733564
0.15,0.5338878892733564
0.16,0.5338878892733564
0.17,0.5338878892733564
0.18,0.5338878892733564
0.19,0.5338878892733564
0.2,0.5338878892733564
0.21,0.5338878892733564
0.22,0.5338878892733564
0.23,0.5338878892733564
0.24,0.5338878892733564
0.25,0.5338878892733564
0.26,0.5338878892733564
0.27,0.5338878892733564
0.28,0.5338878892733564
0.29,0.5338878892733564
0.3,0.5338878892733564
0.31,0.5338878892733564
0.32,0.5338878892733564
0.33,0.5338878892733564
0.34,0.5338878892733564
0.35000000000000003,0.5338878892733564
0.36,0.5338878892733564
0.37,0.5338878892733564
0.38,0.5338878892733564
0.39,0.5338878892733564
0.4,0.5338878892733564
0.41,0.5338878892733564
0.42,0.5338878892733564
0.43,0.5338878892733564
0.44,0.5338878892733564
0.45,0.5338878892733564
0.46,0.5338878892733564
0.47,0.5338878892733564
0.48,0.5338878892733564
0.49,0.5338878892733564
0.5,0.5338878892733564
0.51,0.5338878892733564
0.52,0.5338878892733564
0.53,0.5338878892733564
0.54,0.5338878892733564
0.55,0.5338878892733564
0.56,0.5338878892733564
0.5700000000000001,0.5338878892733564
0.58,0.5338878892733564
0.59,0.5338878892733564
0.6,0.5338878892733564
0.61,0.5338878892733564
0.62,0.5338878892733564
0.63,0.5338878892733564
0.64,0.5338878892733564
0.65,0.5338878892733564
0.66,0.5338878892733564
0.67,0.5338878892733564
0.68,0.5338878892733564
0.6900000000000001,0.5338878892733564
0.7000000000000001,0.5338878892733564
0.71,0.5338878892733564
0.72,0.5338878892733564
0.73,0.5338878892733564
0.74,0.5338878892733564
0.75,0.5338878892733564
0.76,0.5338878892733564
0.77,0.5338878892733564
0.78,0.5338878892733564
0.79,0.5338878892733564
0.8,0.5338878892733564
0.81,0.5338878892733564
0.82,0.5338878892733564
0.83,0.5338878892733564
0.84,0.5338878892733564
0.85,0.5338878892733564
0.86,0.5338878892733564
0.87,0.5338878892733564
0.88,0.5338878892733564
0.89,0.5338878892733564
0.9,0.5338878892733564
0.91,0.5338878892733564
0.92,0.5338878892733564
0.93,0.5338878892733564
0.94,0.5338878892733564
0.95,0.5338878892733564
0.96,0.5338878892733564
0.97,0.5338878892733564
0.98,0.5338878892733564
0.9900000000000002,0.5338878892733564
0.01,0.5389245674740484
0.02,0.5389245674740484
0.03,0.5389245674740484
0.04,0.5389245674740484
0.05,0.5389245674740484
0.06,0.5389245674740484
0.07,0.5389245674740484
0.08,0.5389245674740484
0.09,0.5389245674740484
0.1,0.5389245674740484
0.11,0.5389245674740484
0.12,0.5389245674740484
0.13,0.5389245674740484
0.14,0.5389245674740484
0.15,0.5389245674740484
0.16,0.5389245674740484
0.17,0.5389245674740484
0.18,0.5389245674740484
0.19,0.5389245674740484
0.2,0.5389245674740484
0.21,0.5389245674740484
0.22,0.5389245674740484
0.23,0.5389245674740484
0.24,0.5389245674740484
0.25,0.5389245674740484
0.26,0.5389245674740484
0.27,0.5389245674740484
0.28,0.5389245674740484
0.29,0.5389245674740484
0.3,0.5389245674740484
0.31,0.5389245674740484
0.32,0.5389245674740484
0.33,0.5389245674740484
0.34,0.5389245674740484
0.35000000000000003,0.5389245674740484
0.36,0.5389245674740484
0.37,0.5389245674740484
0.38,0.5389245674740484
0.39,0.5389245674740484
0.4,0.5389245674740484
0.41,0.5389245674740484
0.42,0.5389245674740484
0.43,0.5389245674740484
0.44,0.5389245674740484
0.45,0.5389245674740484
0.46,0.5389245674740484
0.47,0.5389245674740484
0.48,0.5389245674740484
0.49,0.5389245674740484
0.5,0.5389245674740484
0.51,0.5389245674740484
0.52,0.5389245674740484
0.53,0.5389245674740484
0.54,0.5389245674740484
0.55,0.5389245674740484
0.56,0.5389245674740484
0.5700000000000001,0.5389245674740484
0.58,0.5389245674740484
0.59,0.5389245674740484
0.6,0.5389245674740484
0.61,0.5389245674740484
0.62,0.5389245674740484
0.63,0.5389245674740484
0.64,0.5389245674740484
0.65,0.5389245674740484
0.66,0.5389245674740484
0.67,0.5389245674740484
0.68,0.5389245674740484
0.6900000000000001,0.5389245674740484
0.7000000000000001,0.5389245674740484
0.71,0.5389245674740484
0.72,0.5389245674740484
0.73,0.5389245674740484
0.74,0.5389245674740484
0.75,0.5389245674740484
0.76,0.5389245674740484
0.77,0.5389245674740484
0.78,0.5389245674740484
0.79,0.5389245674740484
0.8,0.5389245674740484
0.81,0.5389245674740484
0.82,0.5389245674740484
0.83,0.5389245674740484
0.84,0.5389245674740484
0.85,0.5389245674740484
0.86,0.5389245674740484
0.87,0.5389245674740484
0.88,0.5389245674740484
0.89,0.5389245674740484
0.9,0.5389245674740484
0.91,0.5389245674740484
0.92,0.5389245674740484
0.93,0.5389245674740484
0.94,0.5389245674740484
0.95,0.5389245674740484
0.96,0.5389245674740484
0.97,0.5389245674740484
0.98,0.5389245674740484
0.9900000000000002,0.5389245674740484
0.01,0.5439612456747405
0.02,0.5439612456747405
0.03,0.5439612456747405
0.04,0.5439612456747405
0.05,0.5439612456747405
0.06,0.5439612456747405
0.07,0.5439612456747405
0.08,0.5439612456747405
0.09,0.5439612456747405
0.1,0.5439612456747405
0.11,0.5439612456747405
0.12,0.5439612456747405
0.13,0.5439612456747405
0.14,0.5439612456747405
0.15,0.5439612456747405
0.16,0.5439612456747405
0.17,0.5439612456747405
0.18,0.5439612456747405
0.19,0.5439612456747405
0.2,0.5439612456747405
0.21,0.5439612456747405
0.22,0.5439612456747405
0.23,0.5439612456747405
0.24,0.5439612456747405
0.25,0.5439612456747405
0.26,0.5439612456747405
0.27,0.5439612456747405
0.28,0.5439612456747405
0.29,0.5439612456747405
0.3,0.5439612456747405
0.31,0.5439612456747405
0.32,0.5439612456747405
0.33,0.5439612456747405
0.34,0.5439612456747405
0.35000000000000003,0.5439612456747405
0.36,0.5439612456747405
0.37,0.5439612456747405
0.38,0.5439612456747405
0.39,0.5439612456747405
0.4,0.5439612456747405
0.41,0.5439612456747405
0.42,0.5439612456747405
0.43,0.5439612456747405
0.44,0.5439612456747405
0.45,0.5439612456747405
0.46,0.5439612456747405
0.47,0.5439612456747405
0.48,0.5439612456747405
0.49,0.5439612456747405
0.5,0.5439612456747405
0.51,0.5439612456747405
0.52,0.5439612456747405
0.53,0.5439612456747405
0.54,0.5439612456747405
0.55,0.5439612456747405
0.56,0.5439612456747405
0.5700000000000001,0.5439612456747405
0.58,0.5439612456747405
0.59,0.5439612456747405
0.6,0.5439612456747405
0.61,0.5439612456747405
0.62,0.5439612456747405
0.63,0.5439612456747405
0.64,0.5439612456747405
0.65,0.5439612456747405
0.66,0.5439612456747405
0.67,0.5439612456747405
0.68,0.5439612456747405
0.6900000000000001,0.5439612456747405
0.7000000000000001,0.5439612456747405
0.71,0.5439612456747405
0.72,0.5439612456747405
0.73,0.5439612456747405
0.74,0.5439612456747405
0.75,0.5439612456747405
0.76,0.5439612456747405
0.77,0.5439612456747405
0.78,0.5439612456747405
0.79,0.5439612456747405
0.8,0.5439612456747405
0.81,0.5439612456747405
0.82,0.5439612456747405
0.83,0.5439612456747405
0.84,0.5439612456747405
0.85,0.5439612456747405
0.86,0.5439612456747405
0.87,0.5439612456747405
0.88,0.5439612456747405
0.89,0.5439612456747405
0.9,0.5439612456747405
0.91,0.5439612456747405
0.92,0.5439612456747405
0.93,0.5439612456747405
0.94,0.5439612456747405
0.95,0.5439612456747405
0.96,0.5439612456747405
0.97,0.5439612456747405
0.98,0.5439612456747405
0.9900000000000002,0.5439612456747405
0.01,0.5489979238754326
0.02,0.5489979238754326
0.03,0.5489979238754326
0.04,0.5489979238754326
0.05,0.5489979238754326
0.06,0.5489979238754326
0.07,0.5489979238754326
0.08,0.5489979238754326
0.09,0.5489979238754326
0.1,0.5489979238754326
0.11,0.5489979238754326
0.12,0.5489979238754326
0.13,0.5489979238754326
0.14,0.5489979238754326
0.15,0.5489979238754326
0.16,0.5489979238754326
0.17,0.5489979238754326
0.18,0.5489979238754326
0.19,0.5489979238754326
0.2,0.5489979238754326
0.21,0.5489979238754326
0.22,0.5489979238754326
0.23,0.5489979238754326
0.24,0.5489979238754326
0.25,0.5489979238754326
0.26,0.5489979238754326
0.27,0.5489979238754326
0.28,0.5489979238754326
0.29,0.5489979238754326
0.3,0.5489979238754326
0.31,0.5489979238754326
0.32,0.5489979238754326
0.33,0.5489979238754326
0.34,0.5489979238754326
0.35000000000000003,0.5489979238754326
0.36,0.5489979238754326
0.37,0.5489979238754326
0.38,0.5489979238754326
0.39,0.5489979238754326
0.4,0.5489979238754326
0.41,0.5489979238754326
0.42,0.5489979238754326
0.43,0.5489979238754326
0.44,0.5489979238754326
0.45,0.5489979238754326
0.46,0.5489979238754326
0.47,0.5489979238754326
0.48,0.5489979238754326
0.49,0.5489979238754326
0.5,0.5489979238754326
0.51,0.5489979238754326
0.52,0.5489979238754326
0.53,0.5489979238754326
0.54,0.5489979238754326
0.55,0.5489979238754326
0.56,0.5489979238754326
0.5700000000000001,0.5489979238754326
0.58,0.5489979238754326
0.59,0.5489979238754326
0.6,0.5489979238754326
0.61,0.5489979238754326
0.62,0.5489979238754326
0.63,0.5489979238754326
0.64,0.5489979238754326
0.65,0.5489979238754326
0.66,0.5489979238754326
0.67,0.5489979238754326
0.68,0.5489979238754326
0.6900000000000001,0.5489979238754326
0.7000000000000001,0.5489979238754326
0.71,0.5489979238754326
0.72,0.5489979238754326
0.73,0.5489979238754326
0.74,0.5489979238754326
0.75,0.5489979238754326
0.76,0.5489979238754326
0.77,0.5489979238754326
0.78,0.5489979238754326
0.79,0.5489979238754326
0.8,0.5489979238754326
0.81,0.5489979238754326
0.82,0.5489979238754326
0.83,0.5489979238754326
0.84,0.5489979238754326
0.85,0.5489979238754326
0.86,0.5489979238754326
0.87,0.5489979238754326
0.88,0.5489979238754326
0.89,0.5489979238754326
0.9,0.5489979238754326
0.91,0.5489979238754326
0.92,0.5489979238754326
0.93,0.5489979238754326
0.94,0.5489979238754326
0.95,0.5489979238754326
0.96,0.5489979238754326
0.97,0.5489979238754326
0.98,0.5489979238754326
0.9900000000000002,0.5489979238754326
0.01,0.5540346020761246
0.02,0.5540346020761246
0.03,0.5540346020761246
0.04,0.5540346020761246
0.05,0.5540346020761246
0.06,0.5540346020761246
0.07,0.5540346020761246
0.08,0.5540346020761246
0.09,0.5540346020761246
0.1,0.5540346020761246
0.11,0.5540346020761246
0.12,0.5540346020761246
0.13,0.5540346020761246
0.14,0.5540346020761246
0.15,0.5540346020761246
0.16,0.5540346020761246
0.17,0.5540346020761246
0.18,0.5540346020761246
0.19,0.5540346020761246
0.2,0.5540346020761246
0.21,0.5540346020761246
0.22,0.5540346020761246
0.23,0.5540346020761246
0.24,0.5540346020761246
0.25,0.5540346020761246
0.26,0.5540346020761246
0.27,0.5540346020761246
0.28,0.5540346020761246
0.29,0.5540346020761246
0.3,0.5540346020761246
0.31,0.5540346020761246
0.32,0.5540346020761246
0.33,0.5540346020761246
0.34,0.5540346020761246
0.35000000000000003,0.5540346020761246
0.36,0.5540346020761246
0.37,0.5540346020761246
0.38,0.5540346020761246
0.39,0.5540346020761246
0.4,0.5540346020761246
0.41,0.5540346020761246
0.42,0.5540346020761246
0.43,0.5540346020761246
0.44,0.5540346020761246
0.45,0.5540346020761246
0.46,0.5540346020761246
0.47,0.5540346020761246
0.48,0.5540346020761246
0.49,0.5540346020761246
0.5,0.5540346020761246
0.51,0.5540346020761246
0.52,0.5540346020761246
0.53,0.5540346020761246
0.54,0.5540346020761246
0.55,0.5540346020761246
0.56,0.5540346020761246
0.5700000000000001,0.5540346020761246
0.58,0.5540346020761246
0.59,0.5540346020761246
0.6,0.5540346020761246
0.61,0.5540346020761246
0.62,0.5540346020761246
0.63,0.5540346020761246
0.64,0.5540346020761246
0.65,0.5540346020761246
0.66,0.5540346020761246
0.67,0.5540346020761246
0.68,0.5540346020761246
0.6900000000000001,0.5540346020761246
0.7000000000000001,0.5540346020761246
0.71,0.5540346020761246
0.72,0.5540346020761246
0.73,0.5540346020761246
0.74,0.5540346020761246
0.75,0.5540346020761246
0.76,0.5540346020761246
0.77,0.5540346020761246
0.78,0.5540346020761246
0.79,0.5540346020761246
0.8,0.5540346020761246
0.81,0.5540346020761246
0.82,0.5540346020761246
0.83,0.5540346020761246
0.84,0.5540346020761246
0.85,0.5540346020761246
0.86,0.5540346020761246
0.87,0.5540346020761246
0.88,0.5540346020761246
0.89,0.5540346020761246
0.9,0.5540346020761246
0.91,0.5540346020761246
0.92,0.5540346020761246
0.93,0.5540346020761246
0.94,0.5540346020761246
0.95,0.5540346020761246
0.96,0.5540346020761246
0.97,0.5540346020761246
0.98,0.5540346020761246
0.9900000000000002,0.5540346020761246
0.01,0.5590712802768166
0.02,0.5590712802768166
0.03,0.5590712802768166
0.04,0.5590712802768166
0.05,0.5590712802768166
0.06,0.5590712802768166
0.07,0.5590712802768166
0.08,0.5590712802768166
0.09,0.5590712802768166
0.1,0.5590712802768166
0.11,0.5590712802768166
0.12,0.5590712802768166
0.13,0.5590712802768166
0.14,0.5590712802768166
0.15,0.5590712802768166
0.16,0.5590712802768166
0.17,0.5590712802768166
0.18,0.5590712802768166
0.19,0.5590712802768166
0.2,0.5590712802768166
0.21,0.5590712802768166
0.22,0.5590712802768166
0.23,0.5590712802768166
0.24,0.5590712802768166
0.25,0.5590712802768166
0.26,0.5590712802768166
0.27,0.5590712802768166
0.28,0.5590712802768166
0.29,0.5590712802768166
0.3,0.5590712802768166
0.31,0.5590712802768166
0.32,0.5590712802768166
0.33,0.5590712802768166
0.34,0.5590712802768166
0.35000000000000003,0.5590712802768166
0.36,0.5590712802768166
0.37,0.5590712802768166
0.38,0.5590712802768166
0.39,0.5590712802768166
0.4,0.5590712802768166
0.41,0.5590712802768166
0.42,0.5590712802768166
0.43,0.5590712802768166
0.44,0.5590712802768166
0.45,0.5590712802768166
0.46,0.5590712802768166
0.47,0.5590712802768166
0.48,0.5590712802768166
0.49,0.5590712802768166
0.5,0.5590712802768166
0.51,0.5590712802768166
0.52,0.5590712802768166
0.53,0.5590712802768166
0.54,0.5590712802768166
0.55,0.5590712802768166
0.56,0.5590712802768166
0.5700000000000001,0.5590712802768166
0.58,0.5590712802768166
0.59,0.5590712802768166
0.6,0.5590712802768166
0.61,0.5590712802768166
0.62,0.5590712802768166
0.63,0.5590712802768166
0.64,0.5590712802768166
0.65,0.5590712802768166
0.66,0.5590712802768166
0.67,0.5590712802768166
0.68,0.5590712802768166
0.6900000000000001,0.5590712802768166
0.7000000000000001,0.5590712802768166
0.71,0.5590712802768166
0.72,0.5590712802768166
0.73,0.5590712802768166
0.74,0.5590712802768166
0.75,0.5590712802768166
0.76,0.5590712802768166
0.77,0.5590712802768166
0.78,0.5590712802768166
0.79,0.5590712802768166
0.8,0.5590712802768166
0.81,0.5590712802768166
0.82,0.5590712802768166
0.83,0.5590712802768166
0.84,0.5590712802768166
0.85,0.5590712802768166
0.86,0.5590712802768166
0.87,0.5590712802768166
0.88,0.5590712802768166
0.89,0.5590712802768166
0.9,0.5590712802768166
0.91,0.5590712802768166
0.92,0.5590712802768166
0.93,0.5590712802768166
0.94,0.5590712802768166
0.95,0.5590712802768166
0.96,0.5590712802768166
0.97,0.5590712802768166
0.98,0.5590712802768166
0.9900000000000002,0.5590712802768166
0.01,0.5641079584775086
0.02,0.5641079584775086
0.03,0.5641079584775086
0.04,0.5641079584775086
0.05,0.5641079584775086
0.06,0.5641079584775086
0.07,0.5641079584775086
0.08,0.5641079584775086
0.09,0.5641079584775086
0.1,0.5641079584775086
0.11,0.5641079584775086
0.12,0.5641079584775086
0.13,0.5641079584775086
0.14,0.5641079584775086
0.15,0.5641079584775086
0.16,0.5641079584775086
0.17,0.5641079584775086
0.18,0.5641079584775086
0.19,0.5641079584775086
0.2,0.5641079584775086
0.21,0.5641079584775086
0.22,0.5641079584775086
0.23,0.5641079584775086
0.24,0.5641079584775086
0.25,0.5641079584775086
0.26,0.5641079584775086
0.27,0.5641079584775086
0.28,0.5641079584775086
0.29,0.5641079584775086
0.3,0.5641079584775086
0.31,0.5641079584775086
0.32,0.5641079584775086
0.33,0.5641079584775086
0.34,0.5641079584775086
0.35000000000000003,0.5641079584775086
0.36,0.5641079584775086
0.37,0.5641079584775086
0.38,0.5641079584775086
0.39,0.5641079584775086
0.4,0.5641079584775086
0.41,0.5641079584775086
0.42,0.5641079584775086
0.43,0.5641079584775086
0.44,0.5641079584775086
0.45,0.5641079584775086
0.46,0.5641079584775086
0.47,0.5641079584775086
0.48,0.5641079584775086
0.49,0.5641079584775086
0.5,0.5641079584775086
0.51,0.5641079584775086
0.52,0.5641079584775086
0.53,0.5641079584775086
0.54,0.5641079584775086
0.55,0.5641079584775086
0.56,0.5641079584775086
0.5700000000000001,0.5641079584775086
0.58,0.5641079584775086
0.59,0.5641079584775086
0.6,0.5641079584775086
0.61,0.5641079584775086
0.62,0.5641079584775086
0.63,0.5641079584775086
0.64,0.5641079584775086
0.65,0.5641079584775086
0.66,0.5641079584775086
0.67,0.5641079584775086
0.68,0.5641079584775086
0.6900000000000001,0.5641079584775086
0.7000000000000001,0.5641079584775086
0.71,0.5641079584775086
0.72,0.5641079584775086
0.73,0.5641079584775086
0.74,0.5641079584775086
0.75,0.5641079584775086
0.76,0.5641079584775086
0.77,0.5641079584775086
0.78,0.5641079584775086
0.79,0.5641079584775086
0.8,0.5641079584775086
0.81,0.5641079584775086
0.82,0.5641079584775086
0.83,0.5641079584775086
0.84,0.5641079584775086
0.85,0.5641079584775086
0.86,0.5641079584775086
0.87,0.5641079584775086
0.88,0.5641079584775086
0.89,0.5641079584775086
0.9,0.5641079584775086
0.91,0.5641079584775086
0.92,0.5641079584775086
0.93,0.5641079584775086
0.94,0.5641079584775086
0.95,0.5641079584775086
0.96,0.5641079584775086
0.97,0.5641079584775086
0.98,0.5641079584775086
0.9900000000000002,0.5641079584775086
0.01,0.5691446366782007
0.02,0.5691446366782007
0.03,0.5691446366782007
0.04,0.5691446366782007
0.05,0.5691446366782007
0.06,0.5691446366782007
0.07,0.5691446366782007
0.08,0.5691446366782007
0.09,0.5691446366782007
0.1,0.5691446366782007
0.11,0.5691446366782007
0.12,0.5691446366782007
0.13,0.5691446366782007
0.14,0.5691446366782007
0.15,0.5691446366782007
0.16,0.5691446366782007
0.17,0.5691446366782007
0.18,0.5691446366782007
0.19,0.5691446366782007
0.2,0.5691446366782007
0.21,0.5691446366782007
0.22,0.5691446366782007
0.23,0.5691446366782007
0.24,0.5691446366782007
0.25,0.5691446366782007
0.26,0.5691446366782007
0.27,0.5691446366782007
0.28,0.5691446366782007
0.29,0.5691446366782007
0.3,0.5691446366782007
0.31,0.5691446366782007
0.32,0.5691446366782007
0.33,0.5691446366782007
0.34,0.5691446366782007
0.35000000000000003,0.5691446366782007
0.36,0.5691446366782007
0.37,0.5691446366782007
0.38,0.5691446366782007
0.39,0.5691446366782007
0.4,0.5691446366782007
0.41,0.5691446366782007
0.42,0.5691446366782007
0.43,0.5691446366782007
0.44,0.5691446366782007
0.45,0.5691446366782007
0.46,0.5691446366782007
0.47,0.5691446366782007
0.48,0.5691446366782007
0.49,0.5691446366782007
0.5,0.5691446366782007
0.51,0.5691446366782007
0.52,0.5691446366782007
0.53,0.5691446366782007
0.54,0.5691446366782007
0.55,0.5691446366782007
0.56,0.5691446366782007
0.5700000000000001,0.5691446366782007
0.58,0.5691446366782007
0.59,0.5691446366782007
0.6,0.5691446366782007
0.61,0.5691446366782007
0.62,0.5691446366782007
0.63,0.5691446366782007
0.64,0.5691446366782007
0.65,0.5691446366782007
0.66,0.5691446366782007
0.67,0.5691446366782007
0.68,0.5691446366782007
0.6900000000000001,0.5691446366782007
0.7000000000000001,0.5691446366782007
0.71,0.5691446366782007
0.72,0.5691446366782007
0.73,0.5691446366782007
0.74,0.5691446366782007
0.75,0.5691446366782007
0.76,0.5691446366782007
0.77,0.5691446366782007
0.78,0.5691446366782007
0.79,0.5691446366782007
0.8,0.5691446366782007
0.81,0.5691446366782007
0.82,0.5691446366782007
0.83,0.5691446366782007
0.84,0.5691446366782007
0.85,0.5691446366782007
0.86,0.5691446366782007
0.87,0.5691446366782007
0.88,0.5691446366782007
0.89,0.5691446366782007
0.9,0.5691446366782007
0.91,0.5691446366782007
0.92,0.5691446366782007
0.93,0.5691446366782007
0.94,0.5691446366782007
0.95,0.5691446366782007
0.96,0.5691446366782007
0.97,0.5691446366782007
0.98,0.5691446366782007
0.9900000000000002,0.5691446366782007
0.01,0.5741813148788928
0.02,0.5741813148788928
0.03,0.5741813148788928
0.04,0.5741813148788928
0.05,0.5741813148788928
0.06,0.5741813148788928
0.07,0.5741813148788928
0.08,0.5741813148788928
0.09,0.5741813148788928
0.1,0.5741813148788928
0.11,0.5741813148788928
0.12,0.5741813148788928
0.13,0.5741813148788928
0.14,0.5741813148788928
0.15,0.5741813148788928
0.16,0.5741813148788928
0.17,0.5741813148788928
0.18,0.5741813148788928
0.19,0.5741813148788928
0.2,0.5741813148788928
0.21,0.5741813148788928
0.22,0.5741813148788928
0.23,0.5741813148788928
0.24,0.5741813148788928
0.25,0.5741813148788928
0.26,0.5741813148788928
0.27,0.5741813148788928
0.28,0.5741813148788928
0.29,0.5741813148788928
0.3,0.5741813148788928
0.31,0.5741813148788928
0.32,0.5741813148788928
0.33,0.5741813148788928
0.34,0.5741813148788928
0.35000000000000003,0.5741813148788928
0.36,0.5741813148788928
0.37,0.5741813148788928
0.38,0.5741813148788928
0.39,0.5741813148788928
0.4,0.5741813148788928
0.41,0.5741813148788928
0.42,0.5741813148788928
0.43,0.5741813148788928
0.44,0.5741813148788928
0.45,0.5741813148788928
0.46,0.5741813148788928
0.47,0.5741813148788928
0.48,0.5741813148788928
0.49,0.5741813148788928
0.5,0.5741813148788928
0.51,0.5741813148788928
0.52,0.5741813148788928
0.53,0.5741813148788928
0.54,0.5741813148788928
0.55,0.5741813148788928
0.56,0.5741813148788928
0.5700000000000001,0.5741813148788928
0.58,0.5741813148788928
0.59,0.5741813148788928
0.6,0.5741813148788928
0.61,0.5741813148788928
0.62,0.5741813148788928
0.63,0.5741813148788928
0.64,0.5741813148788928
0.65,0.5741813148788928
0.66,0.5741813148788928
0.67,0.5741813148788928
0.68,0.5741813148788928
0.6900000000000001,0.5741813148788928
0.7000000000000001,0.5741813148788928
0.71,0.5741813148788928
0.72,0.5741813148788928
0.73,0.5741813148788928
0.74,0.5741813148788928
0.75,0.5741813148788928
0.76,0.5741813148788928
0.77,0.5741813148788928
0.78,0.5741813148788928
0.79,0.5741813148788928
0.8,0.5741813148788928
0.81,0.5741813148788928
0.82,0.5741813148788928
0.83,0.5741813148788928
0.84,0.5741813148788928
0.85,0.5741813148788928
0.86,0.5741813148788928
0.87,0.5741813148788928
0.88,0.5741813148788928
0.89,0.5741813148788928
0.9,0.5741813148788928
0.91,0.5741813148788928
0.92,0.5741813148788928
0.93,0.5741813148788928
0.94,0.5741813148788928
0.95,0.5741813148788928
0.96,0.5741813148788928
0.97,0.5741813148788928
0.98,0.5741813148788928
0.9900000000000002,0.5741813148788928
0.01,0.5792179930795848
0.02,0.5792179930795848
0.03,0.5792179930795848
0.04,0.5792179930795848
0.05,0.5792179930795848
0.06,0.5792179930795848
0.07,0.5792179930795848
0.08,0.5792179930795848
0.09,0.5792179930795848
0.1,0.5792179930795848
0.11,0.5792179930795848
0.12,0.5792179930795848
0.13,0.5792179930795848
0.14,0.5792179930795848
0.15,0.5792179930795848
0.16,0.5792179930795848
0.17,0.5792179930795848
0.18,0.5792179930795848
0.19,0.5792179930795848
0.2,0.5792179930795848
0.21,0.5792179930795848
0.22,0.5792179930795848
0.23,0.5792179930795848
0.24,0.5792179930795848
0.25,0.5792179930795848
0.26,0.5792179930795848
0.27,0.5792179930795848
0.28,0.5792179930795848
0.29,0.5792179930795848
0.3,0.5792179930795848
0.31,0.5792179930795848
0.32,0.5792179930795848
0.33,0.5792179930795848
0.34,0.5792179930795848
0.35000000000000003,0.5792179930795848
0.36,0.5792179930795848
0.37,0.5792179930795848
0.38,0.5792179930795848
0.39,0.5792179930795848
0.4,0.5792179930795848
0.41,0.5792179930795848
0.42,0.5792179930795848
0.43,0.5792179930795848
0.44,0.5792179930795848
0.45,0.5792179930795848
0.46,0.5792179930795848
0.47,0.5792179930795848
0.48,0.5792179930795848
0.49,0.5792179930795848
0.5,0.5792179930795848
0.51,0.5792179930795848
0.52,0.5792179930795848
0.53,0.5792179930795848
0.54,0.5792179930795848
0.55,0.5792179930795848
0.56,0.5792179930795848
0.5700000000000001,0.5792179930795848
0.58,0.5792179930795848
0.59,0.5792179930795848
0.6,0.5792179930795848
0.61,0.5792179930795848
0.62,0.5792179930795848
0.63,0.5792179930795848
0.64,0.5792179930795848
0.65,0.5792179930795848
0.66,0.5792179930795848
0.67,0.5792179930795848
0.68,0.5792179930795848
0.6900000000000001,0.5792179930795848
0.7000000000000001,0.5792179930795848
0.71,0.5792179930795848
0.72,0.5792179930795848
0.73,0.5792179930795848
0.74,0.5792179930795848
0.75,0.5792179930795848
0.76,0.5792179930795848
0.77,0.5792179930795848
0.78,0.5792179930795848
0.79,0.5792179930795848
0.8,0.5792179930795848
0.81,0.5792179930795848
0.82,0.5792179930795848
0.83,0.5792179930795848
0.84,0.5792179930795848
0.85,0.5792179930795848
0.86,0.5792179930795848
0.87,0.5792179930795848
0.88,0.5792179930795848
0.89,0.5792179930795848
0.9,0.5792179930795848
0.91,0.5792179930795848
0.92,0.5792179930795848
0.93,0.5792179930795848
0.94,0.5792179930795848
0.95,0.5792179930795848
0.96,0.5792179930795848
0.97,0.5792179930795848
0.98,0.5792179930795848
0.9900000000000002,0.5792179930795848
0.01,0.5842546712802769
0.02,0.5842546712802769
0.03,0.5842546712802769
0.04,0.5842546712802769
0.05,0.5842546712802769
0.06,0.5842546712802769
0.07,0.5842546712802769
0.08,0.5842546712802769
0.09,0.5842546712802769
0.1,0.5842546712802769
0.11,0.5842546712802769
0.12,0.5842546712802769
0.13,0.5842546712802769
0.14,0.5842546712802769
0.15,0.5842546712802769
0.16,0.5842546712802769
0.17,0.5842546712802769
0.18,0.5842546712802769
0.19,0.5842546712802769
0.2,0.5842546712802769
0.21,0.5842546712802769
0.22,0.5842546712802769
0.23,0.5842546712802769
0.24,0.5842546712802769
0.25,0.5842546712802769
0.26,0.5842546712802769
0.27,0.5842546712802769
0.28,0.5842546712802769
0.29,0.5842546712802769
0.3,0.5842546712802769
0.31,0.5842546712802769
0.32,0.5842546712802769
0.33,0.5842546712802769
0.34,0.5842546712802769
0.35000000000000003,0.5842546712802769
0.36,0.5842546712802769
0.37,0.5842546712802769
0.38,0.5842546712802769
0.39,0.5842546712802769
0.4,0.5842546712802769
0.41,0.5842546712802769
0.42,0.5842546712802769
0.43,0.5842546712802769
0.44,0.5842546712802769
0.45,0.5842546712802769
0.46,0.5842546712802769
0.47,0.5842546712802769
0.48,0.5842546712802769
0.49,0.5842546712802769
0.5,0.5842546712802769
0.51,0.5842546712802769
0.52,0.5842546712802769
0.53,0.5842546712802769
0.54,0.5842546712802769
0.55,0.5842546712802769
0.56,0.5842546712802769
0.5700000000000001,0.5842546712802769
0.58,0.5842546712802769
0.59,0.5842546712802769
0.6,0.5842546712802769
0.61,0.5842546712802769
0.62,0.5842546712802769
0.63,0.5842546712802769
0.64,0.5842546712802769
0.65,0.5842546712802769
0.66,0.5842546712802769
0.67,0.5842546712802769
0.68,0.5842546712802769
0.6900000000000001,0.5842546712802769
0.7000000000000001,0.5842546712802769
0.71,0.5842546712802769
0.72,0.5842546712802769
0.73,0.5842546712802769
0.74,0.5842546712802769
0.75,0.5842546712802769
0.76,0.5842546712802769
0.77,0.5842546712802769
0.78,0.5842546712802769
0.79,0.5842546712802769
0.8,0.5842546712802769
0.81,0.5842546712802769
0.82,0.5842546712802769
0.83,0.5842546712802769
0.84,0.5842546712802769
0.85,0.5842546712802769
0.86,0.5842546712802769
0.87,0.5842546712802769
0.88,0.5842546712802769
0.89,0.5842546712802769
0.9,0.5842546712802769
0.91,0.5842546712802769
0.92,0.5842546712802769
0.93,0.5842546712802769
0.94,0.5842546712802769
0.95,0.5842546712802769
0.96,0.5842546712802769
0.97,0.5842546712802769
0.98,0.5842546712802769
0.9900000000000002,0.5842546712802769
0.01,0.5892913494809688
0.02,0.5892913494809688
0.03,0.5892913494809688
0.04,0.5892913494809688
0.05,0.5892913494809688
0.06,0.5892913494809688
0.07,0.5892913494809688
0.08,0.5892913494809688
0.09,0.5892913494809688
0.1,0.5892913494809688
0.11,0.5892913494809688
0.12,0.5892913494809688
0.13,0.5892913494809688
0.14,0.5892913494809688
0.15,0.5892913494809688
0.16,0.5892913494809688
0.17,0.5892913494809688
0.18,0.5892913494809688
0.19,0.5892913494809688
0.2,0.5892913494809688
0.21,0.5892913494809688
0.22,0.5892913494809688
0.23,0.5892913494809688
0.24,0.5892913494809688
0.25,0.5892913494809688
0.26,0.5892913494809688
0.27,0.5892913494809688
0.28,0.5892913494809688
0.29,0.5892913494809688
0.3,0.5892913494809688
0.31,0.5892913494809688
0.32,0.5892913494809688
0.33,0.5892913494809688
0.34,0.5892913494809688
0.35000000000000003,0.5892913494809688
0.36,0.5892913494809688
0.37,0.5892913494809688
0.38,0.5892913494809688
0.39,0.5892913494809688
0.4,0.5892913494809688
0.41,0.5892913494809688
0.42,0.5892913494809688
0.43,0.5892913494809688
0.44,0.5892913494809688
0.45,0.5892913494809688
0.46,0.5892913494809688
0.47,0.5892913494809688
0.48,0.5892913494809688
0.49,0.5892913494809688
0.5,0.5892913494809688
0.51,0.5892913494809688
0.52,0.5892913494809688
0.53,0.5892913494809688
0.54,0.5892913494809688
0.55,0.5892913494809688
0.56,0.5892913494809688
0.5700000000000001,0.5892913494809688
0.58,0.5892913494809688
0.59,0.5892913494809688
0.6,0.5892913494809688
0.61,0.5892913494809688
0.62,0.5892913494809688
0.63,0.5892913494809688
0.64,0.5892913494809688
0.65,0.5892913494809688
0.66,0.5892913494809688
0.67,0.5892913494809688
0.68,0.5892913494809688
0.6900000000000001,0.5892913494809688
0.7000000000000001,0.5892913494809688
0.71,0.5892913494809688
0.72,0.5892913494809688
0.73,0.5892913494809688
0.74,0.5892913494809688
0.75,0.5892913494809688
0.76,0.5892913494809688
0.77,0.5892913494809688
0.78,0.5892913494809688
0.79,0.5892913494809688
0.8,0.5892913494809688
0.81,0.5892913494809688
0.82,0.5892913494809688
0.83,0.5892913494809688
0.84,0.5892913494809688
0.85,0.5892913494809688
0.86,0.5892913494809688
0.87,0.5892913494809688
0.88,0.5892913494809688
0.89,0.5892913494809688
0.9,0.5892913494809688
0.91,0.5892913494809688
0.92,0.5892913494809688
0.93,0.5892913494809688
0.94,0.5892913494809688
0.95,0.5892913494809688
0.96,0.5892913494809688
0.97,0.5892913494809688
0.98,0.5892913494809688
0.9900000000000002,0.5892913494809688
0.01,0.5943280276816608
0.02,0.5943280276816608
0.03,0.5943280276816608
0.04,0.5943280276816608
0.05,0.5943280276816608
0.06,0.5943280276816608
0.07,0.5943280276816608
0.08,0.5943280276816608
0.09,0.5943280276816608
0.1,0.5943280276816608
0.11,0.5943280276816608
0.12,0.5943280276816608
0.13,0.5943280276816608
0.14,0.5943280276816608
0.15,0.5943280276816608
0.16,0.5943280276816608
0.17,0.5943280276816608
0.18,0.5943280276816608
0.19,0.5943280276816608
0.2,0.5943280276816608
0.21,0.5943280276816608
0.22,0.5943280276816608
0.23,0.5943280276816608
0.24,0.5943280276816608
0.25,0.5943280276816608
0.26,0.5943280276816608
0.27,0.5943280276816608
0.28,0.5943280276816608
0.29,0.5943280276816608
0.3,0.5943280276816608
0.31,0.5943280276816608
0.32,0.5943280276816608
0.33,0.5943280276816608
0.34,0.5943280276816608
0.35000000000000003,0.5943280276816608
0.36,0.5943280276816608
0.37,0.5943280276816608
0.38,0.5943280276816608
0.39,0.5943280276816608
0.4,0.5943280276816608
0.41,0.5943280276816608
0.42,0.5943280276816608
0.43,0.5943280276816608
0.44,0.5943280276816608
0.45,0.5943280276816608
0.46,0.5943280276816608
0.47,0.5943280276816608
0.48,0.5943280276816608
0.49,0.5943280276816608
0.5,0.5943280276816608
0.51,0.5943280276816608
0.52,0.5943280276816608
0.53,0.5943280276816608
0.54,0.5943280276816608
0.55,0.5943280276816608
0.56,0.5943280276816608
0.5700000000000001,0.5943280276816608
0.58,0.5943280276816608
0.59,0.5943280276816608
0.6,0.5943280276816608
0.61,0.5943280276816608
0.62,0.5943280276816608
0.63,0.5943280276816608
0.64,0.5943280276816608
0.65,0.5943280276816608
0.66,0.5943280276816608
0.67,0.5943280276816608
0.68,0.5943280276816608
0.6900000000000001,0.5943280276816608
0.7000000000000001,0.5943280276816608
0.71,0.5943280276816608
0.72,0.5943280276816608
0.73,0.5943280276816608
0.74,0.5943280276816608
0.75,0.5943280276816608
0.76,0.5943280276816608
0.77,0.5943280276816608
0.78,0.5943280276816608
0.79,0.5943280276816608
0.8,0.5943280276816608
0.81,0.5943280276816608
0.82,0.5943280276816608
0.83,0.5943280276816608
0.84,0.5943280276816608
0.85,0.5943280276816608
0.86,0.5943280276816608
0.87,0.5943280276816608
0.88,0.5943280276816608
0.89,0.5943280276816608
0.9,0.5943280276816608
0.91,0.5943280276816608
0.92,0.5943280276816608
0.93,0.5943280276816608
0.94,0.5943280276816608
0.95,0.5943280276816608
0.96,0.5943280276816608
0.97,0.5943280276816608
0.98,0.5943280276816608
0.9900000000000002,0.5943280276816608
0.01,0.5993647058823529
0.02,0.5993647058823529
0.03,0.5993647058823529
0.04,0.5993647058823529
0.05,0.5993647058823529
0.06,0.5993647058823529
0.07,0.5993647058823529
0.08,0.5993647058823529
0.09,0.5993647058823529
0.1,0.5993647058823529
0.11,0.5993647058823529
0.12,0.5993647058823529
0.13,0.5993647058823529
0.14,0.5993647058823529
0.15,0.5993647058823529
0.16,0.5993647058823529
0.17,0.5993647058823529
0.18,0.5993647058823529
0.19,0.5993647058823529
0.2,0.5993647058823529
0.21,0.5993647058823529
0.22,0.5993647058823529
0.23,0.5993647058823529
0.24,0.5993647058823529
0.25,0.5993647058823529
0.26,0.5993647058823529
0.27,0.5993647058823529
0.28,0.5993647058823529
0.29,0.5993647058823529
0.3,0.5993647058823529
0.31,0.5993647058823529
0.32,0.5993647058823529
0.33,0.5993647058823529
0.34,0.5993647058823529
0.35000000000000003,0.5993647058823529
0.36,0.5993647058823529
0.37,0.5993647058823529
0.38,0.5993647058823529
0.39,0.5993647058823529
0.4,0.5993647058823529
0.41,0.5993647058823529
0.42,0.5993647058823529
0.43,0.5993647058823529
0.44,0.5993647058823529
0.45,0.5993647058823529
0.46,0.5993647058823529
0.47,0.5993647058823529
0.48,0.5993647058823529
0.49,0.5993647058823529
0.5,0.5993647058823529
0.51,0.5993647058823529
0.52,0.5993647058823529
0.53,0.5993647058823529
0.54,0.5993647058823529
0.55,0.5993647058823529
0.56,0.5993647058823529
0.5700000000000001,0.5993647058823529
0.58,0.5993647058823529
0.59,0.5993647058823529
0.6,0.5993647058823529
0.61,0.5993647058823529
0.62,0.5993647058823529
0.63,0.5993647058823529
0.64,0.5993647058823529
0.65,0.5993647058823529
0.66,0.5993647058823529
0.67,0.5993647058823529
0.68,0.5993647058823529
0.6900000000000001,0.5993647058823529
0.7000000000000001,0.5993647058823529
0.71,0.5993647058823529
0.72,0.5993647058823529
0.73,0.5993647058823529
0.74,0.5993647058823529
0.75,0.5993647058823529
0.76,0.5993647058823529
0.77,0.5993647058823529
0.78,0.5993647058823529
0.79,0.5993647058823529
0.8,0.5993647058823529
0.81,0.5993647058823529
0.82,0.5993647058823529
0.83,0.5993647058823529
0.84,0.5993647058823529
0.85,0.5993647058823529
0.86,0.5993647058823529
0.87,0.5993647058823529
0.88,0.5993647058823529
0.89,0.5993647058823529
0.9,0.5993647058823529
0.91,0.5993647058823529
0.92,0.5993647058823529
0.93,0.5993647058823529
0.94,0.5993647058823529
0.95,0.5993647058823529
0.96,0.5993647058823529
0.97,0.5993647058823529
0.98,0.5993647058823529
0.9900000000000002,0.5993647058823529
0.01,0.604401384083045
0.02,0.604401384083045
0.03,0.604401384083045
0.04,0.604401384083045
0.05,0.604401384083045
0.06,0.604401384083045
0.07,0.604401384083045
0.08,0.604401384083045
0.09,0.604401384083045
0.1,0.604401384083045
0.11,0.604401384083045
0.12,0.604401384083045
0.13,0.604401384083045
0.14,0.604401384083045
0.15,0.604401384083045
0.16,0.604401384083045
0.17,0.604401384083045
0.18,0.604401384083045
0.19,0.604401384083045
0.2,0.604401384083045
0.21,0.604401384083045
0.22,0.604401384083045
0.23,0.604401384083045
0.24,0.604401384083045
0.25,0.604401384083045
0.26,0.604401384083045
0.27,0.604401384083045
0.28,0.604401384083045
0.29,0.604401384083045
0.3,0.604401384083045
0.31,0.604401384083045
0.32,0.604401384083045
0.33,0.604401384083045
0.34,0.604401384083045
0.35000000000000003,0.604401384083045
0.36,0.604401384083045
0.37,0.604401384083045
0.38,0.604401384083045
0.39,0.604401384083045
0.4,0.604401384083045
0.41,0.604401384083045
0.42,0.604401384083045
0.43,0.604401384083045
0.44,0.604401384083045
0.45,0.604401384083045
0.46,0.604401384083045
0.47,0.604401384083045
0.48,0.604401384083045
0.49,0.604401384083045
0.5,0.604401384083045
0.51,0.604401384083045
0.52,0.604401384083045
0.53,0.604401384083045
0.54,0.604401384083045
0.55,0.604401384083045
0.56,0.604401384083045
0.5700000000000001,0.604401384083045
0.58,0.604401384083045
0.59,0.604401384083045
0.6,0.604401384083045
0.61,0.604401384083045
0.62,0.604401384083045
0.63,0.604401384083045
0.64,0.604401384083045
0.65,0.604401384083045
0.66,0.604401384083045
0.67,0.604401384083045
0.68,0.604401384083045
0.6900000000000001,0.604401384083045
0.7000000000000001,0.604401384083045
0.71,0.604401384083045
0.72,0.604401384083045
0.73,0.604401384083045
0.74,0.604401384083045
0.75,0.604401384083045
0.76,0.604401384083045
0.77,0.604401384083045
0.78,0.604401384083045
0.79,0.604401384083045
0.8,0.604401384083045
0.81,0.604401384083045
0.82,0.604401384083045
0.83,0.604401384083045
0.84,0.604401384083045
0.85,0.604401384083045
0.86,0.604401384083045
0.87,0.604401384083045
0.88,0.604401384083045
0.89,0.604401384083045
0.9,0.604401384083045
0.91,0.604401384083045
0.92,0.604401384083045
0.93,0.604401384083045
0.94,0.604401384083045
0.95,0.604401384083045
0.96,0.604401384083045
0.97,0.604401384083045
0.98,0.604401384083045
0.9900000000000002,0.604401384083045
0.01,0.6094380622837371
0.02,0.6094380622837371
0.03,0.6094380622837371
0.04,0.6094380622837371
0.05,0.6094380622837371
0.06,0.6094380622837371
0.07,0.6094380622837371
0.08,0.6094380622837371
0.09,0.6094380622837371
0.1,0.6094380622837371
0.11,0.6094380622837371
0.12,0.6094380622837371
0.13,0.6094380622837371
0.14,0.6094380622837371
0.15,0.6094380622837371
0.16,0.6094380622837371
0.17,0.6094380622837371
0.18,0.6094380622837371
0.19,0.6094380622837371
0.2,0.6094380622837371
0.21,0.6094380622837371
0.22,0.6094380622837371
0.23,0.6094380622837371
0.24,0.6094380622837371
0.25,0.6094380622837371
0.26,0.6094380622837371
0.27,0.6094380622837371
0.28,0.6094380622837371
0.29,0.6094380622837371
0.3,0.6094380622837371
0.31,0.6094380622837371
0.32,0.6094380622837371
0.33,0.6094380622837371
0.34,0.6094380622837371
0.35000000000000003,0.6094380622837371
0.36,0.6094380622837371
0.37,0.6094380622837371
0.38,0.6094380622837371
0.39,0.6094380622837371
0.4,0.6094380622837371
0.41,0.6094380622837371
0.42,0.6094380622837371
0.43,0.6094380622837371
0.44,0.6094380622837371
0.45,0.6094380622837371
0.46,0.6094380622837371
0.47,0.6094380622837371
0.48,0.6094380622837371
0.49,0.6094380622837371
0.5,0.6094380622837371
0.51,0.6094380622837371
0.52,0.6094380622837371
0.53,0.6094380622837371
0.54,0.6094380622837371
0.55,0.6094380622837371
0.56,0.6094380622837371
0.5700000000000001,0.6094380622837371
0.58,0.6094380622837371
0.59,0.6094380622837371
0.6,0.6094380622837371
0.61,0.6094380622837371
0.62,0.6094380622837371
0.63,0.6094380622837371
0.64,0.6094380622837371
0.65,0.6094380622837371
0.66,0.6094380622837371
0.67,0.6094380622837371
0.68,0.6094380622837371
0.6900000000000001,0.6094380622837371
0.7000000000000001,0.6094380622837371
0.71,0.6094380622837371
0.72,0.6094380622837371
0.73,0.6094380622837371
0.74,0.6094380622837371
0.75,0.6094380622837371
0.76,0.6094380622837371
0.77,0.6094380622837371
0.78,0.6094380622837371
0.79,0.6094380622837371
0.8,0.6094380622837371
0.81,0.6094380622837371
0.82,0.6094380622837371
0.83,0.6094380622837371
0.84,0.6094380622837371
0.85,0.6094380622837371
0.86,0.6094380622837371
0.87,0.6094380622837371
0.88,0.6094380622837371
0.89,0.6094380622837371
0.9,0.6094380622837371
0.91,0.6094380622837371
0.92,0.6094380622837371
0.93,0.6094380622837371
0.94,0.6094380622837371
0.95,0.6094380622837371
0.96,0.6094380622837371
0.97,0.6094380622837371
0.98,0.6094380622837371
0.9900000000000002,0.6094380622837371
0.01,0.6144747404844291
0.02,0.6144747404844291
0.03,0.6144747404844291
0.04,0.6144747404844291
0.05,0.6144747404844291
0.06,0.6144747404844291
0.07,0.6144747404844291
0.08,0.6144747404844291
0.09,0.6144747404844291
0.1,0.6144747404844291
0.11,0.6144747404844291
0.12,0.6144747404844291
0.13,0.6144747404844291
0.14,0.6144747404844291
0.15,0.6144747404844291
0.16,0.6144747404844291
0.17,0.6144747404844291
0.18,0.6144747404844291
0.19,0.6144747404844291
0.2,0.6144747404844291
0.21,0.6144747404844291
0.22,0.6144747404844291
0.23,0.6144747404844291
0.24,0.6144747404844291
0.25,0.6144747404844291
0.26,0.6144747404844291
0.27,0.6144747404844291
0.28,0.6144747404844291
0.29,0.6144747404844291
0.3,0.6144747404844291
0.31,0.6144747404844291
0.32,0.6144747404844291
0.33,0.6144747404844291
0.34,0.6144747404844291
0.35000000000000003,0.6144747404844291
0.36,0.6144747404844291
0.37,0.6144747404844291
0.38,0.6144747404844291
0.39,0.6144747404844291
0.4,0.6144747404844291
0.41,0.6144747404844291
0.42,0.6144747404844291
0.43,0.6144747404844291
0.44,0.6144747404844291
0.45,0.6144747404844291
0.46,0.6144747404844291
0.47,0.6144747404844291
0.48,0.6144747404844291
0.49,0.6144747404844291
0.5,0.6144747404844291
0.51,0.6144747404844291
0.52,0.6144747404844291
0.53,0.6144747404844291
0.54,0.6144747404844291
0.55,0.6144747404844291
0.56,0.6144747404844291
0.5700000000000001,0.6144747404844291
0.58,0.6144747404844291
0.59,0.6144747404844291
0.6,0.6144747404844291
0.61,0.6144747404844291
0.62,0.6144747404844291
0.63,0.6144747404844291
0.64,0.6144747404844291
0.65,0.6144747404844291
0.66,0.6144747404844291
0.67,0.6144747404844291
0.68,0.6144747404844291
0.6900000000000001,0.6144747404844291
0.7000000000000001,0.6144747404844291
0.71,0.6144747404844291
0.72,0.6144747404844291
0.73,0.6144747404844291
0.74,0.6144747404844291
0.75,0.6144747404844291
0.76,0.6144747404844291
0.77,0.6144747404844291
0.78,0.6144747404844291
0.79,0.6144747404844291
0.8,0.6144747404844291
0.81,0.6144747404844291
0.82,0.6144747404844291
0.83,0.6144747404844291
0.84,0.6144747404844291
0.85,0.6144747404844291
0.86,0.6144747404844291
0.87,0.6144747404844291
0.88,0.6144747404844291
0.89,0.6144747404844291
0.9,0.6144747404844291
0.91,0.6144747404844291
0.92,0.6144747404844291
0.93,0.6144747404844291
0.94,0.6144747404844291
0.95,0.6144747404844291
0.96,0.6144747404844291
0.97,0.6144747404844291
0.98,0.6144747404844291
0.9900000000000002,0.6144747404844291
0.01,0.619511418685121
0.02,0.619511418685121
0.03,0.619511418685121
0.04,0.619511418685121
0.05,0.619511418685121
0.06,0.619511418685121
0.07,0.619511418685121
0.08,0.619511418685121
0.09,0.619511418685121
0.1,0.619511418685121
0.11,0.619511418685121
0.12,0.619511418685121
0.13,0.619511418685121
0.14,0.619511418685121
0.15,0.619511418685121
0.16,0.619511418685121
0.17,0.619511418685121
0.18,0.619511418685121
0.19,0.619511418685121
0.2,0.619511418685121
0.21,0.619511418685121
0.22,0.619511418685121
0.23,0.619511418685121
0.24,0.619511418685121
0.25,0.619511418685121
0.26,0.619511418685121
0.27,0.619511418685121
0.28,0.619511418685121
0.29,0.619511418685121
0.3,0.619511418685121
0.31,0.619511418685121
0.32,0.619511418685121
0.33,0.619511418685121
0.34,0.619511418685121
0.35000000000000003,0.619511418685121
0.36,0.619511418685121
0.37,0.619511418685121
0.38,0.619511418685121
0.39,0.619511418685121
0.4,0.619511418685121
0.41,0.619511418685121
0.42,0.619511418685121
0.43,0.619511418685121
0.44,0.619511418685121
0.45,0.619511418685121
0.46,0.619511418685121
0.47,0.619511418685121
0.48,0.619511418685121
0.49,0.619511418685121
0.5,0.619511418685121
0.51,0.619511418685121
0.52,0.619511418685121
0.53,0.619511418685121
0.54,0.619511418685121
0.55,0.619511418685121
0.56,0.619511418685121
0.5700000000000001,0.619511418685121
0.58,0.619511418685121
0.59,0.619511418685121
0.6,0.619511418685121
0.61,0.619511418685121
0.62,0.619511418685121
0.63,0.619511418685121
0.64,0.619511418685121
0.65,0.619511418685121
0.66,0.619511418685121
0.67,0.619511418685121
0.68,0.619511418685121
0.6900000000000001,0.619511418685121
0.7000000000000001,0.619511418685121
0.71,0.619511418685121
0.72,0.619511418685121
0.73,0.619511418685121
0.74,0.619511418685121
0.75,0.619511418685121
0.76,0.619511418685121
0.77,0.619511418685121
0.78,0.619511418685121
0.79,0.619511418685121
0.8,0.619511418685121
0.81,0.619511418685121
0.82,0.619511418685121
0.83,0.619511418685121
0.84,0.619511418685121
0.85,0.619511418685121
0.86,0.619511418685121
0.87,0.619511418685121
0.88,0.619511418685121
0.89,0.619511418685121
0.9,0.619511418685121
0.91,0.619511418685121
0.92,0.619511418685121
0.93,0.619511418685121
0.94,0.619511418685121
0.95,0.619511418685121
0.96,0.619511418685121
0.97,0.619511418685121
0.98,0.619511418685121
0.9900000000000002,0.619511418685121
0.01,0.6245480968858131
0.02,0.6245480968858131
0.03,0.6245480968858131
0.04,0.6245480968858131
0.05,0.6245480968858131
0.06,0.6245480968858131
0.07,0.6245480968858131
0.08,0.6245480968858131
0.09,0.6245480968858131
0.1,0.6245480968858131
0.11,0.6245480968858131
0.12,0.6245480968858131
0.13,0.6245480968858131
0.14,0.6245480968858131
0.15,0.6245480968858131
0.16,0.6245480968858131
0.17,0.6245480968858131
0.18,0.6245480968858131
0.19,0.6245480968858131
0.2,0.6245480968858131
0.21,0.6245480968858131
0.22,0.6245480968858131
0.23,0.6245480968858131
0.24,0.6245480968858131
0.25,0.6245480968858131
0.26,0.6245480968858131
0.27,0.6245480968858131
0.28,0.6245480968858131
0.29,0.6245480968858131
0.3,0.6245480968858131
0.31,0.6245480968858131
0.32,0.6245480968858131
0.33,0.6245480968858131
0.34,0.6245480968858131
0.35000000000000003,0.6245480968858131
0.36,0.6245480968858131
0.37,0.6245480968858131
0.38,0.6245480968858131
0.39,0.6245480968858131
0.4,0.6245480968858131
0.41,0.6245480968858131
0.42,0.6245480968858131
0.43,0.6245480968858131
0.44,0.6245480968858131
0.45,0.6245480968858131
0.46,0.6245480968858131
0.47,0.6245480968858131
0.48,0.6245480968858131
0.49,0.6245480968858131
0.5,0.6245480968858131
0.51,0.6245480968858131
0.52,0.6245480968858131
0.53,0.6245480968858131
0.54,0.6245480968858131
0.55,0.6245480968858131
0.56,0.6245480968858131
0.5700000000000001,0.6245480968858131
0.58,0.6245480968858131
0.59,0.6245480968858131
0.6,0.6245480968858131
0.61,0.6245480968858131
0.62,0.6245480968858131
0.63,0.6245480968858131
0.64,0.6245480968858131
0.65,0.6245480968858131
0.66,0.6245480968858131
0.67,0.6245480968858131
0.68,0.6245480968858131
0.6900000000000001,0.6245480968858131
0.7000000000000001,0.6245480968858131
0.71,0.6245480968858131
0.72,0.6245480968858131
0.73,0.6245480968858131
0.74,0.6245480968858131
0.75,0.6245480968858131
0.76,0.6245480968858131
0.77,0.6245480968858131
0.78,0.6245480968858131
0.79,0.6245480968858131
0.8,0.6245480968858131
0.81,0.6245480968858131
0.82,0.6245480968858131
0.83,0.6245480968858131
0.84,0.6245480968858131
0.85,0.6245480968858131
0.86,0.6245480968858131
0.87,0.6245480968858131
0.88,0.6245480968858131
0.89,0.6245480968858131
0.9,0.6245480968858131
0.91,0.6245480968858131
0.92,0.6245480968858131
0.93,0.6245480968858131
0.94,0.6245480968858131
0.95,0.6245480968858131
0.96,0.6245480968858131
0.97,0.6245480968858131
0.98,0.6245480968858131
0.9900000000000002,0.6245480968858131
0.01,0.6295847750865052
0.02,0.6295847750865052
0.03,0.6295847750865052
0.04,0.6295847750865052
0.05,0.6295847750865052
0.06,0.6295847750865052
0.07,0.6295847750865052
0.08,0.6295847750865052
0.09,0.6295847750865052
0.1,0.6295847750865052
0.11,0.6295847750865052
0.12,0.6295847750865052
0.13,0.6295847750865052
0.14,0.6295847750865052
0.15,0.6295847750865052
0.16,0.6295847750865052
0.17,0.6295847750865052
0.18,0.6295847750865052
0.19,0.6295847750865052
0.2,0.6295847750865052
0.21,0.6295847750865052
0.22,0.6295847750865052
0.23,0.6295847750865052
0.24,0.6295847750865052
0.25,0.6295847750865052
0.26,0.6295847750865052
0.27,0.6295847750865052
0.28,0.6295847750865052
0.29,0.6295847750865052
0.3,0.6295847750865052
0.31,0.6295847750865052
0.32,0.6295847750865052
0.33,0.6295847750865052
0.34,0.6295847750865052
0.35000000000000003,0.6295847750865052
0.36,0.6295847750865052
0.37,0.6295847750865052
0.38,0.6295847750865052
0.39,0.6295847750865052
0.4,0.6295847750865052
0.41,0.6295847750865052
0.42,0.6295847750865052
0.43,0.6295847750865052
0.44,0.6295847750865052
0.45,0.6295847750865052
0.46,0.6295847750865052
0.47,0.6295847750865052
0.48,0.6295847750865052
0.49,0.6295847750865052
0.5,0.6295847750865052
0.51,0.6295847750865052
0.52,0.6295847750865052
0.53,0.6295847750865052
0.54,0.6295847750865052
0.55,0.6295847750865052
0.56,0.6295847750865052
0.5700000000000001,0.6295847750865052
0.58,0.6295847750865052
0.59,0.6295847750865052
0.6,0.6295847750865052
0.61,0.6295847750865052
0.62,0.6295847750865052
0.63,0.6295847750865052
0.64,0.6295847750865052
0.65,0.6295847750865052
0.66,0.6295847750865052
0.67,0.6295847750865052
0.68,0.6295847750865052
0.6900000000000001,0.6295847750865052
0.7000000000000001,0.6295847750865052
0.71,0.6295847750865052
0.72,0.6295847750865052
0.73,0.6295847750865052
0.74,0.6295847750865052
0.75,0.6295847750865052
0.76,0.6295847750865052
0.77,0.6295847750865052
0.78,0.6295847750865052
0.79,0.6295847750865052
0.8,0.6295847750865052
0.81,0.6295847750865052
0.82,0.6295847750865052
0.83,0.6295847750865052
0.84,0.6295847750865052
0.85,0.6295847750865052
0.86,0.6295847750865052
0.87,0.6295847750865052
0.88,0.6295847750865052
0.89,0.6295847750865052
0.9,0.6295847750865052
0.91,0.6295847750865052
0.92,0.6295847750865052
0.93,0.6295847750865052
0.94,0.6295847750865052
0.95,0.6295847750865052
0.96,0.6295847750865052
0.97,0.6295847750865052
0.98,0.6295847750865052
0.9900000000000002,0.6295847750865052
0.01,0.6346214532871972
0.02,0.6346214532871972
0.03,0.6346214532871972
0.04,0.6346214532871972
0.05,0.6346214532871972
0.06,0.6346214532871972
0.07,0.6346214532871972
0.08,0.6346214532871972
0.09,0.6346214532871972
0.1,0.6346214532871972
0.11,0.6346214532871972
0.12,0.6346214532871972
0.13,0.6346214532871972
0.14,0.6346214532871972
0.15,0.6346214532871972
0.16,0.6346214532871972
0.17,0.6346214532871972
0.18,0.6346214532871972
0.19,0.6346214532871972
0.2,0.6346214532871972
0.21,0.6346214532871972
0.22,0.6346214532871972
0.23,0.6346214532871972
0.24,0.6346214532871972
0.25,0.6346214532871972
0.26,0.6346214532871972
0.27,0.6346214532871972
0.28,0.6346214532871972
0.29,0.6346214532871972
0.3,0.6346214532871972
0.31,0.6346214532871972
0.32,0.6346214532871972
0.33,0.6346214532871972
0.34,0.6346214532871972
0.35000000000000003,0.6346214532871972
0.36,0.6346214532871972
0.37,0.6346214532871972
0.38,0.6346214532871972
0.39,0.6346214532871972
0.4,0.6346214532871972
0.41,0.6346214532871972
0.42,0.6346214532871972
0.43,0.6346214532871972
0.44,0.6346214532871972
0.45,0.6346214532871972
0.46,0.6346214532871972
0.47,0.6346214532871972
0.48,0.6346214532871972
0.49,0.6346214532871972
0.5,0.6346214532871972
0.51,0.6346214532871972
0.52,0.6346214532871972
0.53,0.6346214532871972
0.54,0.6346214532871972
0.55,0.6346214532871972
0.56,0.6346214532871972
0.5700000000000001,0.6346214532871972
0.58,0.6346214532871972
0.59,0.6346214532871972
0.6,0.6346214532871972
0.61,0.6346214532871972
0.62,0.6346214532871972
0.63,0.6346214532871972
0.64,0.6346214532871972
0.65,0.6346214532871972
0.66,0.6346214532871972
0.67,0.6346214532871972
0.68,0.6346214532871972
0.6900000000000001,0.6346214532871972
0.7000000000000001,0.6346214532871972
0.71,0.6346214532871972
0.72,0.6346214532871972
0.73,0.6346214532871972
0.74,0.6346214532871972
0.75,0.6346214532871972
0.76,0.6346214532871972
0.77,0.6346214532871972
0.78,0.6346214532871972
0.79,0.6346214532871972
0.8,0.6346214532871972
0.81,0.6346214532871972
0.82,0.6346214532871972
0.83,0.6346214532871972
0.84,0.6346214532871972
0.85,0.6346214532871972
0.86,0.6346214532871972
0.87,0.6346214532871972
0.88,0.6346214532871972
0.89,0.6346214532871972
0.9,0.6346214532871972
0.91,0.6346214532871972
0.92,0.6346214532871972
0.93,0.6346214532871972
0.94,0.6346214532871972
0.95,0.6346214532871972
0.96,0.6346214532871972
0.97,0.6346214532871972
0.98,0.6346214532871972
0.9900000000000002,0.6346214532871972
0.01,0.6396581314878893
0.02,0.6396581314878893
0.03,0.6396581314878893
0.04,0.6396581314878893
0.05,0.6396581314878893
0.06,0.6396581314878893
0.07,0.6396581314878893
0.08,0.6396581314878893
0.09,0.6396581314878893
0.1,0.6396581314878893
0.11,0.6396581314878893
0.12,0.6396581314878893
0.13,0.6396581314878893
0.14,0.6396581314878893
0.15,0.6396581314878893
0.16,0.6396581314878893
0.17,0.6396581314878893
0.18,0.6396581314878893
0.19,0.6396581314878893
0.2,0.6396581314878893
0.21,0.6396581314878893
0.22,0.6396581314878893
0.23,0.6396581314878893
0.24,0.6396581314878893
0.25,0.6396581314878893
0.26,0.6396581314878893
0.27,0.6396581314878893
0.28,0.6396581314878893
0.29,0.6396581314878893
0.3,0.6396581314878893
0.31,0.6396581314878893
0.32,0.6396581314878893
0.33,0.6396581314878893
0.34,0.6396581314878893
0.35000000000000003,0.6396581314878893
0.36,0.6396581314878893
0.37,0.6396581314878893
0.38,0.6396581314878893
0.39,0.6396581314878893
0.4,0.6396581314878893
0.41,0.6396581314878893
0.42,0.6396581314878893
0.43,0.6396581314878893
0.44,0.6396581314878893
0.45,0.6396581314878893
0.46,0.6396581314878893
0.47,0.6396581314878893
0.48,0.6396581314878893
0.49,0.6396581314878893
0.5,0.6396581314878893
0.51,0.6396581314878893
0.52,0.6396581314878893
0.53,0.6396581314878893
0.54,0.6396581314878893
0.55,0.6396581314878893
0.56,0.6396581314878893
0.5700000000000001,0.6396581314878893
0.58,0.6396581314878893
0.59,0.6396581314878893
0.6,0.6396581314878893
0.61,0.6396581314878893
0.62,0.6396581314878893
0.63,0.6396581314878893
0.64,0.6396581314878893
0.65,0.6396581314878893
0.66,0.6396581314878893
0.67,0.6396581314878893
0.68,0.6396581314878893
0.6900000000000001,0.6396581314878893
0.7000000000000001,0.6396581314878893
0.71,0.6396581314878893
0.72,0.6396581314878893
0.73,0.6396581314878893
0.74,0.6396581314878893
0.75,0.6396581314878893
0.76,0.6396581314878893
0.77,0.6396581314878893
0.78,0.6396581314878893
0.79,0.6396581314878893
0.8,0.6396581314878893
0.81,0.6396581314878893
0.82,0.6396581314878893
0.83,0.6396581314878893
0.84,0.6396581314878893
0.85,0.6396581314878893
0.86,0.6396581314878893
0.87,0.6396581314878893
0.88,0.6396581314878893
0.89,0.6396581314878893
0.9,0.6396581314878893
0.91,0.6396581314878893
0.92,0.6396581314878893
0.93,0.6396581314878893
0.94,0.6396581314878893
0.95,0.6396581314878893
0.96,0.6396581314878893
0.97,0.6396581314878893
0.98,0.6396581314878893
0.9900000000000002,0.6396581314878893
0.01,0.6446948096885814
0.02,0.6446948096885814
0.03,0.6446948096885814
0.04,0.6446948096885814
0.05,0.6446948096885814
0.06,0.6446948096885814
0.07,0.6446948096885814
0.08,0.6446948096885814
0.09,0.6446948096885814
0.1,0.6446948096885814
0.11,0.6446948096885814
0.12,0.6446948096885814
0.13,0.6446948096885814
0.14,0.6446948096885814
0.15,0.6446948096885814
0.16,0.6446948096885814
0.17,0.6446948096885814
0.18,0.6446948096885814
0.19,0.6446948096885814
0.2,0.6446948096885814
0.21,0.6446948096885814
0.22,0.6446948096885814
0.23,0.6446948096885814
0.24,0.6446948096885814
0.25,0.6446948096885814
0.26,0.6446948096885814
0.27,0.6446948096885814
0.28,0.6446948096885814
0.29,0.6446948096885814
0.3,0.6446948096885814
0.31,0.6446948096885814
0.32,0.6446948096885814
0.33,0.6446948096885814
0.34,0.6446948096885814
0.35000000000000003,0.6446948096885814
0.36,0.6446948096885814
0.37,0.6446948096885814
0.38,0.6446948096885814
0.39,0.6446948096885814
0.4,0.6446948096885814
0.41,0.6446948096885814
0.42,0.6446948096885814
0.43,0.6446948096885814
0.44,0.6446948096885814
0.45,0.6446948096885814
0.46,0.6446948096885814
0.47,0.6446948096885814
0.48,0.6446948096885814
0.49,0.6446948096885814
0.5,0.6446948096885814
0.51,0.6446948096885814
0.52,0.6446948096885814
0.53,0.6446948096885814
0.54,0.6446948096885814
0.55,0.6446948096885814
0.56,0.6446948096885814
0.5700000000000001,0.6446948096885814
0.58,0.6446948096885814
0.59,0.6446948096885814
0.6,0.6446948096885814
0.61,0.6446948096885814
0.62,0.6446948096885814
0.63,0.6446948096885814
0.64,0.6446948096885814
0.65,0.6446948096885814
0.66,0.6446948096885814
0.67,0.6446948096885814
0.68,0.6446948096885814
0.6900000000000001,0.6446948096885814
0.7000000000000001,0.6446948096885814
0.71,0.6446948096885814
0.72,0.6446948096885814
0.73,0.6446948096885814
0.74,0.6446948096885814
0.75,0.6446948096885814
0.76,0.6446948096885814
0.77,0.6446948096885814
0.78,0.6446948096885814
0.79,0.6446948096885814
0.8,0.6446948096885814
0.81,0.6446948096885814
0.82,0.6446948096885814
0.83,0.6446948096885814
0.84,0.6446948096885814
0.85,0.6446948096885814
0.86,0.6446948096885814
0.87,0.6446948096885814
0.88,0.6446948096885814
0.89,0.6446948096885814
0.9,0.6446948096885814
0.91,0.6446948096885814
0.92,0.6446948096885814
0.93,0.6446948096885814
0.94,0.6446948096885814
0.95,0.6446948096885814
0.96,0.6446948096885814
0.97,0.6446948096885814
0.98,0.6446948096885814
0.9900000000000002,0.6446948096885814
0.01,0.6497314878892734
0.02,0.6497314878892734
0.03,0.6497314878892734
0.04,0.6497314878892734
0.05,0.6497314878892734
0.06,0.6497314878892734
0.07,0.6497314878892734
0.08,0.6497314878892734
0.09,0.6497314878892734
0.1,0.6497314878892734
0.11,0.6497314878892734
0.12,0.6497314878892734
0.13,0.6497314878892734
0.14,0.6497314878892734
0.15,0.6497314878892734
0.16,0.6497314878892734
0.17,0.6497314878892734
0.18,0.6497314878892734
0.19,0.6497314878892734
0.2,0.6497314878892734
0.21,0.6497314878892734
0.22,0.6497314878892734
0.23,0.6497314878892734
0.24,0.6497314878892734
0.25,0.6497314878892734
0.26,0.6497314878892734
0.27,0.6497314878892734
0.28,0.6497314878892734
0.29,0.6497314878892734
0.3,0.6497314878892734
0.31,0.6497314878892734
0.32,0.6497314878892734
0.33,0.6497314878892734
0.34,0.6497314878892734
0.35000000000000003,0.6497314878892734
0.36,0.6497314878892734
0.37,0.6497314878892734
0.38,0.6497314878892734
0.39,0.6497314878892734
0.4,0.6497314878892734
0.41,0.6497314878892734
0.42,0.6497314878892734
0.43,0.6497314878892734
0.44,0.6497314878892734
0.45,0.6497314878892734
0.46,0.6497314878892734
0.47,0.6497314878892734
0.48,0.6497314878892734
0.49,0.6497314878892734
0.5,0.6497314878892734
0.51,0.6497314878892734
0.52,0.6497314878892734
0.53,0.6497314878892734
0.54,0.6497314878892734
0.55,0.6497314878892734
0.56,0.6497314878892734
0.5700000000000001,0.6497314878892734
0.58,0.6497314878892734
0.59,0.6497314878892734
0.6,0.6497314878892734
0.61,0.6497314878892734
0.62,0.6497314878892734
0.63,0.6497314878892734
0.64,0.6497314878892734
0.65,0.6497314878892734
0.66,0.6497314878892734
0.67,0.6497314878892734
0.68,0.6497314878892734
0.6900000000000001,0.6497314878892734
0.7000000000000001,0.6497314878892734
0.71,0.6497314878892734
0.72,0.6497314878892734
0.73,0.6497314878892734
0.74,0.6497314878892734
0.75,0.6497314878892734
0.76,0.6497314878892734
0.77,0.6497314878892734
0.78,0.6497314878892734
0.79,0.6497314878892734
0.8,0.6497314878892734
0.81,0.6497314878892734
0.82,0.6497314878892734
0.83,0.6497314878892734
0.84,0.6497314878892734
0.85,0.6497314878892734
0.86,0.6497314878892734
0.87,0.6497314878892734
0.88,0.6497314878892734
0.89,0.6497314878892734
0.9,0.6497314878892734
0.91,0.6497314878892734
0.92,0.6497314878892734
0.93,0.6497314878892734
0.94,0.6497314878892734
0.95,0.6497314878892734
0.96,0.6497314878892734
0.97,0.6497314878892734
0.98,0.6497314878892734
0.9900000000000002,0.6497314878892734
0.01,0.6547681660899654
0.02,0.6547681660899654
0.03,0.6547681660899654
0.04,0.6547681660899654
0.05,0.6547681660899654
0.06,0.6547681660899654
0.07,0.6547681660899654
0.08,0.6547681660899654
0.09,0.6547681660899654
0.1,0.6547681660899654
0.11,0.6547681660899654
0.12,0.6547681660899654
0.13,0.6547681660899654
0.14,0.6547681660899654
0.15,0.6547681660899654
0.16,0.6547681660899654
0.17,0.6547681660899654
0.18,0.6547681660899654
0.19,0.6547681660899654
0.2,0.6547681660899654
0.21,0.6547681660899654
0.22,0.6547681660899654
0.23,0.6547681660899654
0.24,0.6547681660899654
0.25,0.6547681660899654
0.26,0.6547681660899654
0.27,0.6547681660899654
0.28,0.6547681660899654
0.29,0.6547681660899654
0.3,0.6547681660899654
0.31,0.6547681660899654
0.32,0.6547681660899654
0.33,0.6547681660899654
0.34,0.6547681660899654
0.35000000000000003,0.6547681660899654
0.36,0.6547681660899654
0.37,0.6547681660899654
0.38,0.6547681660899654
0.39,0.6547681660899654
0.4,0.6547681660899654
0.41,0.6547681660899654
0.42,0.6547681660899654
0.43,0.6547681660899654
0.44,0.6547681660899654
0.45,0.6547681660899654
0.46,0.6547681660899654
0.47,0.6547681660899654
0.48,0.6547681660899654
0.49,0.6547681660899654
0.5,0.6547681660899654
0.51,0.6547681660899654
0.52,0.6547681660899654
0.53,0.6547681660899654
0.54,0.6547681660899654
0.55,0.6547681660899654
0.56,0.6547681660899654
0.5700000000000001,0.6547681660899654
0.58,0.6547681660899654
0.59,0.6547681660899654
0.6,0.6547681660899654
0.61,0.6547681660899654
0.62,0.6547681660899654
0.63,0.6547681660899654
0.64,0.6547681660899654
0.65,0.6547681660899654
0.66,0.6547681660899654
0.67,0.6547681660899654
0.68,0.6547681660899654
0.6900000000000001,0.6547681660899654
0.7000000000000001,0.6547681660899654
0.71,0.6547681660899654
0.72,0.6547681660899654
0.73,0.6547681660899654
0.74,0.6547681660899654
0.75,0.6547681660899654
0.76,0.6547681660899654
0.77,0.6547681660899654
0.78,0.6547681660899654
0.79,0.6547681660899654
0.8,0.6547681660899654
0.81,0.6547681660899654
0.82,0.6547681660899654
0.83,0.6547681660899654
0.84,0.6547681660899654
0.85,0.6547681660899654
0.86,0.6547681660899654
0.87,0.6547681660899654
0.88,0.6547681660899654
0.89,0.6547681660899654
0.9,0.6547681660899654
0.91,0.6547681660899654
0.92,0.6547681660899654
0.93,0.6547681660899654
0.94,0.6547681660899654
0.95,0.6547681660899654
0.96,0.6547681660899654
0.97,0.6547681660899654
0.98,0.6547681660899654
0.9900000000000002,0.6547681660899654
0.01,0.6598048442906574
0.02,0.6598048442906574
0.03,0.6598048442906574
0.04,0.6598048442906574
0.05,0.6598048442906574
0.06,0.6598048442906574
0.07,0.6598048442906574
0.08,0.6598048442906574
0.09,0.6598048442906574
0.1,0.6598048442906574
0.11,0.6598048442906574
0.12,0.6598048442906574
0.13,0.6598048442906574
0.14,0.6598048442906574
0.15,0.6598048442906574
0.16,0.6598048442906574
0.17,0.6598048442906574
0.18,0.6598048442906574
0.19,0.6598048442906574
0.2,0.6598048442906574
0.21,0.6598048442906574
0.22,0.6598048442906574
0.23,0.6598048442906574
0.24,0.6598048442906574
0.25,0.6598048442906574
0.26,0.6598048442906574
0.27,0.6598048442906574
0.28,0.6598048442906574
0.29,0.6598048442906574
0.3,0.6598048442906574
0.31,0.6598048442906574
0.32,0.6598048442906574
0.33,0.6598048442906574
0.34,0.6598048442906574
0.35000000000000003,0.6598048442906574
0.36,0.6598048442906574
0.37,0.6598048442906574
0.38,0.6598048442906574
0.39,0.6598048442906574
0.4,0.6598048442906574
0.41,0.6598048442906574
0.42,0.6598048442906574
0.43,0.6598048442906574
0.44,0.6598048442906574
0.45,0.6598048442906574
0.46,0.6598048442906574
0.47,0.6598048442906574
0.48,0.6598048442906574
0.49,0.6598048442906574
0.5,0.6598048442906574
0.51,0.6598048442906574
0.52,0.6598048442906574
0.53,0.6598048442906574
0.54,0.6598048442906574
0.55,0.6598048442906574
0.56,0.6598048442906574
0.5700000000000001,0.6598048442906574
0.58,0.6598048442906574
0.59,0.6598048442906574
0.6,0.6598048442906574
0.61,0.6598048442906574
0.62,0.6598048442906574
0.63,0.6598048442906574
0.64,0.6598048442906574
0.65,0.6598048442906574
0.66,0.6598048442906574
0.67,0.6598048442906574
0.68,0.6598048442906574
0.6900000000000001,0.6598048442906574
0.7000000000000001,0.6598048442906574
0.71,0.6598048442906574
0.72,0.6598048442906574
0.73,0.6598048442906574
0.74,0.6598048442906574
0.75,0.6598048442906574
0.76,0.6598048442906574
0.77,0.6598048442906574
0.78,0.6598048442906574
0.79,0.6598048442906574
0.8,0.6598048442906574
0.81,0.6598048442906574
0.82,0.6598048442906574
0.83,0.6598048442906574
0.84,0.6598048442906574
0.85,0.6598048442906574
0.86,0.6598048442906574
0.87,0.6598048442906574
0.88,0.6598048442906574
0.89,0.6598048442906574
0.9,0.6598048442906574
0.91,0.6598048442906574
0.92,0.6598048442906574
0.93,0.6598048442906574
0.94,0.6598048442906574
0.95,0.6598048442906574
0.96,0.6598048442906574
0.97,0.6598048442906574
0.98,0.6598048442906574
0.9900000000000002,0.6598048442906574
0.01,0.6648415224913495
0.02,0.6648415224913495
0.03,0.6648415224913495
0.04,0.6648415224913495
0.05,0.6648415224913495
0.06,0.6648415224913495
0.07,0.6648415224913495
0.08,0.6648415224913495
0.09,0.6648415224913495
0.1,0.6648415224913495
0.11,0.6648415224913495
0.12,0.6648415224913495
0.13,0.6648415224913495
0.14,0.6648415224913495
0.15,0.6648415224913495
0.16,0.6648415224913495
0.17,0.6648415224913495
0.18,0.6648415224913495
0.19,0.6648415224913495
0.2,0.6648415224913495
0.21,0.6648415224913495
0.22,0.6648415224913495
0.23,0.6648415224913495
0.24,0.6648415224913495
0.25,0.6648415224913495
0.26,0.6648415224913495
0.27,0.6648415224913495
0.28,0.6648415224913495
0.29,0.6648415224913495
0.3,0.6648415224913495
0.31,0.6648415224913495
0.32,0.6648415224913495
0.33,0.6648415224913495
0.34,0.6648415224913495
0.35000000000000003,0.6648415224913495
0.36,0.6648415224913495
0.37,0.6648415224913495
0.38,0.6648415224913495
0.39,0.6648415224913495
0.4,0.6648415224913495
0.41,0.6648415224913495
0.42,0.6648415224913495
0.43,0.6648415224913495
0.44,0.6648415224913495
0.45,0.6648415224913495
0.46,0.6648415224913495
0.47,0.6648415224913495
0.48,0.6648415224913495
0.49,0.6648415224913495
0.5,0.6648415224913495
0.51,0.6648415224913495
0.52,0.6648415224913495
0.53,0.6648415224913495
0.54,0.6648415224913495
0.55,0.6648415224913495
0.56,0.6648415224913495
0.5700000000000001,0.6648415224913495
0.58,0.6648415224913495
0.59,0.6648415224913495
0.6,0.6648415224913495
0.61,0.6648415224913495
0.62,0.6648415224913495
0.63,0.6648415224913495
0.64,0.6648415224913495
0.65,0.6648415224913495
0.66,0.6648415224913495
0.67,0.6648415224913495
0.68,0.6648415224913495
0.6900000000000001,0.6648415224913495
0.7000000000000001,0.6648415224913495
0.71,0.6648415224913495
0.72,0.6648415224913495
0.73,0.6648415224913495
0.74,0.6648415224913495
0.75,0.6648415224913495
0.76,0.6648415224913495
0.77,0.6648415224913495
0.78,0.6648415224913495
0.79,0.6648415224913495
0.8,0.6648415224913495
0.81,0.6648415224913495
0.82,0.6648415224913495
0.83,0.6648415224913495
0.84,0.6648415224913495
0.85,0.6648415224913495
0.86,0.6648415224913495
0.87,0.6648415224913495
0.88,0.6648415224913495
0.89,0.6648415224913495
0.9,0.6648415224913495
0.91,0.6648415224913495
0.92,0.6648415224913495
0.93,0.6648415224913495
0.94,0.6648415224913495
0.95,0.6648415224913495
0.96,0.6648415224913495
0.97,0.6648415224913495
0.98,0.6648415224913495
0.9900000000000002,0.6648415224913495
0.01,0.6698782006920415
0.02,0.6698782006920415
0.03,0.6698782006920415
0.04,0.6698782006920415
0.05,0.6698782006920415
0.06,0.6698782006920415
0.07,0.6698782006920415
0.08,0.6698782006920415
0.09,0.6698782006920415
0.1,0.6698782006920415
0.11,0.6698782006920415
0.12,0.6698782006920415
0.13,0.6698782006920415
0.14,0.6698782006920415
0.15,0.6698782006920415
0.16,0.6698782006920415
0.17,0.6698782006920415
0.18,0.6698782006920415
0.19,0.6698782006920415
0.2,0.6698782006920415
0.21,0.6698782006920415
0.22,0.6698782006920415
0.23,0.6698782006920415
0.24,0.6698782006920415
0.25,0.6698782006920415
0.26,0.6698782006920415
0.27,0.6698782006920415
0.28,0.6698782006920415
0.29,0.6698782006920415
0.3,0.6698782006920415
0.31,0.6698782006920415
0.32,0.6698782006920415
0.33,0.6698782006920415
0.34,0.6698782006920415
0.35000000000000003,0.6698782006920415
0.36,0.6698782006920415
0.37,0.6698782006920415
0.38,0.6698782006920415
0.39,0.6698782006920415
0.4,0.6698782006920415
0.41,0.6698782006920415
0.42,0.6698782006920415
0.43,0.6698782006920415
0.44,0.6698782006920415
0.45,0.6698782006920415
0.46,0.6698782006920415
0.47,0.6698782006920415
0.48,0.6698782006920415
0.49,0.6698782006920415
0.5,0.6698782006920415
0.51,0.6698782006920415
0.52,0.6698782006920415
0.53,0.6698782006920415
0.54,0.6698782006920415
0.55,0.6698782006920415
0.56,0.6698782006920415
0.5700000000000001,0.6698782006920415
0.58,0.6698782006920415
0.59,0.6698782006920415
0.6,0.6698782006920415
0.61,0.6698782006920415
0.62,0.6698782006920415
0.63,0.6698782006920415
0.64,0.6698782006920415
0.65,0.6698782006920415
0.66,0.6698782006920415
0.67,0.6698782006920415
0.68,0.6698782006920415
0.6900000000000001,0.6698782006920415
0.7000000000000001,0.6698782006920415
0.71,0.6698782006920415
0.72,0.6698782006920415
0.73,0.6698782006920415
0.74,0.6698782006920415
0.75,0.6698782006920415
0.76,0.6698782006920415
0.77,0.6698782006920415
0.78,0.6698782006920415
0.79,0.6698782006920415
0.8,0.6698782006920415
0.81,0.6698782006920415
0.82,0.6698782006920415
0.83,0.6698782006920415
0.84,0.6698782006920415
0.85,0.6698782006920415
0.86,0.6698782006920415
0.87,0.6698782006920415
0.88,0.6698782006920415
0.89,0.6698782006920415
0.9,0.6698782006920415
0.91,0.6698782006920415
0.92,0.6698782006920415
0.93,0.6698782006920415
0.94,0.6698782006920415
0.95,0.6698782006920415
0.96,0.6698782006920415
0.97,0.6698782006920415
0.98,0.6698782006920415
0.9900000000000002,0.6698782006920415
0.01,0.6749148788927336
0.02,0.6749148788927336
0.03,0.6749148788927336
0.04,0.6749148788927336
0.05,0.6749148788927336
0.06,0.6749148788927336
0.07,0.6749148788927336
0.08,0.6749148788927336
0.09,0.6749148788927336
0.1,0.6749148788927336
0.11,0.6749148788927336
0.12,0.6749148788927336
0.13,0.6749148788927336
0.14,0.6749148788927336
0.15,0.6749148788927336
0.16,0.6749148788927336
0.17,0.6749148788927336
0.18,0.6749148788927336
0.19,0.6749148788927336
0.2,0.6749148788927336
0.21,0.6749148788927336
0.22,0.6749148788927336
0.23,0.6749148788927336
0.24,0.6749148788927336
0.25,0.6749148788927336
0.26,0.6749148788927336
0.27,0.6749148788927336
0.28,0.6749148788927336
0.29,0.6749148788927336
0.3,0.6749148788927336
0.31,0.6749148788927336
0.32,0.6749148788927336
0.33,0.6749148788927336
0.34,0.6749148788927336
0.35000000000000003,0.6749148788927336
0.36,0.6749148788927336
0.37,0.6749148788927336
0.38,0.6749148788927336
0.39,0.6749148788927336
0.4,0.6749148788927336
0.41,0.6749148788927336
0.42,0.6749148788927336
0.43,0.6749148788927336
0.44,0.6749148788927336
0.45,0.6749148788927336
0.46,0.6749148788927336
0.47,0.6749148788927336
0.48,0.6749148788927336
0.49,0.6749148788927336
0.5,0.6749148788927336
0.51,0.6749148788927336
0.52,0.6749148788927336
0.53,0.6749148788927336
0.54,0.6749148788927336
0.55,0.6749148788927336
0.56,0.6749148788927336
0.5700000000000001,0.6749148788927336
0.58,0.6749148788927336
0.59,0.6749148788927336
0.6,0.6749148788927336
0.61,0.6749148788927336
0.62,0.6749148788927336
0.63,0.6749148788927336
0.64,0.6749148788927336
0.65,0.6749148788927336
0.66,0.6749148788927336
0.67,0.6749148788927336
0.68,0.6749148788927336
0.6900000000000001,0.6749148788927336
0.7000000000000001,0.6749148788927336
0.71,0.6749148788927336
0.72,0.6749148788927336
0.73,0.6749148788927336
0.74,0.6749148788927336
0.75,0.6749148788927336
0.76,0.6749148788927336
0.77,0.6749148788927336
0.78,0.6749148788927336
0.79,0.6749148788927336
0.8,0.6749148788927336
0.81,0.6749148788927336
0.82,0.6749148788927336
0.83,0.6749148788927336
0.84,0.6749148788927336
0.85,0.6749148788927336
0.86,0.6749148788927336
0.87,0.6749148788927336
0.88,0.6749148788927336
0.89,0.6749148788927336
0.9,0.6749148788927336
0.91,0.6749148788927336
0.92,0.6749148788927336
0.93,0.6749148788927336
0.94,0.6749148788927336
0.95,0.6749148788927336
0.96,0.6749148788927336
0.97,0.6749148788927336
0.98,0.6749148788927336
0.9900000000000002,0.6749148788927336
0.01,0.6799515570934256
0.02,0.6799515570934256
0.03,0.6799515570934256
0.04,0.6799515570934256
0.05,0.6799515570934256
0.06,0.6799515570934256
0.07,0.6799515570934256
0.08,0.6799515570934256
0.09,0.6799515570934256
0.1,0.6799515570934256
0.11,0.6799515570934256
0.12,0.6799515570934256
0.13,0.6799515570934256
0.14,0.6799515570934256
0.15,0.6799515570934256
0.16,0.6799515570934256
0.17,0.6799515570934256
0.18,0.6799515570934256
0.19,0.6799515570934256
0.2,0.6799515570934256
0.21,0.6799515570934256
0.22,0.6799515570934256
0.23,0.6799515570934256
0.24,0.6799515570934256
0.25,0.6799515570934256
0.26,0.6799515570934256
0.27,0.6799515570934256
0.28,0.6799515570934256
0.29,0.6799515570934256
0.3,0.6799515570934256
0.31,0.6799515570934256
0.32,0.6799515570934256
0.33,0.6799515570934256
0.34,0.6799515570934256
0.35000000000000003,0.6799515570934256
0.36,0.6799515570934256
0.37,0.6799515570934256
0.38,0.6799515570934256
0.39,0.6799515570934256
0.4,0.6799515570934256
0.41,0.6799515570934256
0.42,0.6799515570934256
0.43,0.6799515570934256
0.44,0.6799515570934256
0.45,0.6799515570934256
0.46,0.6799515570934256
0.47,0.6799515570934256
0.48,0.6799515570934256
0.49,0.6799515570934256
0.5,0.6799515570934256
0.51,0.6799515570934256
0.52,0.6799515570934256
0.53,0.6799515570934256
0.54,0.6799515570934256
0.55,0.6799515570934256
0.56,0.6799515570934256
0.5700000000000001,0.6799515570934256
0.58,0.6799515570934256
0.59,0.6799515570934256
0.6,0.6799515570934256
0.61,0.6799515570934256
0.62,0.6799515570934256
0.63,0.6799515570934256
0.64,0.6799515570934256
0.65,0.6799515570934256
0.66,0.6799515570934256
0.67,0.6799515570934256
0.68,0.6799515570934256
0.6900000000000001,0.6799515570934256
0.7000000000000001,0.6799515570934256
0.71,0.6799515570934256
0.72,0.6799515570934256
0.73,0.6799515570934256
0.74,0.6799515570934256
0.75,0.6799515570934256
0.76,0.6799515570934256
0.77,0.6799515570934256
0.78,0.6799515570934256
0.79,0.6799515570934256
0.8,0.6799515570934256
0.81,0.6799515570934256
0.82,0.6799515570934256
0.83,0.6799515570934256
0.84,0.6799515570934256
0.85,0.6799515570934256
0.86,0.6799515570934256
0.87,0.6799515570934256
0.88,0.6799515570934256
0.89,0.6799515570934256
0.9,0.6799515570934256
0.91,0.6799515570934256
0.92,0.6799515570934256
0.93,0.6799515570934256
0.94,0.6799515570934256
0.95,0.6799515570934256
0.96,0.6799515570934256
0.97,0.6799515570934256
0.98,0.6799515570934256
0.9900000000000002,0.6799515570934256
0.01,0.6849882352941177
0.02,0.6849882352941177
0.03,0.6849882352941177
0.04,0.6849882352941177
0.05,0.6849882352941177
0.06,0.6849882352941177
0.07,0.6849882352941177
0.08,0.6849882352941177
0.09,0.6849882352941177
0.1,0.6849882352941177
0.11,0.6849882352941177
0.12,0.6849882352941177
0.13,0.6849882352941177
0.14,0.6849882352941177
0.15,0.6849882352941177
0.16,0.6849882352941177
0.17,0.6849882352941177
0.18,0.6849882352941177
0.19,0.6849882352941177
0.2,0.6849882352941177
0.21,0.6849882352941177
0.22,0.6849882352941177
0.23,0.6849882352941177
0.24,0.6849882352941177
0.25,0.6849882352941177
0.26,0.6849882352941177
0.27,0.6849882352941177
0.28,0.6849882352941177
0.29,0.6849882352941177
0.3,0.6849882352941177
0.31,0.6849882352941177
0.32,0.6849882352941177
0.33,0.6849882352941177
0.34,0.6849882352941177
0.35000000000000003,0.6849882352941177
0.36,0.6849882352941177
0.37,0.6849882352941177
0.38,0.6849882352941177
0.39,0.6849882352941177
0.4,0.6849882352941177
0.41,0.6849882352941177
0.42,0.6849882352941177
0.43,0.6849882352941177
0.44,0.6849882352941177
0.45,0.6849882352941177
0.46,0.6849882352941177
0.47,0.6849882352941177
0.48,0.6849882352941177
0.49,0.6849882352941177
0.5,0.6849882352941177
0.51,0.6849882352941177
0.52,0.6849882352941177
0.53,0.6849882352941177
0.54,0.6849882352941177
0.55,0.6849882352941177
0.56,0.6849882352941177
0.5700000000000001,0.6849882352941177
0.58,0.6849882352941177
0.59,0.6849882352941177
0.6,0.6849882352941177
0.61,0.6849882352941177
0.62,0.6849882352941177
0.63,0.6849882352941177
0.64,0.6849882352941177
0.65,0.6849882352941177
0.66,0.6849882352941177
0.67,0.6849882352941177
0.68,0.6849882352941177
0.6900000000000001,0.6849882352941177
0.7000000000000001,0.6849882352941177
0.71,0.6849882352941177
0.72,0.6849882352941177
0.73,0.6849882352941177
0.74,0.6849882352941177
0.75,0.6849882352941177
0.76,0.6849882352941177
0.77,0.6849882352941177
0.78,0.6849882352941177
0.79,0.6849882352941177
0.8,0.6849882352941177
0.81,0.6849882352941177
0.82,0.6849882352941177
0.83,0.6849882352941177
0.84,0.6849882352941177
0.85,0.6849882352941177
0.86,0.6849882352941177
0.87,0.6849882352941177
0.88,0.6849882352941177
0.89,0.6849882352941177
0.9,0.6849882352941177
0.91,0.6849882352941177
0.92,0.6849882352941177
0.93,0.6849882352941177
0.94,0.6849882352941177
0.95,0.6849882352941177
0.96,0.6849882352941177
0.97,0.6849882352941177
0.98,0.6849882352941177
0.9900000000000002,0.6849882352941177
0.01,0.6900249134948097
0.02,0.6900249134948097
0.03,0.6900249134948097
0.04,0.6900249134948097
0.05,0.6900249134948097
0.06,0.6900249134948097
0.07,0.6900249134948097
0.08,0.6900249134948097
0.09,0.6900249134948097
0.1,0.6900249134948097
0.11,0.6900249134948097
0.12,0.6900249134948097
0.13,0.6900249134948097
0.14,0.6900249134948097
0.15,0.6900249134948097
0.16,0.6900249134948097
0.17,0.6900249134948097
0.18,0.6900249134948097
0.19,0.6900249134948097
0.2,0.6900249134948097
0.21,0.6900249134948097
0.22,0.6900249134948097
0.23,0.6900249134948097
0.24,0.6900249134948097
0.25,0.6900249134948097
0.26,0.6900249134948097
0.27,0.6900249134948097
0.28,0.6900249134948097
0.29,0.6900249134948097
0.3,0.6900249134948097
0.31,0.6900249134948097
0.32,0.6900249134948097
0.33,0.6900249134948097
0.34,0.6900249134948097
0.35000000000000003,0.6900249134948097
0.36,0.6900249134948097
0.37,0.6900249134948097
0.38,0.6900249134948097
0.39,0.6900249134948097
0.4,0.6900249134948097
0.41,0.6900249134948097
0.42,0.6900249134948097
0.43,0.6900249134948097
0.44,0.6900249134948097
0.45,0.6900249134948097
0.46,0.6900249134948097
0.47,0.6900249134948097
0.48,0.6900249134948097
0.49,0.6900249134948097
0.5,0.6900249134948097
0.51,0.6900249134948097
0.52,0.6900249134948097
0.53,0.6900249134948097
0.54,0.6900249134948097
0.55,0.6900249134948097
0.56,0.6900249134948097
0.5700000000000001,0.6900249134948097
0.58,0.6900249134948097
0.59,0.6900249134948097
0.6,0.6900249134948097
0.61,0.6900249134948097
0.62,0.6900249134948097
0.63,0.6900249134948097
0.64,0.6900249134948097
0.65,0.6900249134948097
0.66,0.6900249134948097
0.67,0.6900249134948097
0.68,0.6900249134948097
0.6900000000000001,0.6900249134948097
0.7000000000000001,0.6900249134948097
0.71,0.6900249134948097
0.72,0.6900249134948097
0.73,0.6900249134948097
0.74,0.6900249134948097
0.75,0.6900249134948097
0.76,0.6900249134948097
0.77,0.6900249134948097
0.78,0.6900249134948097
0.79,0.6900249134948097
0.8,0.6900249134948097
0.81,0.6900249134948097
0.82,0.6900249134948097
0.83,0.6900249134948097
0.84,0.6900249134948097
0.85,0.6900249134948097
0.86,0.6900249134948097
0.87,0.6900249134948097
0.88,0.6900249134948097
0.89,0.6900249134948097
0.9,0.6900249134948097
0.91,0.6900249134948097
0.92,0.6900249134948097
0.93,0.6900249134948097
0.94,0.6900249134948097
0.95,0.6900249134948097
0.96,0.6900249134948097
0.97,0.6900249134948097
0.98,0.6900249134948097
0.9900000000000002,0.6900249134948097
0.01,0.6950615916955017
0.02,0.6950615916955017
0.03,0.6950615916955017
0.04,0.6950615916955017
0.05,0.6950615916955017
0.06,0.6950615916955017
0.07,0.6950615916955017
0.08,0.6950615916955017
0.09,0.6950615916955017
0.1,0.6950615916955017
0.11,0.6950615916955017
0.12,0.6950615916955017
0.13,0.6950615916955017
0.14,0.6950615916955017
0.15,0.6950615916955017
0.16,0.6950615916955017
0.17,0.6950615916955017
0.18,0.6950615916955017
0.19,0.6950615916955017
0.2,0.6950615916955017
0.21,0.6950615916955017
0.22,0.6950615916955017
0.23,0.6950615916955017
0.24,0.6950615916955017
0.25,0.6950615916955017
0.26,0.6950615916955017
0.27,0.6950615916955017
0.28,0.6950615916955017
0.29,0.6950615916955017
0.3,0.6950615916955017
0.31,0.6950615916955017
0.32,0.6950615916955017
0.33,0.6950615916955017
0.34,0.6950615916955017
0.35000000000000003,0.6950615916955017
0.36,0.6950615916955017
0.37,0.6950615916955017
0.38,0.6950615916955017
0.39,0.6950615916955017
0.4,0.6950615916955017
0.41,0.6950615916955017
0.42,0.6950615916955017
0.43,0.6950615916955017
0.44,0.6950615916955017
0.45,0.6950615916955017
0.46,0.6950615916955017
0.47,0.6950615916955017
0.48,0.6950615916955017
0.49,0.6950615916955017
0.5,0.6950615916955017
0.51,0.6950615916955017
0.52,0.6950615916955017
0.53,0.6950615916955017
0.54,0.6950615916955017
0.55,0.6950615916955017
0.56,0.6950615916955017
0.5700000000000001,0.6950615916955017
0.58,0.6950615916955017
0.59,0.6950615916955017
0.6,0.6950615916955017
0.61,0.6950615916955017
0.62,0.6950615916955017
0.63,0.6950615916955017
0.64,0.6950615916955017
0.65,0.6950615916955017
0.66,0.6950615916955017
0.67,0.6950615916955017
0.68,0.6950615916955017
0.6900000000000001,0.6950615916955017
0.7000000000000001,0.6950615916955017
0.71,0.6950615916955017
0.72,0.6950615916955017
0.73,0.6950615916955017
0.74,0.6950615916955017
0.75,0.6950615916955017
0.76,0.6950615916955017
0.77,0.6950615916955017
0.78,0.6950615916955017
0.79,0.6950615916955017
0.8,0.6950615916955017
0.81,0.6950615916955017
0.82,0.6950615916955017
0.83,0.6950615916955017
0.84,0.6950615916955017
0.85,0.6950615916955017
0.86,0.6950615916955017
0.87,0.6950615916955017
0.88,0.6950615916955017
0.89,0.6950615916955017
0.9,0.6950615916955017
0.91,0.6950615916955017
0.92,0.6950615916955017
0.93,0.6950615916955017
0.94,0.6950615916955017
0.95,0.6950615916955017
0.96,0.6950615916955017
0.97,0.6950615916955017
0.98,0.6950615916955017
0.9900000000000002,0.6950615916955017
0.01,0.7000982698961938
0.02,0.7000982698961938
0.03,0.7000982698961938
0.04,0.7000982698961938
0.05,0.7000982698961938
0.06,0.7000982698961938
0.07,0.7000982698961938
0.08,0.7000982698961938
0.09,0.7000982698961938
0.1,0.7000982698961938
0.11,0.7000982698961938
0.12,0.7000982698961938
0.13,0.7000982698961938
0.14,0.7000982698961938
0.15,0.7000982698961938
0.16,0.7000982698961938
0.17,0.7000982698961938
0.18,0.7000982698961938
0.19,0.7000982698961938
0.2,0.7000982698961938
0.21,0.7000982698961938
0.22,0.7000982698961938
0.23,0.7000982698961938
0.24,0.7000982698961938
0.25,0.7000982698961938
0.26,0.7000982698961938
0.27,0.7000982698961938
0.28,0.7000982698961938
0.29,0.7000982698961938
0.3,0.7000982698961938
0.31,0.7000982698961938
0.32,0.7000982698961938
0.33,0.7000982698961938
0.34,0.7000982698961938
0.35000000000000003,0.7000982698961938
0.36,0.7000982698961938
0.37,0.7000982698961938
0.38,0.7000982698961938
0.39,0.7000982698961938
0.4,0.7000982698961938
0.41,0.7000982698961938
0.42,0.7000982698961938
0.43,0.7000982698961938
0.44,0.7000982698961938
0.45,0.7000982698961938
0.46,0.7000982698961938
0.47,0.7000982698961938
0.48,0.7000982698961938
0.49,0.7000982698961938
0.5,0.7000982698961938
0.51,0.7000982698961938
0.52,0.7000982698961938
0.53,0.7000982698961938
0.54,0.7000982698961938
0.55,0.7000982698961938
0.56,0.7000982698961938
0.5700000000000001,0.7000982698961938
0.58,0.7000982698961938
0.59,0.7000982698961938
0.6,0.7000982698961938
0.61,0.7000982698961938
0.62,0.7000982698961938
0.63,0.7000982698961938
0.64,0.7000982698961938
0.65,0.7000982698961938
0.66,0.7000982698961938
0.67,0.7000982698961938
0.68,0.7000982698961938
0.6900000000000001,0.7000982698961938
0.7000000000000001,0.7000982698961938
0.71,0.7000982698961938
0.72,0.7000982698961938
0.73,0.7000982698961938
0.74,0.7000982698961938
0.75,0.7000982698961938
0.76,0.7000982698961938
0.77,0.7000982698961938
0.78,0.7000982698961938
0.79,0.7000982698961938
0.8,0.7000982698961938
0.81,0.7000982698961938
0.82,0.7000982698961938
0.83,0.7000982698961938
0.84,0.7000982698961938
0.85,0.7000982698961938
0.86,0.7000982698961938
0.87,0.7000982698961938
0.88,0.7000982698961938
0.89,0.7000982698961938
0.9,0.7000982698961938
0.91,0.7000982698961938
0.92,0.7000982698961938
0.93,0.7000982698961938
0.94,0.7000982698961938
0.95,0.7000982698961938
0.96,0.7000982698961938
0.97,0.7000982698961938
0.98,0.7000982698961938
0.9900000000000002,0.7000982698961938
0.01,0.7051349480968858
0.02,0.7051349480968858
0.03,0.7051349480968858
0.04,0.7051349480968858
0.05,0.7051349480968858
0.06,0.7051349480968858
0.07,0.7051349480968858
0.08,0.7051349480968858
0.09,0.7051349480968858
0.1,0.7051349480968858
0.11,0.7051349480968858
0.12,0.7051349480968858
0.13,0.7051349480968858
0.14,0.7051349480968858
0.15,0.7051349480968858
0.16,0.7051349480968858
0.17,0.7051349480968858
0.18,0.7051349480968858
0.19,0.7051349480968858
0.2,0.7051349480968858
0.21,0.7051349480968858
0.22,0.7051349480968858
0.23,0.7051349480968858
0.24,0.7051349480968858
0.25,0.7051349480968858
0.26,0.7051349480968858
0.27,0.7051349480968858
0.28,0.7051349480968858
0.29,0.7051349480968858
0.3,0.7051349480968858
0.31,0.7051349480968858
0.32,0.7051349480968858
0.33,0.7051349480968858
0.34,0.7051349480968858
0.35000000000000003,0.7051349480968858
0.36,0.7051349480968858
0.37,0.7051349480968858
0.38,0.7051349480968858
0.39,0.7051349480968858
0.4,0.7051349480968858
0.41,0.7051349480968858
0.42,0.7051349480968858
0.43,0.7051349480968858
0.44,0.7051349480968858
0.45,0.7051349480968858
0.46,0.7051349480968858
0.47,0.7051349480968858
0.48,0.7051349480968858
0.49,0.7051349480968858
0.5,0.7051349480968858
0.51,0.7051349480968858
0.52,0.7051349480968858
0.53,0.7051349480968858
0.54,0.7051349480968858
0.55,0.7051349480968858
0.56,0.7051349480968858
0.5700000000000001,0.7051349480968858
0.58,0.7051349480968858
0.59,0.7051349480968858
0.6,0.7051349480968858
0.61,0.7051349480968858
0.62,0.7051349480968858
0.63,0.7051349480968858
0.64,0.7051349480968858
0.65,0.7051349480968858
0.66,0.7051349480968858
0.67,0.7051349480968858
0.68,0.7051349480968858
0.6900000000000001,0.7051349480968858
0.7000000000000001,0.7051349480968858
0.71,0.7051349480968858
0.72,0.7051349480968858
0.73,0.7051349480968858
0.74,0.7051349480968858
0.75,0.7051349480968858
0.76,0.7051349480968858
0.77,0.7051349480968858
0.78,0.7051349480968858
0.79,0.7051349480968858
0.8,0.7051349480968858
0.81,0.7051349480968858
0.82,0.7051349480968858
0.83,0.7051349480968858
0.84,0.7051349480968858
0.85,0.7051349480968858
0.86,0.7051349480968858
0.87,0.7051349480968858
0.88,0.7051349480968858
0.89,0.7051349480968858
0.9,0.7051349480968858
0.91,0.7051349480968858
0.92,0.7051349480968858
0.93,0.7051349480968858
0.94,0.7051349480968858
0.95,0.7051349480968858
0.96,0.7051349480968858
0.97,0.7051349480968858
0.98,0.7051349480968858
0.9900000000000002,0.7051349480968858
0.01,0.7101716262975778
0.02,0.7101716262975778
0.03,0.7101716262975778
0.04,0.7101716262975778
0.05,0.7101716262975778
0.06,0.7101716262975778
0.07,0.7101716262975778
0.08,0.7101716262975778
0.09,0.7101716262975778
0.1,0.7101716262975778
0.11,0.7101716262975778
0.12,0.7101716262975778
0.13,0.7101716262975778
0.14,0.7101716262975778
0.15,0.7101716262975778
0.16,0.7101716262975778
0.17,0.7101716262975778
0.18,0.7101716262975778
0.19,0.7101716262975778
0.2,0.7101716262975778
0.21,0.7101716262975778
0.22,0.7101716262975778
0.23,0.7101716262975778
0.24,0.7101716262975778
0.25,0.7101716262975778
0.26,0.7101716262975778
0.27,0.7101716262975778
0.28,0.7101716262975778
0.29,0.7101716262975778
0.3,0.7101716262975778
0.31,0.7101716262975778
0.32,0.7101716262975778
0.33,0.7101716262975778
0.34,0.7101716262975778
0.35000000000000003,0.7101716262975778
0.36,0.7101716262975778
0.37,0.7101716262975778
0.38,0.7101716262975778
0.39,0.7101716262975778
0.4,0.7101716262975778
0.41,0.7101716262975778
0.42,0.7101716262975778
0.43,0.7101716262975778
0.44,0.7101716262975778
0.45,0.7101716262975778
0.46,0.7101716262975778
0.47,0.7101716262975778
0.48,0.7101716262975778
0.49,0.7101716262975778
0.5,0.7101716262975778
0.51,0.7101716262975778
0.52,0.7101716262975778
0.53,0.7101716262975778
0.54,0.7101716262975778
0.55,0.7101716262975778
0.56,0.7101716262975778
0.5700000000000001,0.7101716262975778
0.58,0.7101716262975778
0.59,0.7101716262975778
0.6,0.7101716262975778
0.61,0.7101716262975778
0.62,0.7101716262975778
0.63,0.7101716262975778
0.64,0.7101716262975778
0.65,0.7101716262975778
0.66,0.7101716262975778
0.67,0.7101716262975778
0.68,0.7101716262975778
0.6900000000000001,0.7101716262975778
0.7000000000000001,0.7101716262975778
0.71,0.7101716262975778
0.72,0.7101716262975778
0.73,0.7101716262975778
0.74,0.7101716262975778
0.75,0.7101716262975778
0.76,0.7101716262975778
0.77,0.7101716262975778
0.78,0.7101716262975778
0.79,0.7101716262975778
0.8,0.7101716262975778
0.81,0.7101716262975778
0.82,0.7101716262975778
0.83,0.7101716262975778
0.84,0.7101716262975778
0.85,0.7101716262975778
0.86,0.7101716262975778
0.87,0.7101716262975778
0.88,0.7101716262975778
0.89,0.7101716262975778
0.9,0.7101716262975778
0.91,0.7101716262975778
0.92,0.7101716262975778
0.93,0.7101716262975778
0.94,0.7101716262975778
0.95,0.7101716262975778
0.96,0.7101716262975778
0.97,0.7101716262975778
0.98,0.7101716262975778
0.9900000000000002,0.7101716262975778
0.01,0.7152083044982699
0.02,0.7152083044982699
0.03,0.7152083044982699
0.04,0.7152083044982699
0.05,0.7152083044982699
0.06,0.7152083044982699
0.07,0.7152083044982699
0.08,0.7152083044982699
0.09,0.7152083044982699
0.1,0.7152083044982699
0.11,0.7152083044982699
0.12,0.7152083044982699
0.13,0.7152083044982699
0.14,0.7152083044982699
0.15,0.7152083044982699
0.16,0.7152083044982699
0.17,0.7152083044982699
0.18,0.7152083044982699
0.19,0.7152083044982699
0.2,0.7152083044982699
0.21,0.7152083044982699
0.22,0.7152083044982699
0.23,0.7152083044982699
0.24,0.7152083044982699
0.25,0.7152083044982699
0.26,0.7152083044982699
0.27,0.7152083044982699
0.28,0.7152083044982699
0.29,0.7152083044982699
0.3,0.7152083044982699
0.31,0.7152083044982699
0.32,0.7152083044982699
0.33,0.7152083044982699
0.34,0.7152083044982699
0.35000000000000003,0.7152083044982699
0.36,0.7152083044982699
0.37,0.7152083044982699
0.38,0.7152083044982699
0.39,0.7152083044982699
0.4,0.7152083044982699
0.41,0.7152083044982699
0.42,0.7152083044982699
0.43,0.7152083044982699
0.44,0.7152083044982699
0.45,0.7152083044982699
0.46,0.7152083044982699
0.47,0.7152083044982699
0.48,0.7152083044982699
0.49,0.7152083044982699
0.5,0.7152083044982699
0.51,0.7152083044982699
0.52,0.7152083044982699
0.53,0.7152083044982699
0.54,0.7152083044982699
0.55,0.7152083044982699
0.56,0.7152083044982699
0.5700000000000001,0.7152083044982699
0.58,0.7152083044982699
0.59,0.7152083044982699
0.6,0.7152083044982699
0.61,0.7152083044982699
0.62,0.7152083044982699
0.63,0.7152083044982699
0.64,0.7152083044982699
0.65,0.7152083044982699
0.66,0.7152083044982699
0.67,0.7152083044982699
0.68,0.7152083044982699
0.6900000000000001,0.7152083044982699
0.7000000000000001,0.7152083044982699
0.71,0.7152083044982699
0.72,0.7152083044982699
0.73,0.7152083044982699
0.74,0.7152083044982699
0.75,0.7152083044982699
0.76,0.7152083044982699
0.77,0.7152083044982699
0.78,0.7152083044982699
0.79,0.7152083044982699
0.8,0.7152083044982699
0.81,0.7152083044982699
0.82,0.7152083044982699
0.83,0.7152083044982699
0.84,0.7152083044982699
0.85,0.7152083044982699
0.86,0.7152083044982699
0.87,0.7152083044982699
0.88,0.7152083044982699
0.89,0.7152083044982699
0.9,0.7152083044982699
0.91,0.7152083044982699
0.92,0.7152083044982699
0.93,0.7152083044982699
0.94,0.7152083044982699
0.95,0.7152083044982699
0.96,0.7152083044982699
0.97,0.7152083044982699
0.98,0.7152083044982699
0.9900000000000002,0.7152083044982699
0.01,0.720244982698962
0.02,0.720244982698962
0.03,0.720244982698962
0.04,0.720244982698962
0.05,0.720244982698962
0.06,0.720244982698962
0.07,0.720244982698962
0.08,0.720244982698962
0.09,0.720244982698962
0.1,0.720244982698962
0.11,0.720244982698962
0.12,0.720244982698962
0.13,0.720244982698962
0.14,0.720244982698962
0.15,0.720244982698962
0.16,0.720244982698962
0.17,0.720244982698962
0.18,0.720244982698962
0.19,0.720244982698962
0.2,0.720244982698962
0.21,0.720244982698962
0.22,0.720244982698962
0.23,0.720244982698962
0.24,0.720244982698962
0.25,0.720244982698962
0.26,0.720244982698962
0.27,0.720244982698962
0.28,0.720244982698962
0.29,0.720244982698962
0.3,0.720244982698962
0.31,0.720244982698962
0.32,0.720244982698962
0.33,0.720244982698962
0.34,0.720244982698962
0.35000000000000003,0.720244982698962
0.36,0.720244982698962
0.37,0.720244982698962
0.38,0.720244982698962
0.39,0.720244982698962
0.4,0.720244982698962
0.41,0.720244982698962
0.42,0.720244982698962
0.43,0.720244982698962
0.44,0.720244982698962
0.45,0.720244982698962
0.46,0.720244982698962
0.47,0.720244982698962
0.48,0.720244982698962
0.49,0.720244982698962
0.5,0.720244982698962
0.51,0.720244982698962
0.52,0.720244982698962
0.53,0.720244982698962
0.54,0.720244982698962
0.55,0.720244982698962
0.56,0.720244982698962
0.5700000000000001,0.720244982698962
0.58,0.720244982698962
0.59,0.720244982698962
0.6,0.720244982698962
0.61,0.720244982698962
0.62,0.720244982698962
0.63,0.720244982698962
0.64,0.720244982698962
0.65,0.720244982698962
0.66,0.720244982698962
0.67,0.720244982698962
0.68,0.720244982698962
0.6900000000000001,0.720244982698962
0.7000000000000001,0.720244982698962
0.71,0.720244982698962
0.72,0.720244982698962
0.73,0.720244982698962
0.74,0.720244982698962
0.75,0.720244982698962
0.76,0.720244982698962
0.77,0.720244982698962
0.78,0.720244982698962
0.79,0.720244982698962
0.8,0.720244982698962
0.81,0.720244982698962
0.82,0.720244982698962
0.83,0.720244982698962
0.84,0.720244982698962
0.85,0.720244982698962
0.86,0.720244982698962
0.87,0.720244982698962
0.88,0.720244982698962
0.89,0.720244982698962
0.9,0.720244982698962
0.91,0.720244982698962
0.92,0.720244982698962
0.93,0.720244982698962
0.94,0.720244982698962
0.95,0.720244982698962
0.96,0.720244982698962
0.97,0.720244982698962
0.98,0.720244982698962
0.9900000000000002,0.720244982698962
0.01,0.7252816608996541
0.02,0.7252816608996541
0.03,0.7252816608996541
0.04,0.7252816608996541
0.05,0.7252816608996541
0.06,0.7252816608996541
0.07,0.7252816608996541
0.08,0.7252816608996541
0.09,0.7252816608996541
0.1,0.7252816608996541
0.11,0.7252816608996541
0.12,0.7252816608996541
0.13,0.7252816608996541
0.14,0.7252816608996541
0.15,0.7252816608996541
0.16,0.7252816608996541
0.17,0.7252816608996541
0.18,0.7252816608996541
0.19,0.7252816608996541
0.2,0.7252816608996541
0.21,0.7252816608996541
0.22,0.7252816608996541
0.23,0.7252816608996541
0.24,0.7252816608996541
0.25,0.7252816608996541
0.26,0.7252816608996541
0.27,0.7252816608996541
0.28,0.7252816608996541
0.29,0.7252816608996541
0.3,0.7252816608996541
0.31,0.7252816608996541
0.32,0.7252816608996541
0.33,0.7252816608996541
0.34,0.7252816608996541
0.35000000000000003,0.7252816608996541
0.36,0.7252816608996541
0.37,0.7252816608996541
0.38,0.7252816608996541
0.39,0.7252816608996541
0.4,0.7252816608996541
0.41,0.7252816608996541
0.42,0.7252816608996541
0.43,0.7252816608996541
0.44,0.7252816608996541
0.45,0.7252816608996541
0.46,0.7252816608996541
0.47,0.7252816608996541
0.48,0.7252816608996541
0.49,0.7252816608996541
0.5,0.7252816608996541
0.51,0.7252816608996541
0.52,0.7252816608996541
0.53,0.7252816608996541
0.54,0.7252816608996541
0.55,0.7252816608996541
0.56,0.7252816608996541
0.5700000000000001,0.7252816608996541
0.58,0.7252816608996541
0.59,0.7252816608996541
0.6,0.7252816608996541
0.61,0.7252816608996541
0.62,0.7252816608996541
0.63,0.7252816608996541
0.64,0.7252816608996541
0.65,0.7252816608996541
0.66,0.7252816608996541
0.67,0.7252816608996541
0.68,0.7252816608996541
0.6900000000000001,0.7252816608996541
0.7000000000000001,0.7252816608996541
0.71,0.7252816608996541
0.72,0.7252816608996541
0.73,0.7252816608996541
0.74,0.7252816608996541
0.75,0.7252816608996541
0.76,0.7252816608996541
0.77,0.7252816608996541
0.78,0.7252816608996541
0.79,0.7252816608996541
0.8,0.7252816608996541
0.81,0.7252816608996541
0.82,0.7252816608996541
0.83,0.7252816608996541
0.84,0.7252816608996541
0.85,0.7252816608996541
0.86,0.7252816608996541
0.87,0.7252816608996541
0.88,0.7252816608996541
0.89,0.7252816608996541
0.9,0.7252816608996541
0.91,0.7252816608996541
0.92,0.7252816608996541
0.93,0.7252816608996541
0.94,0.7252816608996541
0.95,0.7252816608996541
0.96,0.7252816608996541
0.97,0.7252816608996541
0.98,0.7252816608996541
0.9900000000000002,0.7252816608996541
0.01,0.730318339100346
0.02,0.730318339100346
0.03,0.730318339100346
0.04,0.730318339100346
0.05,0.730318339100346
0.06,0.730318339100346
0.07,0.730318339100346
0.08,0.730318339100346
0.09,0.730318339100346
0.1,0.730318339100346
0.11,0.730318339100346
0.12,0.730318339100346
0.13,0.730318339100346
0.14,0.730318339100346
0.15,0.730318339100346
0.16,0.730318339100346
0.17,0.730318339100346
0.18,0.730318339100346
0.19,0.730318339100346
0.2,0.730318339100346
0.21,0.730318339100346
0.22,0.730318339100346
0.23,0.730318339100346
0.24,0.730318339100346
0.25,0.730318339100346
0.26,0.730318339100346
0.27,0.730318339100346
0.28,0.730318339100346
0.29,0.730318339100346
0.3,0.730318339100346
0.31,0.730318339100346
0.32,0.730318339100346
0.33,0.730318339100346
0.34,0.730318339100346
0.35000000000000003,0.730318339100346
0.36,0.730318339100346
0.37,0.730318339100346
0.38,0.730318339100346
0.39,0.730318339100346
0.4,0.730318339100346
0.41,0.730318339100346
0.42,0.730318339100346
0.43,0.730318339100346
0.44,0.730318339100346
0.45,0.730318339100346
0.46,0.730318339100346
0.47,0.730318339100346
0.48,0.730318339100346
0.49,0.730318339100346
0.5,0.730318339100346
0.51,0.730318339100346
0.52,0.730318339100346
0.53,0.730318339100346
0.54,0.730318339100346
0.55,0.730318339100346
0.56,0.730318339100346
0.5700000000000001,0.730318339100346
0.58,0.730318339100346
0.59,0.730318339100346
0.6,0.730318339100346
0.61,0.730318339100346
0.62,0.730318339100346
0.63,0.730318339100346
0.64,0.730318339100346
0.65,0.730318339100346
0.66,0.730318339100346
0.67,0.730318339100346
0.68,0.730318339100346
0.6900000000000001,0.730318339100346
0.7000000000000001,0.730318339100346
0.71,0.730318339100346
0.72,0.730318339100346
0.73,0.730318339100346
0.74,0.730318339100346
0.75,0.730318339100346
0.76,0.730318339100346
0.77,0.730318339100346
0.78,0.730318339100346
0.79,0.730318339100346
0.8,0.730318339100346
0.81,0.730318339100346
0.82,0.730318339100346
0.83,0.730318339100346
0.84,0.730318339100346
0.85,0.730318339100346
0.86,0.730318339100346
0.87,0.730318339100346
0.88,0.730318339100346
0.89,0.730318339100346
0.9,0.730318339100346
0.91,0.730318339100346
0.92,0.730318339100346
0.93,0.730318339100346
0.94,0.730318339100346
0.95,0.730318339100346
0.96,0.730318339100346
0.97,0.730318339100346
0.98,0.730318339100346
0.9900000000000002,0.730318339100346
0.01,0.735355017301038
0.02,0.735355017301038
0.03,0.735355017301038
0.04,0.735355017301038
0.05,0.735355017301038
0.06,0.735355017301038
0.07,0.735355017301038
0.08,0.735355017301038
0.09,0.735355017301038
0.1,0.735355017301038
0.11,0.735355017301038
0.12,0.735355017301038
0.13,0.735355017301038
0.14,0.735355017301038
0.15,0.735355017301038
0.16,0.735355017301038
0.17,0.735355017301038
0.18,0.735355017301038
0.19,0.735355017301038
0.2,0.735355017301038
0.21,0.735355017301038
0.22,0.735355017301038
0.23,0.735355017301038
0.24,0.735355017301038
0.25,0.735355017301038
0.26,0.735355017301038
0.27,0.735355017301038
0.28,0.735355017301038
0.29,0.735355017301038
0.3,0.735355017301038
0.31,0.735355017301038
0.32,0.735355017301038
0.33,0.735355017301038
0.34,0.735355017301038
0.35000000000000003,0.735355017301038
0.36,0.735355017301038
0.37,0.735355017301038
0.38,0.735355017301038
0.39,0.735355017301038
0.4,0.735355017301038
0.41,0.735355017301038
0.42,0.735355017301038
0.43,0.735355017301038
0.44,0.735355017301038
0.45,0.735355017301038
0.46,0.735355017301038
0.47,0.735355017301038
0.48,0.735355017301038
0.49,0.735355017301038
0.5,0.735355017301038
0.51,0.735355017301038
0.52,0.735355017301038
0.53,0.735355017301038
0.54,0.735355017301038
0.55,0.735355017301038
0.56,0.735355017301038
0.5700000000000001,0.735355017301038
0.58,0.735355017301038
0.59,0.735355017301038
0.6,0.735355017301038
0.61,0.735355017301038
0.62,0.735355017301038
0.63,0.735355017301038
0.64,0.735355017301038
0.65,0.735355017301038
0.66,0.735355017301038
0.67,0.735355017301038
0.68,0.735355017301038
0.6900000000000001,0.735355017301038
0.7000000000000001,0.735355017301038
0.71,0.735355017301038
0.72,0.735355017301038
0.73,0.735355017301038
0.74,0.735355017301038
0.75,0.735355017301038
0.76,0.735355017301038
0.77,0.735355017301038
0.78,0.735355017301038
0.79,0.735355017301038
0.8,0.735355017301038
0.81,0.735355017301038
0.82,0.735355017301038
0.83,0.735355017301038
0.84,0.735355017301038
0.85,0.735355017301038
0.86,0.735355017301038
0.87,0.735355017301038
0.88,0.735355017301038
0.89,0.735355017301038
0.9,0.735355017301038
0.91,0.735355017301038
0.92,0.735355017301038
0.93,0.735355017301038
0.94,0.735355017301038
0.95,0.735355017301038
0.96,0.735355017301038
0.97,0.735355017301038
0.98,0.735355017301038
0.9900000000000002,0.735355017301038
0.01,0.7403916955017301
0.02,0.7403916955017301
0.03,0.7403916955017301
0.04,0.7403916955017301
0.05,0.7403916955017301
0.06,0.7403916955017301
0.07,0.7403916955017301
0.08,0.7403916955017301
0.09,0.7403916955017301
0.1,0.7403916955017301
0.11,0.7403916955017301
0.12,0.7403916955017301
0.13,0.7403916955017301
0.14,0.7403916955017301
0.15,0.7403916955017301
0.16,0.7403916955017301
0.17,0.7403916955017301
0.18,0.7403916955017301
0.19,0.7403916955017301
0.2,0.7403916955017301
0.21,0.7403916955017301
0.22,0.7403916955017301
0.23,0.7403916955017301
0.24,0.7403916955017301
0.25,0.7403916955017301
0.26,0.7403916955017301
0.27,0.7403916955017301
0.28,0.7403916955017301
0.29,0.7403916955017301
0.3,0.7403916955017301
0.31,0.7403916955017301
0.32,0.7403916955017301
0.33,0.7403916955017301
0.34,0.7403916955017301
0.35000000000000003,0.7403916955017301
0.36,0.7403916955017301
0.37,0.7403916955017301
0.38,0.7403916955017301
0.39,0.7403916955017301
0.4,0.7403916955017301
0.41,0.7403916955017301
0.42,0.7403916955017301
0.43,0.7403916955017301
0.44,0.7403916955017301
0.45,0.7403916955017301
0.46,0.7403916955017301
0.47,0.7403916955017301
0.48,0.7403916955017301
0.49,0.7403916955017301
0.5,0.7403916955017301
0.51,0.7403916955017301
0.52,0.7403916955017301
0.53,0.7403916955017301
0.54,0.7403916955017301
0.55,0.7403916955017301
0.56,0.7403916955017301
0.5700000000000001,0.7403916955017301
0.58,0.7403916955017301
0.59,0.7403916955017301
0.6,0.7403916955017301
0.61,0.7403916955017301
0.62,0.7403916955017301
0.63,0.7403916955017301
0.64,0.7403916955017301
0.65,0.7403916955017301
0.66,0.7403916955017301
0.67,0.7403916955017301
0.68,0.7403916955017301
0.6900000000000001,0.7403916955017301
0.7000000000000001,0.7403916955017301
0.71,0.7403916955017301
0.72,0.7403916955017301
0.73,0.7403916955017301
0.74,0.7403916955017301
0.75,0.7403916955017301
0.76,0.7403916955017301
0.77,0.7403916955017301
0.78,0.7403916955017301
0.79,0.7403916955017301
0.8,0.7403916955017301
0.81,0.7403916955017301
0.82,0.7403916955017301
0.83,0.7403916955017301
0.84,0.7403916955017301
0.85,0.7403916955017301
0.86,0.7403916955017301
0.87,0.7403916955017301
0.88,0.7403916955017301
0.89,0.7403916955017301
0.9,0.7403916955017301
0.91,0.7403916955017301
0.92,0.7403916955017301
0.93,0.7403916955017301
0.94,0.7403916955017301
0.95,0.7403916955017301
0.96,0.7403916955017301
0.97,0.7403916955017301
0.98,0.7403916955017301
0.9900000000000002,0.7403916955017301
0.01,0.7454283737024221
0.02,0.7454283737024221
0.03,0.7454283737024221
0.04,0.7454283737024221
0.05,0.7454283737024221
0.06,0.7454283737024221
0.07,0.7454283737024221
0.08,0.7454283737024221
0.09,0.7454283737024221
0.1,0.7454283737024221
0.11,0.7454283737024221
0.12,0.7454283737024221
0.13,0.7454283737024221
0.14,0.7454283737024221
0.15,0.7454283737024221
0.16,0.7454283737024221
0.17,0.7454283737024221
0.18,0.7454283737024221
0.19,0.7454283737024221
0.2,0.7454283737024221
0.21,0.7454283737024221
0.22,0.7454283737024221
0.23,0.7454283737024221
0.24,0.7454283737024221
0.25,0.7454283737024221
0.26,0.7454283737024221
0.27,0.7454283737024221
0.28,0.7454283737024221
0.29,0.7454283737024221
0.3,0.7454283737024221
0.31,0.7454283737024221
0.32,0.7454283737024221
0.33,0.7454283737024221
0.34,0.7454283737024221
0.35000000000000003,0.7454283737024221
0.36,0.7454283737024221
0.37,0.7454283737024221
0.38,0.7454283737024221
0.39,0.7454283737024221
0.4,0.7454283737024221
0.41,0.7454283737024221
0.42,0.7454283737024221
0.43,0.7454283737024221
0.44,0.7454283737024221
0.45,0.7454283737024221
0.46,0.7454283737024221
0.47,0.7454283737024221
0.48,0.7454283737024221
0.49,0.7454283737024221
0.5,0.7454283737024221
0.51,0.7454283737024221
0.52,0.7454283737024221
0.53,0.7454283737024221
0.54,0.7454283737024221
0.55,0.7454283737024221
0.56,0.7454283737024221
0.5700000000000001,0.7454283737024221
0.58,0.7454283737024221
0.59,0.7454283737024221
0.6,0.7454283737024221
0.61,0.7454283737024221
0.62,0.7454283737024221
0.63,0.7454283737024221
0.64,0.7454283737024221
0.65,0.7454283737024221
0.66,0.7454283737024221
0.67,0.7454283737024221
0.68,0.7454283737024221
0.6900000000000001,0.7454283737024221
0.7000000000000001,0.7454283737024221
0.71,0.7454283737024221
0.72,0.7454283737024221
0.73,0.7454283737024221
0.74,0.7454283737024221
0.75,0.7454283737024221
0.76,0.7454283737024221
0.77,0.7454283737024221
0.78,0.7454283737024221
0.79,0.7454283737024221
0.8,0.7454283737024221
0.81,0.7454283737024221
0.82,0.7454283737024221
0.83,0.7454283737024221
0.84,0.7454283737024221
0.85,0.7454283737024221
0.86,0.7454283737024221
0.87,0.7454283737024221
0.88,0.7454283737024221
0.89,0.7454283737024221
0.9,0.7454283737024221
0.91,0.7454283737024221
0.92,0.7454283737024221
0.93,0.7454283737024221
0.94,0.7454283737024221
0.95,0.7454283737024221
0.96,0.7454283737024221
0.97,0.7454283737024221
0.98,0.7454283737024221
0.9900000000000002,0.7454283737024221
0.01,0.7504650519031142
0.02,0.7504650519031142
0.03,0.7504650519031142
0.04,0.7504650519031142
0.05,0.7504650519031142
0.06,0.7504650519031142
0.07,0.7504650519031142
0.08,0.7504650519031142
0.09,0.7504650519031142
0.1,0.7504650519031142
0.11,0.7504650519031142
0.12,0.7504650519031142
0.13,0.7504650519031142
0.14,0.7504650519031142
0.15,0.7504650519031142
0.16,0.7504650519031142
0.17,0.7504650519031142
0.18,0.7504650519031142
0.19,0.7504650519031142
0.2,0.7504650519031142
0.21,0.7504650519031142
0.22,0.7504650519031142
0.23,0.7504650519031142
0.24,0.7504650519031142
0.25,0.7504650519031142
0.26,0.7504650519031142
0.27,0.7504650519031142
0.28,0.7504650519031142
0.29,0.7504650519031142
0.3,0.7504650519031142
0.31,0.7504650519031142
0.32,0.7504650519031142
0.33,0.7504650519031142
0.34,0.7504650519031142
0.35000000000000003,0.7504650519031142
0.36,0.7504650519031142
0.37,0.7504650519031142
0.38,0.7504650519031142
0.39,0.7504650519031142
0.4,0.7504650519031142
0.41,0.7504650519031142
0.42,0.7504650519031142
0.43,0.7504650519031142
0.44,0.7504650519031142
0.45,0.7504650519031142
0.46,0.7504650519031142
0.47,0.7504650519031142
0.48,0.7504650519031142
0.49,0.7504650519031142
0.5,0.7504650519031142
0.51,0.7504650519031142
0.52,0.7504650519031142
0.53,0.7504650519031142
0.54,0.7504650519031142
0.55,0.7504650519031142
0.56,0.7504650519031142
0.5700000000000001,0.7504650519031142
0.58,0.7504650519031142
0.59,0.7504650519031142
0.6,0.7504650519031142
0.61,0.7504650519031142
0.62,0.7504650519031142
0.63,0.7504650519031142
0.64,0.7504650519031142
0.65,0.7504650519031142
0.66,0.7504650519031142
0.67,0.7504650519031142
0.68,0.7504650519031142
0.6900000000000001,0.7504650519031142
0.7000000000000001,0.7504650519031142
0.71,0.7504650519031142
0.72,0.7504650519031142
0.73,0.7504650519031142
0.74,0.7504650519031142
0.75,0.7504650519031142
0.76,0.7504650519031142
0.77,0.7504650519031142
0.78,0.7504650519031142
0.79,0.7504650519031142
0.8,0.7504650519031142
0.81,0.7504650519031142
0.82,0.7504650519031142
0.83,0.7504650519031142
0.84,0.7504650519031142
0.85,0.7504650519031142
0.86,0.7504650519031142
0.87,0.7504650519031142
0.88,0.7504650519031142
0.89,0.7504650519031142
0.9,0.7504650519031142
0.91,0.7504650519031142
0.92,0.7504650519031142
0.93,0.7504650519031142
0.94,0.7504650519031142
0.95,0.7504650519031142
0.96,0.7504650519031142
0.97,0.7504650519031142
0.98,0.7504650519031142
0.9900000000000002,0.7504650519031142
0.01,0.7555017301038063
0.02,0.7555017301038063
0.03,0.7555017301038063
0.04,0.7555017301038063
0.05,0.7555017301038063
0.06,0.7555017301038063
0.07,0.7555017301038063
0.08,0.7555017301038063
0.09,0.7555017301038063
0.1,0.7555017301038063
0.11,0.7555017301038063
0.12,0.7555017301038063
0.13,0.7555017301038063
0.14,0.7555017301038063
0.15,0.7555017301038063
0.16,0.7555017301038063
0.17,0.7555017301038063
0.18,0.7555017301038063
0.19,0.7555017301038063
0.2,0.7555017301038063
0.21,0.7555017301038063
0.22,0.7555017301038063
0.23,0.7555017301038063
0.24,0.7555017301038063
0.25,0.7555017301038063
0.26,0.7555017301038063
0.27,0.7555017301038063
0.28,0.7555017301038063
0.29,0.7555017301038063
0.3,0.7555017301038063
0.31,0.7555017301038063
0.32,0.7555017301038063
0.33,0.7555017301038063
0.34,0.7555017301038063
0.35000000000000003,0.7555017301038063
0.36,0.7555017301038063
0.37,0.7555017301038063
0.38,0.7555017301038063
0.39,0.7555017301038063
0.4,0.7555017301038063
0.41,0.7555017301038063
0.42,0.7555017301038063
0.43,0.7555017301038063
0.44,0.7555017301038063
0.45,0.7555017301038063
0.46,0.7555017301038063
0.47,0.7555017301038063
0.48,0.7555017301038063
0.49,0.7555017301038063
0.5,0.7555017301038063
0.51,0.7555017301038063
0.52,0.7555017301038063
0.53,0.7555017301038063
0.54,0.7555017301038063
0.55,0.7555017301038063
0.56,0.7555017301038063
0.5700000000000001,0.7555017301038063
0.58,0.7555017301038063
0.59,0.7555017301038063
0.6,0.7555017301038063
0.61,0.7555017301038063
0.62,0.7555017301038063
0.63,0.7555017301038063
0.64,0.7555017301038063
0.65,0.7555017301038063
0.66,0.7555017301038063
0.67,0.7555017301038063
0.68,0.7555017301038063
0.6900000000000001,0.7555017301038063
0.7000000000000001,0.7555017301038063
0.71,0.7555017301038063
0.72,0.7555017301038063
0.73,0.7555017301038063
0.74,0.7555017301038063
0.75,0.7555017301038063
0.76,0.7555017301038063
0.77,0.7555017301038063
0.78,0.7555017301038063
0.79,0.7555017301038063
0.8,0.7555017301038063
0.81,0.7555017301038063
0.82,0.7555017301038063
0.83,0.7555017301038063
0.84,0.7555017301038063
0.85,0.7555017301038063
0.86,0.7555017301038063
0.87,0.7555017301038063
0.88,0.7555017301038063
0.89,0.7555017301038063
0.9,0.7555017301038063
0.91,0.7555017301038063
0.92,0.7555017301038063
0.93,0.7555017301038063
0.94,0.7555017301038063
0.95,0.7555017301038063
0.96,0.7555017301038063
0.97,0.7555017301038063
0.98,0.7555017301038063
0.9900000000000002,0.7555017301038063
0.01,0.7605384083044983
0.02,0.7605384083044983
0.03,0.7605384083044983
0.04,0.7605384083044983
0.05,0.7605384083044983
0.06,0.7605384083044983
0.07,0.7605384083044983
0.08,0.7605384083044983
0.09,0.7605384083044983
0.1,0.7605384083044983
0.11,0.7605384083044983
0.12,0.7605384083044983
0.13,0.7605384083044983
0.14,0.7605384083044983
0.15,0.7605384083044983
0.16,0.7605384083044983
0.17,0.7605384083044983
0.18,0.7605384083044983
0.19,0.7605384083044983
0.2,0.7605384083044983
0.21,0.7605384083044983
0.22,0.7605384083044983
0.23,0.7605384083044983
0.24,0.7605384083044983
0.25,0.7605384083044983
0.26,0.7605384083044983
0.27,0.7605384083044983
0.28,0.7605384083044983
0.29,0.7605384083044983
0.3,0.7605384083044983
0.31,0.7605384083044983
0.32,0.7605384083044983
0.33,0.7605384083044983
0.34,0.7605384083044983
0.35000000000000003,0.7605384083044983
0.36,0.7605384083044983
0.37,0.7605384083044983
0.38,0.7605384083044983
0.39,0.7605384083044983
0.4,0.7605384083044983
0.41,0.7605384083044983
0.42,0.7605384083044983
0.43,0.7605384083044983
0.44,0.7605384083044983
0.45,0.7605384083044983
0.46,0.7605384083044983
0.47,0.7605384083044983
0.48,0.7605384083044983
0.49,0.7605384083044983
0.5,0.7605384083044983
0.51,0.7605384083044983
0.52,0.7605384083044983
0.53,0.7605384083044983
0.54,0.7605384083044983
0.55,0.7605384083044983
0.56,0.7605384083044983
0.5700000000000001,0.7605384083044983
0.58,0.7605384083044983
0.59,0.7605384083044983
0.6,0.7605384083044983
0.61,0.7605384083044983
0.62,0.7605384083044983
0.63,0.7605384083044983
0.64,0.7605384083044983
0.65,0.7605384083044983
0.66,0.7605384083044983
0.67,0.7605384083044983
0.68,0.7605384083044983
0.6900000000000001,0.7605384083044983
0.7000000000000001,0.7605384083044983
0.71,0.7605384083044983
0.72,0.7605384083044983
0.73,0.7605384083044983
0.74,0.7605384083044983
0.75,0.7605384083044983
0.76,0.7605384083044983
0.77,0.7605384083044983
0.78,0.7605384083044983
0.79,0.7605384083044983
0.8,0.7605384083044983
0.81,0.7605384083044983
0.82,0.7605384083044983
0.83,0.7605384083044983
0.84,0.7605384083044983
0.85,0.7605384083044983
0.86,0.7605384083044983
0.87,0.7605384083044983
0.88,0.7605384083044983
0.89,0.7605384083044983
0.9,0.7605384083044983
0.91,0.7605384083044983
0.92,0.7605384083044983
0.93,0.7605384083044983
0.94,0.7605384083044983
0.95,0.7605384083044983
0.96,0.7605384083044983
0.97,0.7605384083044983
0.98,0.7605384083044983
0.9900000000000002,0.7605384083044983
0.01,0.7655750865051902
0.02,0.7655750865051902
0.03,0.7655750865051902
0.04,0.7655750865051902
0.05,0.7655750865051902
0.06,0.7655750865051902
0.07,0.7655750865051902
0.08,0.7655750865051902
0.09,0.7655750865051902
0.1,0.7655750865051902
0.11,0.7655750865051902
0.12,0.7655750865051902
0.13,0.7655750865051902
0.14,0.7655750865051902
0.15,0.7655750865051902
0.16,0.7655750865051902
0.17,0.7655750865051902
0.18,0.7655750865051902
0.19,0.7655750865051902
0.2,0.7655750865051902
0.21,0.7655750865051902
0.22,0.7655750865051902
0.23,0.7655750865051902
0.24,0.7655750865051902
0.25,0.7655750865051902
0.26,0.7655750865051902
0.27,0.7655750865051902
0.28,0.7655750865051902
0.29,0.7655750865051902
0.3,0.7655750865051902
0.31,0.7655750865051902
0.32,0.7655750865051902
0.33,0.7655750865051902
0.34,0.7655750865051902
0.35000000000000003,0.7655750865051902
0.36,0.7655750865051902
0.37,0.7655750865051902
0.38,0.7655750865051902
0.39,0.7655750865051902
0.4,0.7655750865051902
0.41,0.7655750865051902
0.42,0.7655750865051902
0.43,0.7655750865051902
0.44,0.7655750865051902
0.45,0.7655750865051902
0.46,0.7655750865051902
0.47,0.7655750865051902
0.48,0.7655750865051902
0.49,0.7655750865051902
0.5,0.7655750865051902
0.51,0.7655750865051902
0.52,0.7655750865051902
0.53,0.7655750865051902
0.54,0.7655750865051902
0.55,0.7655750865051902
0.56,0.7655750865051902
0.5700000000000001,0.7655750865051902
0.58,0.7655750865051902
0.59,0.7655750865051902
0.6,0.7655750865051902
0.61,0.7655750865051902
0.62,0.7655750865051902
0.63,0.7655750865051902
0.64,0.7655750865051902
0.65,0.7655750865051902
0.66,0.7655750865051902
0.67,0.7655750865051902
0.68,0.7655750865051902
0.6900000000000001,0.7655750865051902
0.7000000000000001,0.7655750865051902
0.71,0.7655750865051902
0.72,0.7655750865051902
0.73,0.7655750865051902
0.74,0.7655750865051902
0.75,0.7655750865051902
0.76,0.7655750865051902
0.77,0.7655750865051902
0.78,0.7655750865051902
0.79,0.7655750865051902
0.8,0.7655750865051902
0.81,0.7655750865051902
0.82,0.7655750865051902
0.83,0.7655750865051902
0.84,0.7655750865051902
0.85,0.7655750865051902
0.86,0.7655750865051902
0.87,0.7655750865051902
0.88,0.7655750865051902
0.89,0.7655750865051902
0.9,0.7655750865051902
0.91,0.7655750865051902
0.92,0.7655750865051902
0.93,0.7655750865051902
0.94,0.7655750865051902
0.95,0.7655750865051902
0.96,0.7655750865051902
0.97,0.7655750865051902
0.98,0.7655750865051902
0.9900000000000002,0.7655750865051902
0.01,0.7706117647058822
0.02,0.7706117647058822
0.03,0.7706117647058822
0.04,0.7706117647058822
0.05,0.7706117647058822
0.06,0.7706117647058822
0.07,0.7706117647058822
0.08,0.7706117647058822
0.09,0.7706117647058822
0.1,0.7706117647058822
0.11,0.7706117647058822
0.12,0.7706117647058822
0.13,0.7706117647058822
0.14,0.7706117647058822
0.15,0.7706117647058822
0.16,0.7706117647058822
0.17,0.7706117647058822
0.18,0.7706117647058822
0.19,0.7706117647058822
0.2,0.7706117647058822
0.21,0.7706117647058822
0.22,0.7706117647058822
0.23,0.7706117647058822
0.24,0.7706117647058822
0.25,0.7706117647058822
0.26,0.7706117647058822
0.27,0.7706117647058822
0.28,0.7706117647058822
0.29,0.7706117647058822
0.3,0.7706117647058822
0.31,0.7706117647058822
0.32,0.7706117647058822
0.33,0.7706117647058822
0.34,0.7706117647058822
0.35000000000000003,0.7706117647058822
0.36,0.7706117647058822
0.37,0.7706117647058822
0.38,0.7706117647058822
0.39,0.7706117647058822
0.4,0.7706117647058822
0.41,0.7706117647058822
0.42,0.7706117647058822
0.43,0.7706117647058822
0.44,0.7706117647058822
0.45,0.7706117647058822
0.46,0.7706117647058822
0.47,0.7706117647058822
0.48,0.7706117647058822
0.49,0.7706117647058822
0.5,0.7706117647058822
0.51,0.7706117647058822
0.52,0.7706117647058822
0.53,0.7706117647058822
0.54,0.7706117647058822
0.55,0.7706117647058822
0.56,0.7706117647058822
0.5700000000000001,0.7706117647058822
0.58,0.7706117647058822
0.59,0.7706117647058822
0.6,0.7706117647058822
0.61,0.7706117647058822
0.62,0.7706117647058822
0.63,0.7706117647058822
0.64,0.7706117647058822
0.65,0.7706117647058822
0.66,0.7706117647058822
0.67,0.7706117647058822
0.68,0.7706117647058822
0.6900000000000001,0.7706117647058822
0.7000000000000001,0.7706117647058822
0.71,0.7706117647058822
0.72,0.7706117647058822
0.73,0.7706117647058822
0.74,0.7706117647058822
0.75,0.7706117647058822
0.76,0.7706117647058822
0.77,0.7706117647058822
0.78,0.7706117647058822
0.79,0.7706117647058822
0.8,0.7706117647058822
0.81,0.7706117647058822
0.82,0.7706117647058822
0.83,0.7706117647058822
0.84,0.7706117647058822
0.85,0.7706117647058822
0.86,0.7706117647058822
0.87,0.7706117647058822
0.88,0.7706117647058822
0.89,0.7706117647058822
0.9,0.7706117647058822
0.91,0.7706117647058822
0.92,0.7706117647058822
0.93,0.7706117647058822
0.94,0.7706117647058822
0.95,0.7706117647058822
0.96,0.7706117647058822
0.97,0.7706117647058822
0.98,0.7706117647058822
0.9900000000000002,0.7706117647058822
0.01,0.7756484429065744
0.02,0.7756484429065744
0.03,0.7756484429065744
0.04,0.7756484429065744
0.05,0.7756484429065744
0.06,0.7756484429065744
0.07,0.7756484429065744
0.08,0.7756484429065744
0.09,0.7756484429065744
0.1,0.7756484429065744
0.11,0.7756484429065744
0.12,0.7756484429065744
0.13,0.7756484429065744
0.14,0.7756484429065744
0.15,0.7756484429065744
0.16,0.7756484429065744
0.17,0.7756484429065744
0.18,0.7756484429065744
0.19,0.7756484429065744
0.2,0.7756484429065744
0.21,0.7756484429065744
0.22,0.7756484429065744
0.23,0.7756484429065744
0.24,0.7756484429065744
0.25,0.7756484429065744
0.26,0.7756484429065744
0.27,0.7756484429065744
0.28,0.7756484429065744
0.29,0.7756484429065744
0.3,0.7756484429065744
0.31,0.7756484429065744
0.32,0.7756484429065744
0.33,0.7756484429065744
0.34,0.7756484429065744
0.35000000000000003,0.7756484429065744
0.36,0.7756484429065744
0.37,0.7756484429065744
0.38,0.7756484429065744
0.39,0.7756484429065744
0.4,0.7756484429065744
0.41,0.7756484429065744
0.42,0.7756484429065744
0.43,0.7756484429065744
0.44,0.7756484429065744
0.45,0.7756484429065744
0.46,0.7756484429065744
0.47,0.7756484429065744
0.48,0.7756484429065744
0.49,0.7756484429065744
0.5,0.7756484429065744
0.51,0.7756484429065744
0.52,0.7756484429065744
0.53,0.7756484429065744
0.54,0.7756484429065744
0.55,0.7756484429065744
0.56,0.7756484429065744
0.5700000000000001,0.7756484429065744
0.58,0.7756484429065744
0.59,0.7756484429065744
0.6,0.7756484429065744
0.61,0.7756484429065744
0.62,0.7756484429065744
0.63,0.7756484429065744
0.64,0.7756484429065744
0.65,0.7756484429065744
0.66,0.7756484429065744
0.67,0.7756484429065744
0.68,0.7756484429065744
0.6900000000000001,0.7756484429065744
0.7000000000000001,0.7756484429065744
0.71,0.7756484429065744
0.72,0.7756484429065744
0.73,0.7756484429065744
0.74,0.7756484429065744
0.75,0.7756484429065744
0.76,0.7756484429065744
0.77,0.7756484429065744
0.78,0.7756484429065744
0.79,0.7756484429065744
0.8,0.7756484429065744
0.81,0.7756484429065744
0.82,0.7756484429065744
0.83,0.7756484429065744
0.84,0.7756484429065744
0.85,0.7756484429065744
0.86,0.7756484429065744
0.87,0.7756484429065744
0.88,0.7756484429065744
0.89,0.7756484429065744
0.9,0.7756484429065744
0.91,0.7756484429065744
0.92,0.7756484429065744
0.93,0.7756484429065744
0.94,0.7756484429065744
0.95,0.7756484429065744
0.96,0.7756484429065744
0.97,0.7756484429065744
0.98,0.7756484429065744
0.9900000000000002,0.7756484429065744
0.01,0.7806851211072665
0.02,0.7806851211072665
0.03,0.7806851211072665
0.04,0.7806851211072665
0.05,0.7806851211072665
0.06,0.7806851211072665
0.07,0.7806851211072665
0.08,0.7806851211072665
0.09,0.7806851211072665
0.1,0.7806851211072665
0.11,0.7806851211072665
0.12,0.7806851211072665
0.13,0.7806851211072665
0.14,0.7806851211072665
0.15,0.7806851211072665
0.16,0.7806851211072665
0.17,0.7806851211072665
0.18,0.7806851211072665
0.19,0.7806851211072665
0.2,0.7806851211072665
0.21,0.7806851211072665
0.22,0.7806851211072665
0.23,0.7806851211072665
0.24,0.7806851211072665
0.25,0.7806851211072665
0.26,0.7806851211072665
0.27,0.7806851211072665
0.28,0.7806851211072665
0.29,0.7806851211072665
0.3,0.7806851211072665
0.31,0.7806851211072665
0.32,0.7806851211072665
0.33,0.7806851211072665
0.34,0.7806851211072665
0.35000000000000003,0.7806851211072665
0.36,0.7806851211072665
0.37,0.7806851211072665
0.38,0.7806851211072665
0.39,0.7806851211072665
0.4,0.7806851211072665
0.41,0.7806851211072665
0.42,0.7806851211072665
0.43,0.7806851211072665
0.44,0.7806851211072665
0.45,0.7806851211072665
0.46,0.7806851211072665
0.47,0.7806851211072665
0.48,0.7806851211072665
0.49,0.7806851211072665
0.5,0.7806851211072665
0.51,0.7806851211072665
0.52,0.7806851211072665
0.53,0.7806851211072665
0.54,0.7806851211072665
0.55,0.7806851211072665
0.56,0.7806851211072665
0.5700000000000001,0.7806851211072665
0.58,0.7806851211072665
0.59,0.7806851211072665
0.6,0.7806851211072665
0.61,0.7806851211072665
0.62,0.7806851211072665
0.63,0.7806851211072665
0.64,0.7806851211072665
0.65,0.7806851211072665
0.66,0.7806851211072665
0.67,0.7806851211072665
0.68,0.7806851211072665
0.6900000000000001,0.7806851211072665
0.7000000000000001,0.7806851211072665
0.71,0.7806851211072665
0.72,0.7806851211072665
0.73,0.7806851211072665
0.74,0.7806851211072665
0.75,0.7806851211072665
0.76,0.7806851211072665
0.77,0.7806851211072665
0.78,0.7806851211072665
0.79,0.7806851211072665
0.8,0.7806851211072665
0.81,0.7806851211072665
0.82,0.7806851211072665
0.83,0.7806851211072665
0.84,0.7806851211072665
0.85,0.7806851211072665
0.86,0.7806851211072665
0.87,0.7806851211072665
0.88,0.7806851211072665
0.89,0.7806851211072665
0.9,0.7806851211072665
0.91,0.7806851211072665
0.92,0.7806851211072665
0.93,0.7806851211072665
0.94,0.7806851211072665
0.95,0.7806851211072665
0.96,0.7806851211072665
0.97,0.7806851211072665
0.98,0.7806851211072665
0.9900000000000002,0.7806851211072665
0.01,0.7857217993079586
0.02,0.7857217993079586
0.03,0.7857217993079586
0.04,0.7857217993079586
0.05,0.7857217993079586
0.06,0.7857217993079586
0.07,0.7857217993079586
0.08,0.7857217993079586
0.09,0.7857217993079586
0.1,0.7857217993079586
0.11,0.7857217993079586
0.12,0.7857217993079586
0.13,0.7857217993079586
0.14,0.7857217993079586
0.15,0.7857217993079586
0.16,0.7857217993079586
0.17,0.7857217993079586
0.18,0.7857217993079586
0.19,0.7857217993079586
0.2,0.7857217993079586
0.21,0.7857217993079586
0.22,0.7857217993079586
0.23,0.7857217993079586
0.24,0.7857217993079586
0.25,0.7857217993079586
0.26,0.7857217993079586
0.27,0.7857217993079586
0.28,0.7857217993079586
0.29,0.7857217993079586
0.3,0.7857217993079586
0.31,0.7857217993079586
0.32,0.7857217993079586
0.33,0.7857217993079586
0.34,0.7857217993079586
0.35000000000000003,0.7857217993079586
0.36,0.7857217993079586
0.37,0.7857217993079586
0.38,0.7857217993079586
0.39,0.7857217993079586
0.4,0.7857217993079586
0.41,0.7857217993079586
0.42,0.7857217993079586
0.43,0.7857217993079586
0.44,0.7857217993079586
0.45,0.7857217993079586
0.46,0.7857217993079586
0.47,0.7857217993079586
0.48,0.7857217993079586
0.49,0.7857217993079586
0.5,0.7857217993079586
0.51,0.7857217993079586
0.52,0.7857217993079586
0.53,0.7857217993079586
0.54,0.7857217993079586
0.55,0.7857217993079586
0.56,0.7857217993079586
0.5700000000000001,0.7857217993079586
0.58,0.7857217993079586
0.59,0.7857217993079586
0.6,0.7857217993079586
0.61,0.7857217993079586
0.62,0.7857217993079586
0.63,0.7857217993079586
0.64,0.7857217993079586
0.65,0.7857217993079586
0.66,0.7857217993079586
0.67,0.7857217993079586
0.68,0.7857217993079586
0.6900000000000001,0.7857217993079586
0.7000000000000001,0.7857217993079586
0.71,0.7857217993079586
0.72,0.7857217993079586
0.73,0.7857217993079586
0.74,0.7857217993079586
0.75,0.7857217993079586
0.76,0.7857217993079586
0.77,0.7857217993079586
0.78,0.7857217993079586
0.79,0.7857217993079586
0.8,0.7857217993079586
0.81,0.7857217993079586
0.82,0.7857217993079586
0.83,0.7857217993079586
0.84,0.7857217993079586
0.85,0.7857217993079586
0.86,0.7857217993079586
0.87,0.7857217993079586
0.88,0.7857217993079586
0.89,0.7857217993079586
0.9,0.7857217993079586
0.91,0.7857217993079586
0.92,0.7857217993079586
0.93,0.7857217993079586
0.94,0.7857217993079586
0.95,0.7857217993079586
0.96,0.7857217993079586
0.97,0.7857217993079586
0.98,0.7857217993079586
0.9900000000000002,0.7857217993079586
0.01,0.7907584775086504
0.02,0.7907584775086504
0.03,0.7907584775086504
0.04,0.7907584775086504
0.05,0.7907584775086504
0.06,0.7907584775086504
0.07,0.7907584775086504
0.08,0.7907584775086504
0.09,0.7907584775086504
0.1,0.7907584775086504
0.11,0.7907584775086504
0.12,0.7907584775086504
0.13,0.7907584775086504
0.14,0.7907584775086504
0.15,0.7907584775086504
0.16,0.7907584775086504
0.17,0.7907584775086504
0.18,0.7907584775086504
0.19,0.7907584775086504
0.2,0.7907584775086504
0.21,0.7907584775086504
0.22,0.7907584775086504
0.23,0.7907584775086504
0.24,0.7907584775086504
0.25,0.7907584775086504
0.26,0.7907584775086504
0.27,0.7907584775086504
0.28,0.7907584775086504
0.29,0.7907584775086504
0.3,0.7907584775086504
0.31,0.7907584775086504
0.32,0.7907584775086504
0.33,0.7907584775086504
0.34,0.7907584775086504
0.35000000000000003,0.7907584775086504
0.36,0.7907584775086504
0.37,0.7907584775086504
0.38,0.7907584775086504
0.39,0.7907584775086504
0.4,0.7907584775086504
0.41,0.7907584775086504
0.42,0.7907584775086504
0.43,0.7907584775086504
0.44,0.7907584775086504
0.45,0.7907584775086504
0.46,0.7907584775086504
0.47,0.7907584775086504
0.48,0.7907584775086504
0.49,0.7907584775086504
0.5,0.7907584775086504
0.51,0.7907584775086504
0.52,0.7907584775086504
0.53,0.7907584775086504
0.54,0.7907584775086504
0.55,0.7907584775086504
0.56,0.7907584775086504
0.5700000000000001,0.7907584775086504
0.58,0.7907584775086504
0.59,0.7907584775086504
0.6,0.7907584775086504
0.61,0.7907584775086504
0.62,0.7907584775086504
0.63,0.7907584775086504
0.64,0.7907584775086504
0.65,0.7907584775086504
0.66,0.7907584775086504
0.67,0.7907584775086504
0.68,0.7907584775086504
0.6900000000000001,0.7907584775086504
0.7000000000000001,0.7907584775086504
0.71,0.7907584775086504
0.72,0.7907584775086504
0.73,0.7907584775086504
0.74,0.7907584775086504
0.75,0.7907584775086504
0.76,0.7907584775086504
0.77,0.7907584775086504
0.78,0.7907584775086504
0.79,0.7907584775086504
0.8,0.7907584775086504
0.81,0.7907584775086504
0.82,0.7907584775086504
0.83,0.7907584775086504
0.84,0.7907584775086504
0.85,0.7907584775086504
0.86,0.7907584775086504
0.87,0.7907584775086504
0.88,0.7907584775086504
0.89,0.7907584775086504
0.9,0.7907584775086504
0.91,0.7907584775086504
0.92,0.7907584775086504
0.93,0.7907584775086504
0.94,0.7907584775086504
0.95,0.7907584775086504
0.96,0.7907584775086504
0.97,0.7907584775086504
0.98,0.7907584775086504
0.9900000000000002,0.7907584775086504
0.01,0.7957951557093426
0.02,0.7957951557093426
0.03,0.7957951557093426
0.04,0.7957951557093426
0.05,0.7957951557093426
0.06,0.7957951557093426
0.07,0.7957951557093426
0.08,0.7957951557093426
0.09,0.7957951557093426
0.1,0.7957951557093426
0.11,0.7957951557093426
0.12,0.7957951557093426
0.13,0.7957951557093426
0.14,0.7957951557093426
0.15,0.7957951557093426
0.16,0.7957951557093426
0.17,0.7957951557093426
0.18,0.7957951557093426
0.19,0.7957951557093426
0.2,0.7957951557093426
0.21,0.7957951557093426
0.22,0.7957951557093426
0.23,0.7957951557093426
0.24,0.7957951557093426
0.25,0.7957951557093426
0.26,0.7957951557093426
0.27,0.7957951557093426
0.28,0.7957951557093426
0.29,0.7957951557093426
0.3,0.7957951557093426
0.31,0.7957951557093426
0.32,0.7957951557093426
0.33,0.7957951557093426
0.34,0.7957951557093426
0.35000000000000003,0.7957951557093426
0.36,0.7957951557093426
0.37,0.7957951557093426
0.38,0.7957951557093426
0.39,0.7957951557093426
0.4,0.7957951557093426
0.41,0.7957951557093426
0.42,0.7957951557093426
0.43,0.7957951557093426
0.44,0.7957951557093426
0.45,0.7957951557093426
0.46,0.7957951557093426
0.47,0.7957951557093426
0.48,0.7957951557093426
0.49,0.7957951557093426
0.5,0.7957951557093426
0.51,0.7957951557093426
0.52,0.7957951557093426
0.53,0.7957951557093426
0.54,0.7957951557093426
0.55,0.7957951557093426
0.56,0.7957951557093426
0.5700000000000001,0.7957951557093426
0.58,0.7957951557093426
0.59,0.7957951557093426
0.6,0.7957951557093426
0.61,0.7957951557093426
0.62,0.7957951557093426
0.63,0.7957951557093426
0.64,0.7957951557093426
0.65,0.7957951557093426
0.66,0.7957951557093426
0.67,0.7957951557093426
0.68,0.7957951557093426
0.6900000000000001,0.7957951557093426
0.7000000000000001,0.7957951557093426
0.71,0.7957951557093426
0.72,0.7957951557093426
0.73,0.7957951557093426
0.74,0.7957951557093426
0.75,0.7957951557093426
0.76,0.7957951557093426
0.77,0.7957951557093426
0.78,0.7957951557093426
0.79,0.7957951557093426
0.8,0.7957951557093426
0.81,0.7957951557093426
0.82,0.7957951557093426
0.83,0.7957951557093426
0.84,0.7957951557093426
0.85,0.7957951557093426
0.86,0.7957951557093426
0.87,0.7957951557093426
0.88,0.7957951557093426
0.89,0.7957951557093426
0.9,0.7957951557093426
0.91,0.7957951557093426
0.92,0.7957951557093426
0.93,0.7957951557093426
0.94,0.7957951557093426
0.95,0.7957951557093426
0.96,0.7957951557093426
0.97,0.7957951557093426
0.98,0.7957951557093426
0.9900000000000002,0.7957951557093426
0.01,0.8008318339100348
0.02,0.8008318339100348
0.03,0.8008318339100348
0.04,0.8008318339100348
0.05,0.8008318339100348
0.06,0.8008318339100348
0.07,0.8008318339100348
0.08,0.8008318339100348
0.09,0.8008318339100348
0.1,0.8008318339100348
0.11,0.8008318339100348
0.12,0.8008318339100348
0.13,0.8008318339100348
0.14,0.8008318339100348
0.15,0.8008318339100348
0.16,0.8008318339100348
0.17,0.8008318339100348
0.18,0.8008318339100348
0.19,0.8008318339100348
0.2,0.8008318339100348
0.21,0.8008318339100348
0.22,0.8008318339100348
0.23,0.8008318339100348
0.24,0.8008318339100348
0.25,0.8008318339100348
0.26,0.8008318339100348
0.27,0.8008318339100348
0.28,0.8008318339100348
0.29,0.8008318339100348
0.3,0.8008318339100348
0.31,0.8008318339100348
0.32,0.8008318339100348
0.33,0.8008318339100348
0.34,0.8008318339100348
0.35000000000000003,0.8008318339100348
0.36,0.8008318339100348
0.37,0.8008318339100348
0.38,0.8008318339100348
0.39,0.8008318339100348
0.4,0.8008318339100348
0.41,0.8008318339100348
0.42,0.8008318339100348
0.43,0.8008318339100348
0.44,0.8008318339100348
0.45,0.8008318339100348
0.46,0.8008318339100348
0.47,0.8008318339100348
0.48,0.8008318339100348
0.49,0.8008318339100348
0.5,0.8008318339100348
0.51,0.8008318339100348
0.52,0.8008318339100348
0.53,0.8008318339100348
0.54,0.8008318339100348
0.55,0.8008318339100348
0.56,0.8008318339100348
0.5700000000000001,0.8008318339100348
0.58,0.8008318339100348
0.59,0.8008318339100348
0.6,0.8008318339100348
0.61,0.8008318339100348
0.62,0.8008318339100348
0.63,0.8008318339100348
0.64,0.8008318339100348
0.65,0.8008318339100348
0.66,0.8008318339100348
0.67,0.8008318339100348
0.68,0.8008318339100348
0.6900000000000001,0.8008318339100348
0.7000000000000001,0.8008318339100348
0.71,0.8008318339100348
0.72,0.8008318339100348
0.73,0.8008318339100348
0.74,0.8008318339100348
0.75,0.8008318339100348
0.76,0.8008318339100348
0.77,0.8008318339100348
0.78,0.8008318339100348
0.79,0.8008318339100348
0.8,0.8008318339100348
0.81,0.8008318339100348
0.82,0.8008318339100348
0.83,0.8008318339100348
0.84,0.8008318339100348
0.85,0.8008318339100348
0.86,0.8008318339100348
0.87,0.8008318339100348
0.88,0.8008318339100348
0.89,0.8008318339100348
0.9,0.8008318339100348
0.91,0.8008318339100348
0.92,0.8008318339100348
0.93,0.8008318339100348
0.94,0.8008318339100348
0.95,0.8008318339100348
0.96,0.8008318339100348
0.97,0.8008318339100348
0.98,0.8008318339100348
0.9900000000000002,0.8008318339100348
0.01,0.8058685121107267
0.02,0.8058685121107267
0.03,0.8058685121107267
0.04,0.8058685121107267
0.05,0.8058685121107267
0.06,0.8058685121107267
0.07,0.8058685121107267
0.08,0.8058685121107267
0.09,0.8058685121107267
0.1,0.8058685121107267
0.11,0.8058685121107267
0.12,0.8058685121107267
0.13,0.8058685121107267
0.14,0.8058685121107267
0.15,0.8058685121107267
0.16,0.8058685121107267
0.17,0.8058685121107267
0.18,0.8058685121107267
0.19,0.8058685121107267
0.2,0.8058685121107267
0.21,0.8058685121107267
0.22,0.8058685121107267
0.23,0.8058685121107267
0.24,0.8058685121107267
0.25,0.8058685121107267
0.26,0.8058685121107267
0.27,0.8058685121107267
0.28,0.8058685121107267
0.29,0.8058685121107267
0.3,0.8058685121107267
0.31,0.8058685121107267
0.32,0.8058685121107267
0.33,0.8058685121107267
0.34,0.8058685121107267
0.35000000000000003,0.8058685121107267
0.36,0.8058685121107267
0.37,0.8058685121107267
0.38,0.8058685121107267
0.39,0.8058685121107267
0.4,0.8058685121107267
0.41,0.8058685121107267
0.42,0.8058685121107267
0.43,0.8058685121107267
0.44,0.8058685121107267
0.45,0.8058685121107267
0.46,0.8058685121107267
0.47,0.8058685121107267
0.48,0.8058685121107267
0.49,0.8058685121107267
0.5,0.8058685121107267
0.51,0.8058685121107267
0.52,0.8058685121107267
0.53,0.8058685121107267
0.54,0.8058685121107267
0.55,0.8058685121107267
0.56,0.8058685121107267
0.5700000000000001,0.8058685121107267
0.58,0.8058685121107267
0.59,0.8058685121107267
0.6,0.8058685121107267
0.61,0.8058685121107267
0.62,0.8058685121107267
0.63,0.8058685121107267
0.64,0.8058685121107267
0.65,0.8058685121107267
0.66,0.8058685121107267
0.67,0.8058685121107267
0.68,0.8058685121107267
0.6900000000000001,0.8058685121107267
0.7000000000000001,0.8058685121107267
0.71,0.8058685121107267
0.72,0.8058685121107267
0.73,0.8058685121107267
0.74,0.8058685121107267
0.75,0.8058685121107267
0.76,0.8058685121107267
0.77,0.8058685121107267
0.78,0.8058685121107267
0.79,0.8058685121107267
0.8,0.8058685121107267
0.81,0.8058685121107267
0.82,0.8058685121107267
0.83,0.8058685121107267
0.84,0.8058685121107267
0.85,0.8058685121107267
0.86,0.8058685121107267
0.87,0.8058685121107267
0.88,0.8058685121107267
0.89,0.8058685121107267
0.9,0.8058685121107267
0.91,0.8058685121107267
0.92,0.8058685121107267
0.93,0.8058685121107267
0.94,0.8058685121107267
0.95,0.8058685121107267
0.96,0.8058685121107267
0.97,0.8058685121107267
0.98,0.8058685121107267
0.9900000000000002,0.8058685121107267
0.01,0.8109051903114186
0.02,0.8109051903114186
0.03,0.8109051903114186
0.04,0.8109051903114186
0.05,0.8109051903114186
0.06,0.8109051903114186
0.07,0.8109051903114186
0.08,0.8109051903114186
0.09,0.8109051903114186
0.1,0.8109051903114186
0.11,0.8109051903114186
0.12,0.8109051903114186
0.13,0.8109051903114186
0.14,0.8109051903114186
0.15,0.8109051903114186
0.16,0.8109051903114186
0.17,0.8109051903114186
0.18,0.8109051903114186
0.19,0.8109051903114186
0.2,0.8109051903114186
0.21,0.8109051903114186
0.22,0.8109051903114186
0.23,0.8109051903114186
0.24,0.8109051903114186
0.25,0.8109051903114186
0.26,0.8109051903114186
0.27,0.8109051903114186
0.28,0.8109051903114186
0.29,0.8109051903114186
0.3,0.8109051903114186
0.31,0.8109051903114186
0.32,0.8109051903114186
0.33,0.8109051903114186
0.34,0.8109051903114186
0.35000000000000003,0.8109051903114186
0.36,0.8109051903114186
0.37,0.8109051903114186
0.38,0.8109051903114186
0.39,0.8109051903114186
0.4,0.8109051903114186
0.41,0.8109051903114186
0.42,0.8109051903114186
0.43,0.8109051903114186
0.44,0.8109051903114186
0.45,0.8109051903114186
0.46,0.8109051903114186
0.47,0.8109051903114186
0.48,0.8109051903114186
0.49,0.8109051903114186
0.5,0.8109051903114186
0.51,0.8109051903114186
0.52,0.8109051903114186
0.53,0.8109051903114186
0.54,0.8109051903114186
0.55,0.8109051903114186
0.56,0.8109051903114186
0.5700000000000001,0.8109051903114186
0.58,0.8109051903114186
0.59,0.8109051903114186
0.6,0.8109051903114186
0.61,0.8109051903114186
0.62,0.8109051903114186
0.63,0.8109051903114186
0.64,0.8109051903114186
0.65,0.8109051903114186
0.66,0.8109051903114186
0.67,0.8109051903114186
0.68,0.8109051903114186
0.6900000000000001,0.8109051903114186
0.7000000000000001,0.8109051903114186
0.71,0.8109051903114186
0.72,0.8109051903114186
0.73,0.8109051903114186
0.74,0.8109051903114186
0.75,0.8109051903114186
0.76,0.8109051903114186
0.77,0.8109051903114186
0.78,0.8109051903114186
0.79,0.8109051903114186
0.8,0.8109051903114186
0.81,0.8109051903114186
0.82,0.8109051903114186
0.83,0.8109051903114186
0.84,0.8109051903114186
0.85,0.8109051903114186
0.86,0.8109051903114186
0.87,0.8109051903114186
0.88,0.8109051903114186
0.89,0.8109051903114186
0.9,0.8109051903114186
0.91,0.8109051903114186
0.92,0.8109051903114186
0.93,0.8109051903114186
0.94,0.8109051903114186
0.95,0.8109051903114186
0.96,0.8109051903114186
0.97,0.8109051903114186
0.98,0.8109051903114186
0.9900000000000002,0.8109051903114186
0.01,0.8159418685121107
0.02,0.8159418685121107
0.03,0.8159418685121107
0.04,0.8159418685121107
0.05,0.8159418685121107
0.06,0.8159418685121107
0.07,0.8159418685121107
0.08,0.8159418685121107
0.09,0.8159418685121107
0.1,0.8159418685121107
0.11,0.8159418685121107
0.12,0.8159418685121107
0.13,0.8159418685121107
0.14,0.8159418685121107
0.15,0.8159418685121107
0.16,0.8159418685121107
0.17,0.8159418685121107
0.18,0.8159418685121107
0.19,0.8159418685121107
0.2,0.8159418685121107
0.21,0.8159418685121107
0.22,0.8159418685121107
0.23,0.8159418685121107
0.24,0.8159418685121107
0.25,0.8159418685121107
0.26,0.8159418685121107
0.27,0.8159418685121107
0.28,0.8159418685121107
0.29,0.8159418685121107
0.3,0.8159418685121107
0.31,0.8159418685121107
0.32,0.8159418685121107
0.33,0.8159418685121107
0.34,0.8159418685121107
0.35000000000000003,0.8159418685121107
0.36,0.8159418685121107
0.37,0.8159418685121107
0.38,0.8159418685121107
0.39,0.8159418685121107
0.4,0.8159418685121107
0.41,0.8159418685121107
0.42,0.8159418685121107
0.43,0.8159418685121107
0.44,0.8159418685121107
0.45,0.8159418685121107
0.46,0.8159418685121107
0.47,0.8159418685121107
0.48,0.8159418685121107
0.49,0.8159418685121107
0.5,0.8159418685121107
0.51,0.8159418685121107
0.52,0.8159418685121107
0.53,0.8159418685121107
0.54,0.8159418685121107
0.55,0.8159418685121107
0.56,0.8159418685121107
0.5700000000000001,0.8159418685121107
0.58,0.8159418685121107
0.59,0.8159418685121107
0.6,0.8159418685121107
0.61,0.8159418685121107
0.62,0.8159418685121107
0.63,0.8159418685121107
0.64,0.8159418685121107
0.65,0.8159418685121107
0.66,0.8159418685121107
0.67,0.8159418685121107
0.68,0.8159418685121107
0.6900000000000001,0.8159418685121107
0.7000000000000001,0.8159418685121107
0.71,0.8159418685121107
0.72,0.8159418685121107
0.73,0.8159418685121107
0.74,0.8159418685121107
0.75,0.8159418685121107
0.76,0.8159418685121107
0.77,0.8159418685121107
0.78,0.8159418685121107
0.79,0.8159418685121107
0.8,0.8159418685121107
0.81,0.8159418685121107
0.82,0.8159418685121107
0.83,0.8159418685121107
0.84,0.8159418685121107
0.85,0.8159418685121107
0.86,0.8159418685121107
0.87,0.8159418685121107
0.88,0.8159418685121107
0.89,0.8159418685121107
0.9,0.8159418685121107
0.91,0.8159418685121107
0.92,0.8159418685121107
0.93,0.8159418685121107
0.94,0.8159418685121107
0.95,0.8159418685121107
0.96,0.8159418685121107
0.97,0.8159418685121107
0.98,0.8159418685121107
0.9900000000000002,0.8159418685121107
0.01,0.8209785467128027
0.02,0.8209785467128027
0.03,0.8209785467128027
0.04,0.8209785467128027
0.05,0.8209785467128027
0.06,0.8209785467128027
0.07,0.8209785467128027
0.08,0.8209785467128027
0.09,0.8209785467128027
0.1,0.8209785467128027
0.11,0.8209785467128027
0.12,0.8209785467128027
0.13,0.8209785467128027
0.14,0.8209785467128027
0.15,0.8209785467128027
0.16,0.8209785467128027
0.17,0.8209785467128027
0.18,0.8209785467128027
0.19,0.8209785467128027
0.2,0.8209785467128027
0.21,0.8209785467128027
0.22,0.8209785467128027
0.23,0.8209785467128027
0.24,0.8209785467128027
0.25,0.8209785467128027
0.26,0.8209785467128027
0.27,0.8209785467128027
0.28,0.8209785467128027
0.29,0.8209785467128027
0.3,0.8209785467128027
0.31,0.8209785467128027
0.32,0.8209785467128027
0.33,0.8209785467128027
0.34,0.8209785467128027
0.35000000000000003,0.8209785467128027
0.36,0.8209785467128027
0.37,0.8209785467128027
0.38,0.8209785467128027
0.39,0.8209785467128027
0.4,0.8209785467128027
0.41,0.8209785467128027
0.42,0.8209785467128027
0.43,0.8209785467128027
0.44,0.8209785467128027
0.45,0.8209785467128027
0.46,0.8209785467128027
0.47,0.8209785467128027
0.48,0.8209785467128027
0.49,0.8209785467128027
0.5,0.8209785467128027
0.51,0.8209785467128027
0.52,0.8209785467128027
0.53,0.8209785467128027
0.54,0.8209785467128027
0.55,0.8209785467128027
0.56,0.8209785467128027
0.5700000000000001,0.8209785467128027
0.58,0.8209785467128027
0.59,0.8209785467128027
0.6,0.8209785467128027
0.61,0.8209785467128027
0.62,0.8209785467128027
0.63,0.8209785467128027
0.64,0.8209785467128027
0.65,0.8209785467128027
0.66,0.8209785467128027
0.67,0.8209785467128027
0.68,0.8209785467128027
0.6900000000000001,0.8209785467128027
0.7000000000000001,0.8209785467128027
0.71,0.8209785467128027
0.72,0.8209785467128027
0.73,0.8209785467128027
0.74,0.8209785467128027
0.75,0.8209785467128027
0.76,0.8209785467128027
0.77,0.8209785467128027
0.78,0.8209785467128027
0.79,0.8209785467128027
0.8,0.8209785467128027
0.81,0.8209785467128027
0.82,0.8209785467128027
0.83,0.8209785467128027
0.84,0.8209785467128027
0.85,0.8209785467128027
0.86,0.8209785467128027
0.87,0.8209785467128027
0.88,0.8209785467128027
0.89,0.8209785467128027
0.9,0.8209785467128027
0.91,0.8209785467128027
0.92,0.8209785467128027
0.93,0.8209785467128027
0.94,0.8209785467128027
0.95,0.8209785467128027
0.96,0.8209785467128027
0.97,0.8209785467128027
0.98,0.8209785467128027
0.9900000000000002,0.8209785467128027
0.01,0.8260152249134948
0.02,0.8260152249134948
0.03,0.8260152249134948
0.04,0.8260152249134948
0.05,0.8260152249134948
0.06,0.8260152249134948
0.07,0.8260152249134948
0.08,0.8260152249134948
0.09,0.8260152249134948
0.1,0.8260152249134948
0.11,0.8260152249134948
0.12,0.8260152249134948
0.13,0.8260152249134948
0.14,0.8260152249134948
0.15,0.8260152249134948
0.16,0.8260152249134948
0.17,0.8260152249134948
0.18,0.8260152249134948
0.19,0.8260152249134948
0.2,0.8260152249134948
0.21,0.8260152249134948
0.22,0.8260152249134948
0.23,0.8260152249134948
0.24,0.8260152249134948
0.25,0.8260152249134948
0.26,0.8260152249134948
0.27,0.8260152249134948
0.28,0.8260152249134948
0.29,0.8260152249134948
0.3,0.8260152249134948
0.31,0.8260152249134948
0.32,0.8260152249134948
0.33,0.8260152249134948
0.34,0.8260152249134948
0.35000000000000003,0.8260152249134948
0.36,0.8260152249134948
0.37,0.8260152249134948
0.38,0.8260152249134948
0.39,0.8260152249134948
0.4,0.8260152249134948
0.41,0.8260152249134948
0.42,0.8260152249134948
0.43,0.8260152249134948
0.44,0.8260152249134948
0.45,0.8260152249134948
0.46,0.8260152249134948
0.47,0.8260152249134948
0.48,0.8260152249134948
0.49,0.8260152249134948
0.5,0.8260152249134948
0.51,0.8260152249134948
0.52,0.8260152249134948
0.53,0.8260152249134948
0.54,0.8260152249134948
0.55,0.8260152249134948
0.56,0.8260152249134948
0.5700000000000001,0.8260152249134948
0.58,0.8260152249134948
0.59,0.8260152249134948
0.6,0.8260152249134948
0.61,0.8260152249134948
0.62,0.8260152249134948
0.63,0.8260152249134948
0.64,0.8260152249134948
0.65,0.8260152249134948
0.66,0.8260152249134948
0.67,0.8260152249134948
0.68,0.8260152249134948
0.6900000000000001,0.8260152249134948
0.7000000000000001,0.8260152249134948
0.71,0.8260152249134948
0.72,0.8260152249134948
0.73,0.8260152249134948
0.74,0.8260152249134948
0.75,0.8260152249134948
0.76,0.8260152249134948
0.77,0.8260152249134948
0.78,0.8260152249134948
0.79,0.8260152249134948
0.8,0.8260152249134948
0.81,0.8260152249134948
0.82,0.8260152249134948
0.83,0.8260152249134948
0.84,0.8260152249134948
0.85,0.8260152249134948
0.86,0.8260152249134948
0.87,0.8260152249134948
0.88,0.8260152249134948
0.89,0.8260152249134948
0.9,0.8260152249134948
0.91,0.8260152249134948
0.92,0.8260152249134948
0.93,0.8260152249134948
0.94,0.8260152249134948
0.95,0.8260152249134948
0.96,0.8260152249134948
0.97,0.8260152249134948
0.98,0.8260152249134948
0.9900000000000002,0.8260152249134948
0.01,0.8310519031141869
0.02,0.8310519031141869
0.03,0.8310519031141869
0.04,0.8310519031141869
0.05,0.8310519031141869
0.06,0.8310519031141869
0.07,0.8310519031141869
0.08,0.8310519031141869
0.09,0.8310519031141869
0.1,0.8310519031141869
0.11,0.8310519031141869
0.12,0.8310519031141869
0.13,0.8310519031141869
0.14,0.8310519031141869
0.15,0.8310519031141869
0.16,0.8310519031141869
0.17,0.8310519031141869
0.18,0.8310519031141869
0.19,0.8310519031141869
0.2,0.8310519031141869
0.21,0.8310519031141869
0.22,0.8310519031141869
0.23,0.8310519031141869
0.24,0.8310519031141869
0.25,0.8310519031141869
0.26,0.8310519031141869
0.27,0.8310519031141869
0.28,0.8310519031141869
0.29,0.8310519031141869
0.3,0.8310519031141869
0.31,0.8310519031141869
0.32,0.8310519031141869
0.33,0.8310519031141869
0.34,0.8310519031141869
0.35000000000000003,0.8310519031141869
0.36,0.8310519031141869
0.37,0.8310519031141869
0.38,0.8310519031141869
0.39,0.8310519031141869
0.4,0.8310519031141869
0.41,0.8310519031141869
0.42,0.8310519031141869
0.43,0.8310519031141869
0.44,0.8310519031141869
0.45,0.8310519031141869
0.46,0.8310519031141869
0.47,0.8310519031141869
0.48,0.8310519031141869
0.49,0.8310519031141869
0.5,0.8310519031141869
0.51,0.8310519031141869
0.52,0.8310519031141869
0.53,0.8310519031141869
0.54,0.8310519031141869
0.55,0.8310519031141869
0.56,0.8310519031141869
0.5700000000000001,0.8310519031141869
0.58,0.8310519031141869
0.59,0.8310519031141869
0.6,0.8310519031141869
0.61,0.8310519031141869
0.62,0.8310519031141869
0.63,0.8310519031141869
0.64,0.8310519031141869
0.65,0.8310519031141869
0.66,0.8310519031141869
0.67,0.8310519031141869
0.68,0.8310519031141869
0.6900000000000001,0.8310519031141869
0.7000000000000001,0.8310519031141869
0.71,0.8310519031141869
0.72,0.8310519031141869
0.73,0.8310519031141869
0.74,0.8310519031141869
0.75,0.8310519031141869
0.76,0.8310519031141869
0.77,0.8310519031141869
0.78,0.8310519031141869
0.79,0.8310519031141869
0.8,0.8310519031141869
0.81,0.8310519031141869
0.82,0.8310519031141869
0.83,0.8310519031141869
0.84,0.8310519031141869
0.85,0.8310519031141869
0.86,0.8310519031141869
0.87,0.8310519031141869
0.88,0.8310519031141869
0.89,0.8310519031141869
0.9,0.8310519031141869
0.91,0.8310519031141869
0.92,0.8310519031141869
0.93,0.8310519031141869
0.94,0.8310519031141869
0.95,0.8310519031141869
0.96,0.8310519031141869
0.97,0.8310519031141869
0.98,0.8310519031141869
0.9900000000000002,0.8310519031141869
0.01,0.8360885813148788
0.02,0.8360885813148788
0.03,0.8360885813148788
0.04,0.8360885813148788
0.05,0.8360885813148788
0.06,0.8360885813148788
0.07,0.8360885813148788
0.08,0.8360885813148788
0.09,0.8360885813148788
0.1,0.8360885813148788
0.11,0.8360885813148788
0.12,0.8360885813148788
0.13,0.8360885813148788
0.14,0.8360885813148788
0.15,0.8360885813148788
0.16,0.8360885813148788
0.17,0.8360885813148788
0.18,0.8360885813148788
0.19,0.8360885813148788
0.2,0.8360885813148788
0.21,0.8360885813148788
0.22,0.8360885813148788
0.23,0.8360885813148788
0.24,0.8360885813148788
0.25,0.8360885813148788
0.26,0.8360885813148788
0.27,0.8360885813148788
0.28,0.8360885813148788
0.29,0.8360885813148788
0.3,0.8360885813148788
0.31,0.8360885813148788
0.32,0.8360885813148788
0.33,0.8360885813148788
0.34,0.8360885813148788
0.35000000000000003,0.8360885813148788
0.36,0.8360885813148788
0.37,0.8360885813148788
0.38,0.8360885813148788
0.39,0.8360885813148788
0.4,0.8360885813148788
0.41,0.8360885813148788
0.42,0.8360885813148788
0.43,0.8360885813148788
0.44,0.8360885813148788
0.45,0.8360885813148788
0.46,0.8360885813148788
0.47,0.8360885813148788
0.48,0.8360885813148788
0.49,0.8360885813148788
0.5,0.8360885813148788
0.51,0.8360885813148788
0.52,0.8360885813148788
0.53,0.8360885813148788
0.54,0.8360885813148788
0.55,0.8360885813148788
0.56,0.8360885813148788
0.5700000000000001,0.8360885813148788
0.58,0.8360885813148788
0.59,0.8360885813148788
0.6,0.8360885813148788
0.61,0.8360885813148788
0.62,0.8360885813148788
0.63,0.8360885813148788
0.64,0.8360885813148788
0.65,0.8360885813148788
0.66,0.8360885813148788
0.67,0.8360885813148788
0.68,0.8360885813148788
0.6900000000000001,0.8360885813148788
0.7000000000000001,0.8360885813148788
0.71,0.8360885813148788
0.72,0.8360885813148788
0.73,0.8360885813148788
0.74,0.8360885813148788
0.75,0.8360885813148788
0.76,0.8360885813148788
0.77,0.8360885813148788
0.78,0.8360885813148788
0.79,0.8360885813148788
0.8,0.8360885813148788
0.81,0.8360885813148788
0.82,0.8360885813148788
0.83,0.8360885813148788
0.84,0.8360885813148788
0.85,0.8360885813148788
0.86,0.8360885813148788
0.87,0.8360885813148788
0.88,0.8360885813148788
0.89,0.8360885813148788
0.9,0.8360885813148788
0.91,0.8360885813148788
0.92,0.8360885813148788
0.93,0.8360885813148788
0.94,0.8360885813148788
0.95,0.8360885813148788
0.96,0.8360885813148788
0.97,0.8360885813148788
0.98,0.8360885813148788
0.9900000000000002,0.8360885813148788
0.01,0.841125259515571
0.02,0.841125259515571
0.03,0.841125259515571
0.04,0.841125259515571
0.05,0.841125259515571
0.06,0.841125259515571
0.07,0.841125259515571
0.08,0.841125259515571
0.09,0.841125259515571
0.1,0.841125259515571
0.11,0.841125259515571
0.12,0.841125259515571
0.13,0.841125259515571
0.14,0.841125259515571
0.15,0.841125259515571
0.16,0.841125259515571
0.17,0.841125259515571
0.18,0.841125259515571
0.19,0.841125259515571
0.2,0.841125259515571
0.21,0.841125259515571
0.22,0.841125259515571
0.23,0.841125259515571
0.24,0.841125259515571
0.25,0.841125259515571
0.26,0.841125259515571
0.27,0.841125259515571
0.28,0.841125259515571
0.29,0.841125259515571
0.3,0.841125259515571
0.31,0.841125259515571
0.32,0.841125259515571
0.33,0.841125259515571
0.34,0.841125259515571
0.35000000000000003,0.841125259515571
0.36,0.841125259515571
0.37,0.841125259515571
0.38,0.841125259515571
0.39,0.841125259515571
0.4,0.841125259515571
0.41,0.841125259515571
0.42,0.841125259515571
0.43,0.841125259515571
0.44,0.841125259515571
0.45,0.841125259515571
0.46,0.841125259515571
0.47,0.841125259515571
0.48,0.841125259515571
0.49,0.841125259515571
0.5,0.841125259515571
0.51,0.841125259515571
0.52,0.841125259515571
0.53,0.841125259515571
0.54,0.841125259515571
0.55,0.841125259515571
0.56,0.841125259515571
0.5700000000000001,0.841125259515571
0.58,0.841125259515571
0.59,0.841125259515571
0.6,0.841125259515571
0.61,0.841125259515571
0.62,0.841125259515571
0.63,0.841125259515571
0.64,0.841125259515571
0.65,0.841125259515571
0.66,0.841125259515571
0.67,0.841125259515571
0.68,0.841125259515571
0.6900000000000001,0.841125259515571
0.7000000000000001,0.841125259515571
0.71,0.841125259515571
0.72,0.841125259515571
0.73,0.841125259515571
0.74,0.841125259515571
0.75,0.841125259515571
0.76,0.841125259515571
0.77,0.841125259515571
0.78,0.841125259515571
0.79,0.841125259515571
0.8,0.841125259515571
0.81,0.841125259515571
0.82,0.841125259515571
0.83,0.841125259515571
0.84,0.841125259515571
0.85,0.841125259515571
0.86,0.841125259515571
0.87,0.841125259515571
0.88,0.841125259515571
0.89,0.841125259515571
0.9,0.841125259515571
0.91,0.841125259515571
0.92,0.841125259515571
0.93,0.841125259515571
0.94,0.841125259515571
0.95,0.841125259515571
0.96,0.841125259515571
0.97,0.841125259515571
0.98,0.841125259515571
0.9900000000000002,0.841125259515571
0.01,0.846161937716263
0.02,0.846161937716263
0.03,0.846161937716263
0.04,0.846161937716263
0.05,0.846161937716263
0.06,0.846161937716263
0.07,0.846161937716263
0.08,0.846161937716263
0.09,0.846161937716263
0.1,0.846161937716263
0.11,0.846161937716263
0.12,0.846161937716263
0.13,0.846161937716263
0.14,0.846161937716263
0.15,0.846161937716263
0.16,0.846161937716263
0.17,0.846161937716263
0.18,0.846161937716263
0.19,0.846161937716263
0.2,0.846161937716263
0.21,0.846161937716263
0.22,0.846161937716263
0.23,0.846161937716263
0.24,0.846161937716263
0.25,0.846161937716263
0.26,0.846161937716263
0.27,0.846161937716263
0.28,0.846161937716263
0.29,0.846161937716263
0.3,0.846161937716263
0.31,0.846161937716263
0.32,0.846161937716263
0.33,0.846161937716263
0.34,0.846161937716263
0.35000000000000003,0.846161937716263
0.36,0.846161937716263
0.37,0.846161937716263
0.38,0.846161937716263
0.39,0.846161937716263
0.4,0.846161937716263
0.41,0.846161937716263
0.42,0.846161937716263
0.43,0.846161937716263
0.44,0.846161937716263
0.45,0.846161937716263
0.46,0.846161937716263
0.47,0.846161937716263
0.48,0.846161937716263
0.49,0.846161937716263
0.5,0.846161937716263
0.51,0.846161937716263
0.52,0.846161937716263
0.53,0.846161937716263
0.54,0.846161937716263
0.55,0.846161937716263
0.56,0.846161937716263
0.5700000000000001,0.846161937716263
0.58,0.846161937716263
0.59,0.846161937716263
0.6,0.846161937716263
0.61,0.846161937716263
0.62,0.846161937716263
0.63,0.846161937716263
0.64,0.846161937716263
0.65,0.846161937716263
0.66,0.846161937716263
0.67,0.846161937716263
0.68,0.846161937716263
0.6900000000000001,0.846161937716263
0.7000000000000001,0.846161937716263
0.71,0.846161937716263
0.72,0.846161937716263
0.73,0.846161937716263
0.74,0.846161937716263
0.75,0.846161937716263
0.76,0.846161937716263
0.77,0.846161937716263
0.78,0.846161937716263
0.79,0.846161937716263
0.8,0.846161937716263
0.81,0.846161937716263
0.82,0.846161937716263
0.83,0.846161937716263
0.84,0.846161937716263
0.85,0.846161937716263
0.86,0.846161937716263
0.87,0.846161937716263
0.88,0.846161937716263
0.89,0.846161937716263
0.9,0.846161937716263
0.91,0.846161937716263
0.92,0.846161937716263
0.93,0.846161937716263
0.94,0.846161937716263
0.95,0.846161937716263
0.96,0.846161937716263
0.97,0.846161937716263
0.98,0.846161937716263
0.9900000000000002,0.846161937716263
0.01,0.851198615916955
0.02,0.851198615916955
0.03,0.851198615916955
0.04,0.851198615916955
0.05,0.851198615916955
0.06,0.851198615916955
0.07,0.851198615916955
0.08,0.851198615916955
0.09,0.851198615916955
0.1,0.851198615916955
0.11,0.851198615916955
0.12,0.851198615916955
0.13,0.851198615916955
0.14,0.851198615916955
0.15,0.851198615916955
0.16,0.851198615916955
0.17,0.851198615916955
0.18,0.851198615916955
0.19,0.851198615916955
0.2,0.851198615916955
0.21,0.851198615916955
0.22,0.851198615916955
0.23,0.851198615916955
0.24,0.851198615916955
0.25,0.851198615916955
0.26,0.851198615916955
0.27,0.851198615916955
0.28,0.851198615916955
0.29,0.851198615916955
0.3,0.851198615916955
0.31,0.851198615916955
0.32,0.851198615916955
0.33,0.851198615916955
0.34,0.851198615916955
0.35000000000000003,0.851198615916955
0.36,0.851198615916955
0.37,0.851198615916955
0.38,0.851198615916955
0.39,0.851198615916955
0.4,0.851198615916955
0.41,0.851198615916955
0.42,0.851198615916955
0.43,0.851198615916955
0.44,0.851198615916955
0.45,0.851198615916955
0.46,0.851198615916955
0.47,0.851198615916955
0.48,0.851198615916955
0.49,0.851198615916955
0.5,0.851198615916955
0.51,0.851198615916955
0.52,0.851198615916955
0.53,0.851198615916955
0.54,0.851198615916955
0.55,0.851198615916955
0.56,0.851198615916955
0.5700000000000001,0.851198615916955
0.58,0.851198615916955
0.59,0.851198615916955
0.6,0.851198615916955
0.61,0.851198615916955
0.62,0.851198615916955
0.63,0.851198615916955
0.64,0.851198615916955
0.65,0.851198615916955
0.66,0.851198615916955
0.67,0.851198615916955
0.68,0.851198615916955
0.6900000000000001,0.851198615916955
0.7000000000000001,0.851198615916955
0.71,0.851198615916955
0.72,0.851198615916955
0.73,0.851198615916955
0.74,0.851198615916955
0.75,0.851198615916955
0.76,0.851198615916955
0.77,0.851198615916955
0.78,0.851198615916955
0.79,0.851198615916955
0.8,0.851198615916955
0.81,0.851198615916955
0.82,0.851198615916955
0.83,0.851198615916955
0.84,0.851198615916955
0.85,0.851198615916955
0.86,0.851198615916955
0.87,0.851198615916955
0.88,0.851198615916955
0.89,0.851198615916955
0.9,0.851198615916955
0.91,0.851198615916955
0.92,0.851198615916955
0.93,0.851198615916955
0.94,0.851198615916955
0.95,0.851198615916955
0.96,0.851198615916955
0.97,0.851198615916955
0.98,0.851198615916955
0.9900000000000002,0.851198615916955
0.01,0.8562352941176471
0.02,0.8562352941176471
0.03,0.8562352941176471
0.04,0.8562352941176471
0.05,0.8562352941176471
0.06,0.8562352941176471
0.07,0.8562352941176471
0.08,0.8562352941176471
0.09,0.8562352941176471
0.1,0.8562352941176471
0.11,0.8562352941176471
0.12,0.8562352941176471
0.13,0.8562352941176471
0.14,0.8562352941176471
0.15,0.8562352941176471
0.16,0.8562352941176471
0.17,0.8562352941176471
0.18,0.8562352941176471
0.19,0.8562352941176471
0.2,0.8562352941176471
0.21,0.8562352941176471
0.22,0.8562352941176471
0.23,0.8562352941176471
0.24,0.8562352941176471
0.25,0.8562352941176471
0.26,0.8562352941176471
0.27,0.8562352941176471
0.28,0.8562352941176471
0.29,0.8562352941176471
0.3,0.8562352941176471
0.31,0.8562352941176471
0.32,0.8562352941176471
0.33,0.8562352941176471
0.34,0.8562352941176471
0.35000000000000003,0.8562352941176471
0.36,0.8562352941176471
0.37,0.8562352941176471
0.38,0.8562352941176471
0.39,0.8562352941176471
0.4,0.8562352941176471
0.41,0.8562352941176471
0.42,0.8562352941176471
0.43,0.8562352941176471
0.44,0.8562352941176471
0.45,0.8562352941176471
0.46,0.8562352941176471
0.47,0.8562352941176471
0.48,0.8562352941176471
0.49,0.8562352941176471
0.5,0.8562352941176471
0.51,0.8562352941176471
0.52,0.8562352941176471
0.53,0.8562352941176471
0.54,0.8562352941176471
0.55,0.8562352941176471
0.56,0.8562352941176471
0.5700000000000001,0.8562352941176471
0.58,0.8562352941176471
0.59,0.8562352941176471
0.6,0.8562352941176471
0.61,0.8562352941176471
0.62,0.8562352941176471
0.63,0.8562352941176471
0.64,0.8562352941176471
0.65,0.8562352941176471
0.66,0.8562352941176471
0.67,0.8562352941176471
0.68,0.8562352941176471
0.6900000000000001,0.8562352941176471
0.7000000000000001,0.8562352941176471
0.71,0.8562352941176471
0.72,0.8562352941176471
0.73,0.8562352941176471
0.74,0.8562352941176471
0.75,0.8562352941176471
0.76,0.8562352941176471
0.77,0.8562352941176471
0.78,0.8562352941176471
0.79,0.8562352941176471
0.8,0.8562352941176471
0.81,0.8562352941176471
0.82,0.8562352941176471
0.83,0.8562352941176471
0.84,0.8562352941176471
0.85,0.8562352941176471
0.86,0.8562352941176471
0.87,0.8562352941176471
0.88,0.8562352941176471
0.89,0.8562352941176471
0.9,0.8562352941176471
0.91,0.8562352941176471
0.92,0.8562352941176471
0.93,0.8562352941176471
0.94,0.8562352941176471
0.95,0.8562352941176471
0.96,0.8562352941176471
0.97,0.8562352941176471
0.98,0.8562352941176471
0.9900000000000002,0.8562352941176471
0.01,0.8612719723183391
0.02,0.8612719723183391
0.03,0.8612719723183391
0.04,0.8612719723183391
0.05,0.8612719723183391
0.06,0.8612719723183391
0.07,0.8612719723183391
0.08,0.8612719723183391
0.09,0.8612719723183391
0.1,0.8612719723183391
0.11,0.8612719723183391
0.12,0.8612719723183391
0.13,0.8612719723183391
0.14,0.8612719723183391
0.15,0.8612719723183391
0.16,0.8612719723183391
0.17,0.8612719723183391
0.18,0.8612719723183391
0.19,0.8612719723183391
0.2,0.8612719723183391
0.21,0.8612719723183391
0.22,0.8612719723183391
0.23,0.8612719723183391
0.24,0.8612719723183391
0.25,0.8612719723183391
0.26,0.8612719723183391
0.27,0.8612719723183391
0.28,0.8612719723183391
0.29,0.8612719723183391
0.3,0.8612719723183391
0.31,0.8612719723183391
0.32,0.8612719723183391
0.33,0.8612719723183391
0.34,0.8612719723183391
0.35000000000000003,0.8612719723183391
0.36,0.8612719723183391
0.37,0.8612719723183391
0.38,0.8612719723183391
0.39,0.8612719723183391
0.4,0.8612719723183391
0.41,0.8612719723183391
0.42,0.8612719723183391
0.43,0.8612719723183391
0.44,0.8612719723183391
0.45,0.8612719723183391
0.46,0.8612719723183391
0.47,0.8612719723183391
0.48,0.8612719723183391
0.49,0.8612719723183391
0.5,0.8612719723183391
0.51,0.8612719723183391
0.52,0.8612719723183391
0.53,0.8612719723183391
0.54,0.8612719723183391
0.55,0.8612719723183391
0.56,0.8612719723183391
0.5700000000000001,0.8612719723183391
0.58,0.8612719723183391
0.59,0.8612719723183391
0.6,0.8612719723183391
0.61,0.8612719723183391
0.62,0.8612719723183391
0.63,0.8612719723183391
0.64,0.8612719723183391
0.65,0.8612719723183391
0.66,0.8612719723183391
0.67,0.8612719723183391
0.68,0.8612719723183391
0.6900000000000001,0.8612719723183391
0.7000000000000001,0.8612719723183391
0.71,0.8612719723183391
0.72,0.8612719723183391
0.73,0.8612719723183391
0.74,0.8612719723183391
0.75,0.8612719723183391
0.76,0.8612719723183391
0.77,0.8612719723183391
0.78,0.8612719723183391
0.79,0.8612719723183391
0.8,0.8612719723183391
0.81,0.8612719723183391
0.82,0.8612719723183391
0.83,0.8612719723183391
0.84,0.8612719723183391
0.85,0.8612719723183391
0.86,0.8612719723183391
0.87,0.8612719723183391
0.88,0.8612719723183391
0.89,0.8612719723183391
0.9,0.8612719723183391
0.91,0.8612719723183391
0.92,0.8612719723183391
0.93,0.8612719723183391
0.94,0.8612719723183391
0.95,0.8612719723183391
0.96,0.8612719723183391
0.97,0.8612719723183391
0.98,0.8612719723183391
0.9900000000000002,0.8612719723183391
0.01,0.8663086505190312
0.02,0.8663086505190312
0.03,0.8663086505190312
0.04,0.8663086505190312
0.05,0.8663086505190312
0.06,0.8663086505190312
0.07,0.8663086505190312
0.08,0.8663086505190312
0.09,0.8663086505190312
0.1,0.8663086505190312
0.11,0.8663086505190312
0.12,0.8663086505190312
0.13,0.8663086505190312
0.14,0.8663086505190312
0.15,0.8663086505190312
0.16,0.8663086505190312
0.17,0.8663086505190312
0.18,0.8663086505190312
0.19,0.8663086505190312
0.2,0.8663086505190312
0.21,0.8663086505190312
0.22,0.8663086505190312
0.23,0.8663086505190312
0.24,0.8663086505190312
0.25,0.8663086505190312
0.26,0.8663086505190312
0.27,0.8663086505190312
0.28,0.8663086505190312
0.29,0.8663086505190312
0.3,0.8663086505190312
0.31,0.8663086505190312
0.32,0.8663086505190312
0.33,0.8663086505190312
0.34,0.8663086505190312
0.35000000000000003,0.8663086505190312
0.36,0.8663086505190312
0.37,0.8663086505190312
0.38,0.8663086505190312
0.39,0.8663086505190312
0.4,0.8663086505190312
0.41,0.8663086505190312
0.42,0.8663086505190312
0.43,0.8663086505190312
0.44,0.8663086505190312
0.45,0.8663086505190312
0.46,0.8663086505190312
0.47,0.8663086505190312
0.48,0.8663086505190312
0.49,0.8663086505190312
0.5,0.8663086505190312
0.51,0.8663086505190312
0.52,0.8663086505190312
0.53,0.8663086505190312
0.54,0.8663086505190312
0.55,0.8663086505190312
0.56,0.8663086505190312
0.5700000000000001,0.8663086505190312
0.58,0.8663086505190312
0.59,0.8663086505190312
0.6,0.8663086505190312
0.61,0.8663086505190312
0.62,0.8663086505190312
0.63,0.8663086505190312
0.64,0.8663086505190312
0.65,0.8663086505190312
0.66,0.8663086505190312
0.67,0.8663086505190312
0.68,0.8663086505190312
0.6900000000000001,0.8663086505190312
0.7000000000000001,0.8663086505190312
0.71,0.8663086505190312
0.72,0.8663086505190312
0.73,0.8663086505190312
0.74,0.8663086505190312
0.75,0.8663086505190312
0.76,0.8663086505190312
0.77,0.8663086505190312
0.78,0.8663086505190312
0.79,0.8663086505190312
0.8,0.8663086505190312
0.81,0.8663086505190312
0.82,0.8663086505190312
0.83,0.8663086505190312
0.84,0.8663086505190312
0.85,0.8663086505190312
0.86,0.8663086505190312
0.87,0.8663086505190312
0.88,0.8663086505190312
0.89,0.8663086505190312
0.9,0.8663086505190312
0.91,0.8663086505190312
0.92,0.8663086505190312
0.93,0.8663086505190312
0.94,0.8663086505190312
0.95,0.8663086505190312
0.96,0.8663086505190312
0.97,0.8663086505190312
0.98,0.8663086505190312
0.9900000000000002,0.8663086505190312
0.01,0.8713453287197231
0.02,0.8713453287197231
0.03,0.8713453287197231
0.04,0.8713453287197231
0.05,0.8713453287197231
0.06,0.8713453287197231
0.07,0.8713453287197231
0.08,0.8713453287197231
0.09,0.8713453287197231
0.1,0.8713453287197231
0.11,0.8713453287197231
0.12,0.8713453287197231
0.13,0.8713453287197231
0.14,0.8713453287197231
0.15,0.8713453287197231
0.16,0.8713453287197231
0.17,0.8713453287197231
0.18,0.8713453287197231
0.19,0.8713453287197231
0.2,0.8713453287197231
0.21,0.8713453287197231
0.22,0.8713453287197231
0.23,0.8713453287197231
0.24,0.8713453287197231
0.25,0.8713453287197231
0.26,0.8713453287197231
0.27,0.8713453287197231
0.28,0.8713453287197231
0.29,0.8713453287197231
0.3,0.8713453287197231
0.31,0.8713453287197231
0.32,0.8713453287197231
0.33,0.8713453287197231
0.34,0.8713453287197231
0.35000000000000003,0.8713453287197231
0.36,0.8713453287197231
0.37,0.8713453287197231
0.38,0.8713453287197231
0.39,0.8713453287197231
0.4,0.8713453287197231
0.41,0.8713453287197231
0.42,0.8713453287197231
0.43,0.8713453287197231
0.44,0.8713453287197231
0.45,0.8713453287197231
0.46,0.8713453287197231
0.47,0.8713453287197231
0.48,0.8713453287197231
0.49,0.8713453287197231
0.5,0.8713453287197231
0.51,0.8713453287197231
0.52,0.8713453287197231
0.53,0.8713453287197231
0.54,0.8713453287197231
0.55,0.8713453287197231
0.56,0.8713453287197231
0.5700000000000001,0.8713453287197231
0.58,0.8713453287197231
0.59,0.8713453287197231
0.6,0.8713453287197231
0.61,0.8713453287197231
0.62,0.8713453287197231
0.63,0.8713453287197231
0.64,0.8713453287197231
0.65,0.8713453287197231
0.66,0.8713453287197231
0.67,0.8713453287197231
0.68,0.8713453287197231
0.6900000000000001,0.8713453287197231
0.7000000000000001,0.8713453287197231
0.71,0.8713453287197231
0.72,0.8713453287197231
0.73,0.8713453287197231
0.74,0.8713453287197231
0.75,0.8713453287197231
0.76,0.8713453287197231
0.77,0.8713453287197231
0.78,0.8713453287197231
0.79,0.8713453287197231
0.8,0.8713453287197231
0.81,0.8713453287197231
0.82,0.8713453287197231
0.83,0.8713453287197231
0.84,0.8713453287197231
0.85,0.8713453287197231
0.86,0.8713453287197231
0.87,0.8713453287197231
0.88,0.8713453287197231
0.89,0.8713453287197231
0.9,0.8713453287197231
0.91,0.8713453287197231
0.92,0.8713453287197231
0.93,0.8713453287197231
0.94,0.8713453287197231
0.95,0.8713453287197231
0.96,0.8713453287197231
0.97,0.8713453287197231
0.98,0.8713453287197231
0.9900000000000002,0.8713453287197231
0.01,0.8763820069204152
0.02,0.8763820069204152
0.03,0.8763820069204152
0.04,0.8763820069204152
0.05,0.8763820069204152
0.06,0.8763820069204152
0.07,0.8763820069204152
0.08,0.8763820069204152
0.09,0.8763820069204152
0.1,0.8763820069204152
0.11,0.8763820069204152
0.12,0.8763820069204152
0.13,0.8763820069204152
0.14,0.8763820069204152
0.15,0.8763820069204152
0.16,0.8763820069204152
0.17,0.8763820069204152
0.18,0.8763820069204152
0.19,0.8763820069204152
0.2,0.8763820069204152
0.21,0.8763820069204152
0.22,0.8763820069204152
0.23,0.8763820069204152
0.24,0.8763820069204152
0.25,0.8763820069204152
0.26,0.8763820069204152
0.27,0.8763820069204152
0.28,0.8763820069204152
0.29,0.8763820069204152
0.3,0.8763820069204152
0.31,0.8763820069204152
0.32,0.8763820069204152
0.33,0.8763820069204152
0.34,0.8763820069204152
0.35000000000000003,0.8763820069204152
0.36,0.8763820069204152
0.37,0.8763820069204152
0.38,0.8763820069204152
0.39,0.8763820069204152
0.4,0.8763820069204152
0.41,0.8763820069204152
0.42,0.8763820069204152
0.43,0.8763820069204152
0.44,0.8763820069204152
0.45,0.8763820069204152
0.46,0.8763820069204152
0.47,0.8763820069204152
0.48,0.8763820069204152
0.49,0.8763820069204152
0.5,0.8763820069204152
0.51,0.8763820069204152
0.52,0.8763820069204152
0.53,0.8763820069204152
0.54,0.8763820069204152
0.55,0.8763820069204152
0.56,0.8763820069204152
0.5700000000000001,0.8763820069204152
0.58,0.8763820069204152
0.59,0.8763820069204152
0.6,0.8763820069204152
0.61,0.8763820069204152
0.62,0.8763820069204152
0.63,0.8763820069204152
0.64,0.8763820069204152
0.65,0.8763820069204152
0.66,0.8763820069204152
0.67,0.8763820069204152
0.68,0.8763820069204152
0.6900000000000001,0.8763820069204152
0.7000000000000001,0.8763820069204152
0.71,0.8763820069204152
0.72,0.8763820069204152
0.73,0.8763820069204152
0.74,0.8763820069204152
0.75,0.8763820069204152
0.76,0.8763820069204152
0.77,0.8763820069204152
0.78,0.8763820069204152
0.79,0.8763820069204152
0.8,0.8763820069204152
0.81,0.8763820069204152
0.82,0.8763820069204152
0.83,0.8763820069204152
0.84,0.8763820069204152
0.85,0.8763820069204152
0.86,0.8763820069204152
0.87,0.8763820069204152
0.88,0.8763820069204152
0.89,0.8763820069204152
0.9,0.8763820069204152
0.91,0.8763820069204152
0.92,0.8763820069204152
0.93,0.8763820069204152
0.94,0.8763820069204152
0.95,0.8763820069204152
0.96,0.8763820069204152
0.97,0.8763820069204152
0.98,0.8763820069204152
0.9900000000000002,0.8763820069204152
0.01,0.8814186851211073
0.02,0.8814186851211073
0.03,0.8814186851211073
0.04,0.8814186851211073
0.05,0.8814186851211073
0.06,0.8814186851211073
0.07,0.8814186851211073
0.08,0.8814186851211073
0.09,0.8814186851211073
0.1,0.8814186851211073
0.11,0.8814186851211073
0.12,0.8814186851211073
0.13,0.8814186851211073
0.14,0.8814186851211073
0.15,0.8814186851211073
0.16,0.8814186851211073
0.17,0.8814186851211073
0.18,0.8814186851211073
0.19,0.8814186851211073
0.2,0.8814186851211073
0.21,0.8814186851211073
0.22,0.8814186851211073
0.23,0.8814186851211073
0.24,0.8814186851211073
0.25,0.8814186851211073
0.26,0.8814186851211073
0.27,0.8814186851211073
0.28,0.8814186851211073
0.29,0.8814186851211073
0.3,0.8814186851211073
0.31,0.8814186851211073
0.32,0.8814186851211073
0.33,0.8814186851211073
0.34,0.8814186851211073
0.35000000000000003,0.8814186851211073
0.36,0.8814186851211073
0.37,0.8814186851211073
0.38,0.8814186851211073
0.39,0.8814186851211073
0.4,0.8814186851211073
0.41,0.8814186851211073
0.42,0.8814186851211073
0.43,0.8814186851211073
0.44,0.8814186851211073
0.45,0.8814186851211073
0.46,0.8814186851211073
0.47,0.8814186851211073
0.48,0.8814186851211073
0.49,0.8814186851211073
0.5,0.8814186851211073
0.51,0.8814186851211073
0.52,0.8814186851211073
0.53,0.8814186851211073
0.54,0.8814186851211073
0.55,0.8814186851211073
0.56,0.8814186851211073
0.5700000000000001,0.8814186851211073
0.58,0.8814186851211073
0.59,0.8814186851211073
0.6,0.8814186851211073
0.61,0.8814186851211073
0.62,0.8814186851211073
0.63,0.8814186851211073
0.64,0.8814186851211073
0.65,0.8814186851211073
0.66,0.8814186851211073
0.67,0.8814186851211073
0.68,0.8814186851211073
0.6900000000000001,0.8814186851211073
0.7000000000000001,0.8814186851211073
0.71,0.8814186851211073
0.72,0.8814186851211073
0.73,0.8814186851211073
0.74,0.8814186851211073
0.75,0.8814186851211073
0.76,0.8814186851211073
0.77,0.8814186851211073
0.78,0.8814186851211073
0.79,0.8814186851211073
0.8,0.8814186851211073
0.81,0.8814186851211073
0.82,0.8814186851211073
0.83,0.8814186851211073
0.84,0.8814186851211073
0.85,0.8814186851211073
0.86,0.8814186851211073
0.87,0.8814186851211073
0.88,0.8814186851211073
0.89,0.8814186851211073
0.9,0.8814186851211073
0.91,0.8814186851211073
0.92,0.8814186851211073
0.93,0.8814186851211073
0.94,0.8814186851211073
0.95,0.8814186851211073
0.96,0.8814186851211073
0.97,0.8814186851211073
0.98,0.8814186851211073
0.9900000000000002,0.8814186851211073
0.01,0.8864553633217992
0.02,0.8864553633217992
0.03,0.8864553633217992
0.04,0.8864553633217992
0.05,0.8864553633217992
0.06,0.8864553633217992
0.07,0.8864553633217992
0.08,0.8864553633217992
0.09,0.8864553633217992
0.1,0.8864553633217992
0.11,0.8864553633217992
0.12,0.8864553633217992
0.13,0.8864553633217992
0.14,0.8864553633217992
0.15,0.8864553633217992
0.16,0.8864553633217992
0.17,0.8864553633217992
0.18,0.8864553633217992
0.19,0.8864553633217992
0.2,0.8864553633217992
0.21,0.8864553633217992
0.22,0.8864553633217992
0.23,0.8864553633217992
0.24,0.8864553633217992
0.25,0.8864553633217992
0.26,0.8864553633217992
0.27,0.8864553633217992
0.28,0.8864553633217992
0.29,0.8864553633217992
0.3,0.8864553633217992
0.31,0.8864553633217992
0.32,0.8864553633217992
0.33,0.8864553633217992
0.34,0.8864553633217992
0.35000000000000003,0.8864553633217992
0.36,0.8864553633217992
0.37,0.8864553633217992
0.38,0.8864553633217992
0.39,0.8864553633217992
0.4,0.8864553633217992
0.41,0.8864553633217992
0.42,0.8864553633217992
0.43,0.8864553633217992
0.44,0.8864553633217992
0.45,0.8864553633217992
0.46,0.8864553633217992
0.47,0.8864553633217992
0.48,0.8864553633217992
0.49,0.8864553633217992
0.5,0.8864553633217992
0.51,0.8864553633217992
0.52,0.8864553633217992
0.53,0.8864553633217992
0.54,0.8864553633217992
0.55,0.8864553633217992
0.56,0.8864553633217992
0.5700000000000001,0.8864553633217992
0.58,0.8864553633217992
0.59,0.8864553633217992
0.6,0.8864553633217992
0.61,0.8864553633217992
0.62,0.8864553633217992
0.63,0.8864553633217992
0.64,0.8864553633217992
0.65,0.8864553633217992
0.66,0.8864553633217992
0.67,0.8864553633217992
0.68,0.8864553633217992
0.6900000000000001,0.8864553633217992
0.7000000000000001,0.8864553633217992
0.71,0.8864553633217992
0.72,0.8864553633217992
0.73,0.8864553633217992
0.74,0.8864553633217992
0.75,0.8864553633217992
0.76,0.8864553633217992
0.77,0.8864553633217992
0.78,0.8864553633217992
0.79,0.8864553633217992
0.8,0.8864553633217992
0.81,0.8864553633217992
0.82,0.8864553633217992
0.83,0.8864553633217992
0.84,0.8864553633217992
0.85,0.8864553633217992
0.86,0.8864553633217992
0.87,0.8864553633217992
0.88,0.8864553633217992
0.89,0.8864553633217992
0.9,0.8864553633217992
0.91,0.8864553633217992
0.92,0.8864553633217992
0.93,0.8864553633217992
0.94,0.8864553633217992
0.95,0.8864553633217992
0.96,0.8864553633217992
0.97,0.8864553633217992
0.98,0.8864553633217992
0.9900000000000002,0.8864553633217992
0.01,0.8914920415224912
0.02,0.8914920415224912
0.03,0.8914920415224912
0.04,0.8914920415224912
0.05,0.8914920415224912
0.06,0.8914920415224912
0.07,0.8914920415224912
0.08,0.8914920415224912
0.09,0.8914920415224912
0.1,0.8914920415224912
0.11,0.8914920415224912
0.12,0.8914920415224912
0.13,0.8914920415224912
0.14,0.8914920415224912
0.15,0.8914920415224912
0.16,0.8914920415224912
0.17,0.8914920415224912
0.18,0.8914920415224912
0.19,0.8914920415224912
0.2,0.8914920415224912
0.21,0.8914920415224912
0.22,0.8914920415224912
0.23,0.8914920415224912
0.24,0.8914920415224912
0.25,0.8914920415224912
0.26,0.8914920415224912
0.27,0.8914920415224912
0.28,0.8914920415224912
0.29,0.8914920415224912
0.3,0.8914920415224912
0.31,0.8914920415224912
0.32,0.8914920415224912
0.33,0.8914920415224912
0.34,0.8914920415224912
0.35000000000000003,0.8914920415224912
0.36,0.8914920415224912
0.37,0.8914920415224912
0.38,0.8914920415224912
0.39,0.8914920415224912
0.4,0.8914920415224912
0.41,0.8914920415224912
0.42,0.8914920415224912
0.43,0.8914920415224912
0.44,0.8914920415224912
0.45,0.8914920415224912
0.46,0.8914920415224912
0.47,0.8914920415224912
0.48,0.8914920415224912
0.49,0.8914920415224912
0.5,0.8914920415224912
0.51,0.8914920415224912
0.52,0.8914920415224912
0.53,0.8914920415224912
0.54,0.8914920415224912
0.55,0.8914920415224912
0.56,0.8914920415224912
0.5700000000000001,0.8914920415224912
0.58,0.8914920415224912
0.59,0.8914920415224912
0.6,0.8914920415224912
0.61,0.8914920415224912
0.62,0.8914920415224912
0.63,0.8914920415224912
0.64,0.8914920415224912
0.65,0.8914920415224912
0.66,0.8914920415224912
0.67,0.8914920415224912
0.68,0.8914920415224912
0.6900000000000001,0.8914920415224912
0.7000000000000001,0.8914920415224912
0.71,0.8914920415224912
0.72,0.8914920415224912
0.73,0.8914920415224912
0.74,0.8914920415224912
0.75,0.8914920415224912
0.76,0.8914920415224912
0.77,0.8914920415224912
0.78,0.8914920415224912
0.79,0.8914920415224912
0.8,0.8914920415224912
0.81,0.8914920415224912
0.82,0.8914920415224912
0.83,0.8914920415224912
0.84,0.8914920415224912
0.85,0.8914920415224912
0.86,0.8914920415224912
0.87,0.8914920415224912
0.88,0.8914920415224912
0.89,0.8914920415224912
0.9,0.8914920415224912
0.91,0.8914920415224912
0.92,0.8914920415224912
0.93,0.8914920415224912
0.94,0.8914920415224912
0.95,0.8914920415224912
0.96,0.8914920415224912
0.97,0.8914920415224912
0.98,0.8914920415224912
0.9900000000000002,0.8914920415224912
0.01,0.8965287197231834
0.02,0.8965287197231834
0.03,0.8965287197231834
0.04,0.8965287197231834
0.05,0.8965287197231834
0.06,0.8965287197231834
0.07,0.8965287197231834
0.08,0.8965287197231834
0.09,0.8965287197231834
0.1,0.8965287197231834
0.11,0.8965287197231834
0.12,0.8965287197231834
0.13,0.8965287197231834
0.14,0.8965287197231834
0.15,0.8965287197231834
0.16,0.8965287197231834
0.17,0.8965287197231834
0.18,0.8965287197231834
0.19,0.8965287197231834
0.2,0.8965287197231834
0.21,0.8965287197231834
0.22,0.8965287197231834
0.23,0.8965287197231834
0.24,0.8965287197231834
0.25,0.8965287197231834
0.26,0.8965287197231834
0.27,0.8965287197231834
0.28,0.8965287197231834
0.29,0.8965287197231834
0.3,0.8965287197231834
0.31,0.8965287197231834
0.32,0.8965287197231834
0.33,0.8965287197231834
0.34,0.8965287197231834
0.35000000000000003,0.8965287197231834
0.36,0.8965287197231834
0.37,0.8965287197231834
0.38,0.8965287197231834
0.39,0.8965287197231834
0.4,0.8965287197231834
0.41,0.8965287197231834
0.42,0.8965287197231834
0.43,0.8965287197231834
0.44,0.8965287197231834
0.45,0.8965287197231834
0.46,0.8965287197231834
0.47,0.8965287197231834
0.48,0.8965287197231834
0.49,0.8965287197231834
0.5,0.8965287197231834
0.51,0.8965287197231834
0.52,0.8965287197231834
0.53,0.8965287197231834
0.54,0.8965287197231834
0.55,0.8965287197231834
0.56,0.8965287197231834
0.5700000000000001,0.8965287197231834
0.58,0.8965287197231834
0.59,0.8965287197231834
0.6,0.8965287197231834
0.61,0.8965287197231834
0.62,0.8965287197231834
0.63,0.8965287197231834
0.64,0.8965287197231834
0.65,0.8965287197231834
0.66,0.8965287197231834
0.67,0.8965287197231834
0.68,0.8965287197231834
0.6900000000000001,0.8965287197231834
0.7000000000000001,0.8965287197231834
0.71,0.8965287197231834
0.72,0.8965287197231834
0.73,0.8965287197231834
0.74,0.8965287197231834
0.75,0.8965287197231834
0.76,0.8965287197231834
0.77,0.8965287197231834
0.78,0.8965287197231834
0.79,0.8965287197231834
0.8,0.8965287197231834
0.81,0.8965287197231834
0.82,0.8965287197231834
0.83,0.8965287197231834
0.84,0.8965287197231834
0.85,0.8965287197231834
0.86,0.8965287197231834
0.87,0.8965287197231834
0.88,0.8965287197231834
0.89,0.8965287197231834
0.9,0.8965287197231834
0.91,0.8965287197231834
0.92,0.8965287197231834
0.93,0.8965287197231834
0.94,0.8965287197231834
0.95,0.8965287197231834
0.96,0.8965287197231834
0.97,0.8965287197231834
0.98,0.8965287197231834
0.9900000000000002,0.8965287197231834
0.01,0.9015653979238755
0.02,0.9015653979238755
0.03,0.9015653979238755
0.04,0.9015653979238755
0.05,0.9015653979238755
0.06,0.9015653979238755
0.07,0.9015653979238755
0.08,0.9015653979238755
0.09,0.9015653979238755
0.1,0.9015653979238755
0.11,0.9015653979238755
0.12,0.9015653979238755
0.13,0.9015653979238755
0.14,0.9015653979238755
0.15,0.9015653979238755
0.16,0.9015653979238755
0.17,0.9015653979238755
0.18,0.9015653979238755
0.19,0.9015653979238755
0.2,0.9015653979238755
0.21,0.9015653979238755
0.22,0.9015653979238755
0.23,0.9015653979238755
0.24,0.9015653979238755
0.25,0.9015653979238755
0.26,0.9015653979238755
0.27,0.9015653979238755
0.28,0.9015653979238755
0.29,0.9015653979238755
0.3,0.9015653979238755
0.31,0.9015653979238755
0.32,0.9015653979238755
0.33,0.9015653979238755
0.34,0.9015653979238755
0.35000000000000003,0.9015653979238755
0.36,0.9015653979238755
0.37,0.9015653979238755
0.38,0.9015653979238755
0.39,0.9015653979238755
0.4,0.9015653979238755
0.41,0.9015653979238755
0.42,0.9015653979238755
0.43,0.9015653979238755
0.44,0.9015653979238755
0.45,0.9015653979238755
0.46,0.9015653979238755
0.47,0.9015653979238755
0.48,0.9015653979238755
0.49,0.9015653979238755
0.5,0.9015653979238755
0.51,0.9015653979238755
0.52,0.9015653979238755
0.53,0.9015653979238755
0.54,0.9015653979238755
0.55,0.9015653979238755
0.56,0.9015653979238755
0.5700000000000001,0.9015653979238755
0.58,0.9015653979238755
0.59,0.9015653979238755
0.6,0.9015653979238755
0.61,0.9015653979238755
0.62,0.9015653979238755
0.63,0.9015653979238755
0.64,0.9015653979238755
0.65,0.9015653979238755
0.66,0.9015653979238755
0.67,0.9015653979238755
0.68,0.9015653979238755
0.6900000000000001,0.9015653979238755
0.7000000000000001,0.9015653979238755
0.71,0.9015653979238755
0.72,0.9015653979238755
0.73,0.9015653979238755
0.74,0.9015653979238755
0.75,0.9015653979238755
0.76,0.9015653979238755
0.77,0.9015653979238755
0.78,0.9015653979238755
0.79,0.9015653979238755
0.8,0.9015653979238755
0.81,0.9015653979238755
0.82,0.9015653979238755
0.83,0.9015653979238755
0.84,0.9015653979238755
0.85,0.9015653979238755
0.86,0.9015653979238755
0.87,0.9015653979238755
0.88,0.9015653979238755
0.89,0.9015653979238755
0.9,0.9015653979238755
0.91,0.9015653979238755
0.92,0.9015653979238755
0.93,0.9015653979238755
0.94,0.9015653979238755
0.95,0.9015653979238755
0.96,0.9015653979238755
0.97,0.9015653979238755
0.98,0.9015653979238755
0.9900000000000002,0.9015653979238755
0.01,0.9066020761245673
0.02,0.9066020761245673
0.03,0.9066020761245673
0.04,0.9066020761245673
0.05,0.9066020761245673
0.06,0.9066020761245673
0.07,0.9066020761245673
0.08,0.9066020761245673
0.09,0.9066020761245673
0.1,0.9066020761245673
0.11,0.9066020761245673
0.12,0.9066020761245673
0.13,0.9066020761245673
0.14,0.9066020761245673
0.15,0.9066020761245673
0.16,0.9066020761245673
0.17,0.9066020761245673
0.18,0.9066020761245673
0.19,0.9066020761245673
0.2,0.9066020761245673
0.21,0.9066020761245673
0.22,0.9066020761245673
0.23,0.9066020761245673
0.24,0.9066020761245673
0.25,0.9066020761245673
0.26,0.9066020761245673
0.27,0.9066020761245673
0.28,0.9066020761245673
0.29,0.9066020761245673
0.3,0.9066020761245673
0.31,0.9066020761245673
0.32,0.9066020761245673
0.33,0.9066020761245673
0.34,0.9066020761245673
0.35000000000000003,0.9066020761245673
0.36,0.9066020761245673
0.37,0.9066020761245673
0.38,0.9066020761245673
0.39,0.9066020761245673
0.4,0.9066020761245673
0.41,0.9066020761245673
0.42,0.9066020761245673
0.43,0.9066020761245673
0.44,0.9066020761245673
0.45,0.9066020761245673
0.46,0.9066020761245673
0.47,0.9066020761245673
0.48,0.9066020761245673
0.49,0.9066020761245673
0.5,0.9066020761245673
0.51,0.9066020761245673
0.52,0.9066020761245673
0.53,0.9066020761245673
0.54,0.9066020761245673
0.55,0.9066020761245673
0.56,0.9066020761245673
0.5700000000000001,0.9066020761245673
0.58,0.9066020761245673
0.59,0.9066020761245673
0.6,0.9066020761245673
0.61,0.9066020761245673
0.62,0.9066020761245673
0.63,0.9066020761245673
0.64,0.9066020761245673
0.65,0.9066020761245673
0.66,0.9066020761245673
0.67,0.9066020761245673
0.68,0.9066020761245673
0.6900000000000001,0.9066020761245673
0.7000000000000001,0.9066020761245673
0.71,0.9066020761245673
0.72,0.9066020761245673
0.73,0.9066020761245673
0.74,0.9066020761245673
0.75,0.9066020761245673
0.76,0.9066020761245673
0.77,0.9066020761245673
0.78,0.9066020761245673
0.79,0.9066020761245673
0.8,0.9066020761245673
0.81,0.9066020761245673
0.82,0.9066020761245673
0.83,0.9066020761245673
0.84,0.9066020761245673
0.85,0.9066020761245673
0.86,0.9066020761245673
0.87,0.9066020761245673
0.88,0.9066020761245673
0.89,0.9066020761245673
0.9,0.9066020761245673
0.91,0.9066020761245673
0.92,0.9066020761245673
0.93,0.9066020761245673
0.94,0.9066020761245673
0.95,0.9066020761245673
0.96,0.9066020761245673
0.97,0.9066020761245673
0.98,0.9066020761245673
0.9900000000000002,0.9066020761245673
0.01,0.9116387543252596
0.02,0.9116387543252596
0.03,0.9116387543252596
0.04,0.9116387543252596
0.05,0.9116387543252596
0.06,0.9116387543252596
0.07,0.9116387543252596
0.08,0.9116387543252596
0.09,0.9116387543252596
0.1,0.9116387543252596
0.11,0.9116387543252596
0.12,0.9116387543252596
0.13,0.9116387543252596
0.14,0.9116387543252596
0.15,0.9116387543252596
0.16,0.9116387543252596
0.17,0.9116387543252596
0.18,0.9116387543252596
0.19,0.9116387543252596
0.2,0.9116387543252596
0.21,0.9116387543252596
0.22,0.9116387543252596
0.23,0.9116387543252596
0.24,0.9116387543252596
0.25,0.9116387543252596
0.26,0.9116387543252596
0.27,0.9116387543252596
0.28,0.9116387543252596
0.29,0.9116387543252596
0.3,0.9116387543252596
0.31,0.9116387543252596
0.32,0.9116387543252596
0.33,0.9116387543252596
0.34,0.9116387543252596
0.35000000000000003,0.9116387543252596
0.36,0.9116387543252596
0.37,0.9116387543252596
0.38,0.9116387543252596
0.39,0.9116387543252596
0.4,0.9116387543252596
0.41,0.9116387543252596
0.42,0.9116387543252596
0.43,0.9116387543252596
0.44,0.9116387543252596
0.45,0.9116387543252596
0.46,0.9116387543252596
0.47,0.9116387543252596
0.48,0.9116387543252596
0.49,0.9116387543252596
0.5,0.9116387543252596
0.51,0.9116387543252596
0.52,0.9116387543252596
0.53,0.9116387543252596
0.54,0.9116387543252596
0.55,0.9116387543252596
0.56,0.9116387543252596
0.5700000000000001,0.9116387543252596
0.58,0.9116387543252596
0.59,0.9116387543252596
0.6,0.9116387543252596
0.61,0.9116387543252596
0.62,0.9116387543252596
0.63,0.9116387543252596
0.64,0.9116387543252596
0.65,0.9116387543252596
0.66,0.9116387543252596
0.67,0.9116387543252596
0.68,0.9116387543252596
0.6900000000000001,0.9116387543252596
0.7000000000000001,0.9116387543252596
0.71,0.9116387543252596
0.72,0.9116387543252596
0.73,0.9116387543252596
0.74,0.9116387543252596
0.75,0.9116387543252596
0.76,0.9116387543252596
0.77,0.9116387543252596
0.78,0.9116387543252596
0.79,0.9116387543252596
0.8,0.9116387543252596
0.81,0.9116387543252596
0.82,0.9116387543252596
0.83,0.9116387543252596
0.84,0.9116387543252596
0.85,0.9116387543252596
0.86,0.9116387543252596
0.87,0.9116387543252596
0.88,0.9116387543252596
0.89,0.9116387543252596
0.9,0.9116387543252596
0.91,0.9116387543252596
0.92,0.9116387543252596
0.93,0.9116387543252596
0.94,0.9116387543252596
0.95,0.9116387543252596
0.96,0.9116387543252596
0.97,0.9116387543252596
0.98,0.9116387543252596
0.9900000000000002,0.9116387543252596
0.01,0.9166754325259516
0.02,0.9166754325259516
0.03,0.9166754325259516
0.04,0.9166754325259516
0.05,0.9166754325259516
0.06,0.9166754325259516
0.07,0.9166754325259516
0.08,0.9166754325259516
0.09,0.9166754325259516
0.1,0.9166754325259516
0.11,0.9166754325259516
0.12,0.9166754325259516
0.13,0.9166754325259516
0.14,0.9166754325259516
0.15,0.9166754325259516
0.16,0.9166754325259516
0.17,0.9166754325259516
0.18,0.9166754325259516
0.19,0.9166754325259516
0.2,0.9166754325259516
0.21,0.9166754325259516
0.22,0.9166754325259516
0.23,0.9166754325259516
0.24,0.9166754325259516
0.25,0.9166754325259516
0.26,0.9166754325259516
0.27,0.9166754325259516
0.28,0.9166754325259516
0.29,0.9166754325259516
0.3,0.9166754325259516
0.31,0.9166754325259516
0.32,0.9166754325259516
0.33,0.9166754325259516
0.34,0.9166754325259516
0.35000000000000003,0.9166754325259516
0.36,0.9166754325259516
0.37,0.9166754325259516
0.38,0.9166754325259516
0.39,0.9166754325259516
0.4,0.9166754325259516
0.41,0.9166754325259516
0.42,0.9166754325259516
0.43,0.9166754325259516
0.44,0.9166754325259516
0.45,0.9166754325259516
0.46,0.9166754325259516
0.47,0.9166754325259516
0.48,0.9166754325259516
0.49,0.9166754325259516
0.5,0.9166754325259516
0.51,0.9166754325259516
0.52,0.9166754325259516
0.53,0.9166754325259516
0.54,0.9166754325259516
0.55,0.9166754325259516
0.56,0.9166754325259516
0.5700000000000001,0.9166754325259516
0.58,0.9166754325259516
0.59,0.9166754325259516
0.6,0.9166754325259516
0.61,0.9166754325259516
0.62,0.9166754325259516
0.63,0.9166754325259516
0.64,0.9166754325259516
0.65,0.9166754325259516
0.66,0.9166754325259516
0.67,0.9166754325259516
0.68,0.9166754325259516
0.6900000000000001,0.9166754325259516
0.7000000000000001,0.9166754325259516
0.71,0.9166754325259516
0.72,0.9166754325259516
0.73,0.9166754325259516
0.74,0.9166754325259516
0.75,0.9166754325259516
0.76,0.9166754325259516
0.77,0.9166754325259516
0.78,0.9166754325259516
0.79,0.9166754325259516
0.8,0.9166754325259516
0.81,0.9166754325259516
0.82,0.9166754325259516
0.83,0.9166754325259516
0.84,0.9166754325259516
0.85,0.9166754325259516
0.86,0.9166754325259516
0.87,0.9166754325259516
0.88,0.9166754325259516
0.89,0.9166754325259516
0.9,0.9166754325259516
0.91,0.9166754325259516
0.92,0.9166754325259516
0.93,0.9166754325259516
0.94,0.9166754325259516
0.95,0.9166754325259516
0.96,0.9166754325259516
0.97,0.9166754325259516
0.98,0.9166754325259516
0.9900000000000002,0.9166754325259516
0.01,0.9217121107266437
0.02,0.9217121107266437
0.03,0.9217121107266437
0.04,0.9217121107266437
0.05,0.9217121107266437
0.06,0.9217121107266437
0.07,0.9217121107266437
0.08,0.9217121107266437
0.09,0.9217121107266437
0.1,0.9217121107266437
0.11,0.9217121107266437
0.12,0.9217121107266437
0.13,0.9217121107266437
0.14,0.9217121107266437
0.15,0.9217121107266437
0.16,0.9217121107266437
0.17,0.9217121107266437
0.18,0.9217121107266437
0.19,0.9217121107266437
0.2,0.9217121107266437
0.21,0.9217121107266437
0.22,0.9217121107266437
0.23,0.9217121107266437
0.24,0.9217121107266437
0.25,0.9217121107266437
0.26,0.9217121107266437
0.27,0.9217121107266437
0.28,0.9217121107266437
0.29,0.9217121107266437
0.3,0.9217121107266437
0.31,0.9217121107266437
0.32,0.9217121107266437
0.33,0.9217121107266437
0.34,0.9217121107266437
0.35000000000000003,0.9217121107266437
0.36,0.9217121107266437
0.37,0.9217121107266437
0.38,0.9217121107266437
0.39,0.9217121107266437
0.4,0.9217121107266437
0.41,0.9217121107266437
0.42,0.9217121107266437
0.43,0.9217121107266437
0.44,0.9217121107266437
0.45,0.9217121107266437
0.46,0.9217121107266437
0.47,0.9217121107266437
0.48,0.9217121107266437
0.49,0.9217121107266437
0.5,0.9217121107266437
0.51,0.9217121107266437
0.52,0.9217121107266437
0.53,0.9217121107266437
0.54,0.9217121107266437
0.55,0.9217121107266437
0.56,0.9217121107266437
0.5700000000000001,0.9217121107266437
0.58,0.9217121107266437
0.59,0.9217121107266437
0.6,0.9217121107266437
0.61,0.9217121107266437
0.62,0.9217121107266437
0.63,0.9217121107266437
0.64,0.9217121107266437
0.65,0.9217121107266437
0.66,0.9217121107266437
0.67,0.9217121107266437
0.68,0.9217121107266437
0.6900000000000001,0.9217121107266437
0.7000000000000001,0.9217121107266437
0.71,0.9217121107266437
0.72,0.9217121107266437
0.73,0.9217121107266437
0.74,0.9217121107266437
0.75,0.9217121107266437
0.76,0.9217121107266437
0.77,0.9217121107266437
0.78,0.9217121107266437
0.79,0.9217121107266437
0.8,0.9217121107266437
0.81,0.9217121107266437
0.82,0.9217121107266437
0.83,0.9217121107266437
0.84,0.9217121107266437
0.85,0.9217121107266437
0.86,0.9217121107266437
0.87,0.9217121107266437
0.88,0.9217121107266437
0.89,0.9217121107266437
0.9,0.9217121107266437
0.91,0.9217121107266437
0.92,0.9217121107266437
0.93,0.9217121107266437
0.94,0.9217121107266437
0.95,0.9217121107266437
0.96,0.9217121107266437
0.97,0.9217121107266437
0.98,0.9217121107266437
0.9900000000000002,0.9217121107266437
0.01,0.9267487889273357
0.02,0.9267487889273357
0.03,0.9267487889273357
0.04,0.9267487889273357
0.05,0.9267487889273357
0.06,0.9267487889273357
0.07,0.9267487889273357
0.08,0.9267487889273357
0.09,0.9267487889273357
0.1,0.9267487889273357
0.11,0.9267487889273357
0.12,0.9267487889273357
0.13,0.9267487889273357
0.14,0.9267487889273357
0.15,0.9267487889273357
0.16,0.9267487889273357
0.17,0.9267487889273357
0.18,0.9267487889273357
0.19,0.9267487889273357
0.2,0.9267487889273357
0.21,0.9267487889273357
0.22,0.9267487889273357
0.23,0.9267487889273357
0.24,0.9267487889273357
0.25,0.9267487889273357
0.26,0.9267487889273357
0.27,0.9267487889273357
0.28,0.9267487889273357
0.29,0.9267487889273357
0.3,0.9267487889273357
0.31,0.9267487889273357
0.32,0.9267487889273357
0.33,0.9267487889273357
0.34,0.9267487889273357
0.35000000000000003,0.9267487889273357
0.36,0.9267487889273357
0.37,0.9267487889273357
0.38,0.9267487889273357
0.39,0.9267487889273357
0.4,0.9267487889273357
0.41,0.9267487889273357
0.42,0.9267487889273357
0.43,0.9267487889273357
0.44,0.9267487889273357
0.45,0.9267487889273357
0.46,0.9267487889273357
0.47,0.9267487889273357
0.48,0.9267487889273357
0.49,0.9267487889273357
0.5,0.9267487889273357
0.51,0.9267487889273357
0.52,0.9267487889273357
0.53,0.9267487889273357
0.54,0.9267487889273357
0.55,0.9267487889273357
0.56,0.9267487889273357
0.5700000000000001,0.9267487889273357
0.58,0.9267487889273357
0.59,0.9267487889273357
0.6,0.9267487889273357
0.61,0.9267487889273357
0.62,0.9267487889273357
0.63,0.9267487889273357
0.64,0.9267487889273357
0.65,0.9267487889273357
0.66,0.9267487889273357
0.67,0.9267487889273357
0.68,0.9267487889273357
0.6900000000000001,0.9267487889273357
0.7000000000000001,0.9267487889273357
0.71,0.9267487889273357
0.72,0.9267487889273357
0.73,0.9267487889273357
0.74,0.9267487889273357
0.75,0.9267487889273357
0.76,0.9267487889273357
0.77,0.9267487889273357
0.78,0.9267487889273357
0.79,0.9267487889273357
0.8,0.9267487889273357
0.81,0.9267487889273357
0.82,0.9267487889273357
0.83,0.9267487889273357
0.84,0.9267487889273357
0.85,0.9267487889273357
0.86,0.9267487889273357
0.87,0.9267487889273357
0.88,0.9267487889273357
0.89,0.9267487889273357
0.9,0.9267487889273357
0.91,0.9267487889273357
0.92,0.9267487889273357
0.93,0.9267487889273357
0.94,0.9267487889273357
0.95,0.9267487889273357
0.96,0.9267487889273357
0.97,0.9267487889273357
0.98,0.9267487889273357
0.9900000000000002,0.9267487889273357
0.01,0.9317854671280277
0.02,0.9317854671280277
0.03,0.9317854671280277
0.04,0.9317854671280277
0.05,0.9317854671280277
0.06,0.9317854671280277
0.07,0.9317854671280277
0.08,0.9317854671280277
0.09,0.9317854671280277
0.1,0.9317854671280277
0.11,0.9317854671280277
0.12,0.9317854671280277
0.13,0.9317854671280277
0.14,0.9317854671280277
0.15,0.9317854671280277
0.16,0.9317854671280277
0.17,0.9317854671280277
0.18,0.9317854671280277
0.19,0.9317854671280277
0.2,0.9317854671280277
0.21,0.9317854671280277
0.22,0.9317854671280277
0.23,0.9317854671280277
0.24,0.9317854671280277
0.25,0.9317854671280277
0.26,0.9317854671280277
0.27,0.9317854671280277
0.28,0.9317854671280277
0.29,0.9317854671280277
0.3,0.9317854671280277
0.31,0.9317854671280277
0.32,0.9317854671280277
0.33,0.9317854671280277
0.34,0.9317854671280277
0.35000000000000003,0.9317854671280277
0.36,0.9317854671280277
0.37,0.9317854671280277
0.38,0.9317854671280277
0.39,0.9317854671280277
0.4,0.9317854671280277
0.41,0.9317854671280277
0.42,0.9317854671280277
0.43,0.9317854671280277
0.44,0.9317854671280277
0.45,0.9317854671280277
0.46,0.9317854671280277
0.47,0.9317854671280277
0.48,0.9317854671280277
0.49,0.9317854671280277
0.5,0.9317854671280277
0.51,0.9317854671280277
0.52,0.9317854671280277
0.53,0.9317854671280277
0.54,0.9317854671280277
0.55,0.9317854671280277
0.56,0.9317854671280277
0.5700000000000001,0.9317854671280277
0.58,0.9317854671280277
0.59,0.9317854671280277
0.6,0.9317854671280277
0.61,0.9317854671280277
0.62,0.9317854671280277
0.63,0.9317854671280277
0.64,0.9317854671280277
0.65,0.9317854671280277
0.66,0.9317854671280277
0.67,0.9317854671280277
0.68,0.9317854671280277
0.6900000000000001,0.9317854671280277
0.7000000000000001,0.9317854671280277
0.71,0.9317854671280277
0.72,0.9317854671280277
0.73,0.9317854671280277
0.74,0.9317854671280277
0.75,0.9317854671280277
0.76,0.9317854671280277
0.77,0.9317854671280277
0.78,0.9317854671280277
0.79,0.9317854671280277
0.8,0.9317854671280277
0.81,0.9317854671280277
0.82,0.9317854671280277
0.83,0.9317854671280277
0.84,0.9317854671280277
0.85,0.9317854671280277
0.86,0.9317854671280277
0.87,0.9317854671280277
0.88,0.9317854671280277
0.89,0.9317854671280277
0.9,0.9317854671280277
0.91,0.9317854671280277
0.92,0.9317854671280277
0.93,0.9317854671280277
0.94,0.9317854671280277
0.95,0.9317854671280277
0.96,0.9317854671280277
0.97,0.9317854671280277
0.98,0.9317854671280277
0.9900000000000002,0.9317854671280277
0.01,0.9368221453287197
0.02,0.9368221453287197
0.03,0.9368221453287197
0.04,0.9368221453287197
0.05,0.9368221453287197
0.06,0.9368221453287197
0.07,0.9368221453287197
0.08,0.9368221453287197
0.09,0.9368221453287197
0.1,0.9368221453287197
0.11,0.9368221453287197
0.12,0.9368221453287197
0.13,0.9368221453287197
0.14,0.9368221453287197
0.15,0.9368221453287197
0.16,0.9368221453287197
0.17,0.9368221453287197
0.18,0.9368221453287197
0.19,0.9368221453287197
0.2,0.9368221453287197
0.21,0.9368221453287197
0.22,0.9368221453287197
0.23,0.9368221453287197
0.24,0.9368221453287197
0.25,0.9368221453287197
0.26,0.9368221453287197
0.27,0.9368221453287197
0.28,0.9368221453287197
0.29,0.9368221453287197
0.3,0.9368221453287197
0.31,0.9368221453287197
0.32,0.9368221453287197
0.33,0.9368221453287197
0.34,0.9368221453287197
0.35000000000000003,0.9368221453287197
0.36,0.9368221453287197
0.37,0.9368221453287197
0.38,0.9368221453287197
0.39,0.9368221453287197
0.4,0.9368221453287197
0.41,0.9368221453287197
0.42,0.9368221453287197
0.43,0.9368221453287197
0.44,0.9368221453287197
0.45,0.9368221453287197
0.46,0.9368221453287197
0.47,0.9368221453287197
0.48,0.9368221453287197
0.49,0.9368221453287197
0.5,0.9368221453287197
0.51,0.9368221453287197
0.52,0.9368221453287197
0.53,0.9368221453287197
0.54,0.9368221453287197
0.55,0.9368221453287197
0.56,0.9368221453287197
0.5700000000000001,0.9368221453287197
0.58,0.9368221453287197
0.59,0.9368221453287197
0.6,0.9368221453287197
0.61,0.9368221453287197
0.62,0.9368221453287197
0.63,0.9368221453287197
0.64,0.9368221453287197
0.65,0.9368221453287197
0.66,0.9368221453287197
0.67,0.9368221453287197
0.68,0.9368221453287197
0.6900000000000001,0.9368221453287197
0.7000000000000001,0.9368221453287197
0.71,0.9368221453287197
0.72,0.9368221453287197
0.73,0.9368221453287197
0.74,0.9368221453287197
0.75,0.9368221453287197
0.76,0.9368221453287197
0.77,0.9368221453287197
0.78,0.9368221453287197
0.79,0.9368221453287197
0.8,0.9368221453287197
0.81,0.9368221453287197
0.82,0.9368221453287197
0.83,0.9368221453287197
0.84,0.9368221453287197
0.85,0.9368221453287197
0.86,0.9368221453287197
0.87,0.9368221453287197
0.88,0.9368221453287197
0.89,0.9368221453287197
0.9,0.9368221453287197
0.91,0.9368221453287197
0.92,0.9368221453287197
0.93,0.9368221453287197
0.94,0.9368221453287197
0.95,0.9368221453287197
0.96,0.9368221453287197
0.97,0.9368221453287197
0.98,0.9368221453287197
0.9900000000000002,0.9368221453287197
0.01,0.9418588235294116
0.02,0.9418588235294116
0.03,0.9418588235294116
0.04,0.9418588235294116
0.05,0.9418588235294116
0.06,0.9418588235294116
0.07,0.9418588235294116
0.08,0.9418588235294116
0.09,0.9418588235294116
0.1,0.9418588235294116
0.11,0.9418588235294116
0.12,0.9418588235294116
0.13,0.9418588235294116
0.14,0.9418588235294116
0.15,0.9418588235294116
0.16,0.9418588235294116
0.17,0.9418588235294116
0.18,0.9418588235294116
0.19,0.9418588235294116
0.2,0.9418588235294116
0.21,0.9418588235294116
0.22,0.9418588235294116
0.23,0.9418588235294116
0.24,0.9418588235294116
0.25,0.9418588235294116
0.26,0.9418588235294116
0.27,0.9418588235294116
0.28,0.9418588235294116
0.29,0.9418588235294116
0.3,0.9418588235294116
0.31,0.9418588235294116
0.32,0.9418588235294116
0.33,0.9418588235294116
0.34,0.9418588235294116
0.35000000000000003,0.9418588235294116
0.36,0.9418588235294116
0.37,0.9418588235294116
0.38,0.9418588235294116
0.39,0.9418588235294116
0.4,0.9418588235294116
0.41,0.9418588235294116
0.42,0.9418588235294116
0.43,0.9418588235294116
0.44,0.9418588235294116
0.45,0.9418588235294116
0.46,0.9418588235294116
0.47,0.9418588235294116
0.48,0.9418588235294116
0.49,0.9418588235294116
0.5,0.9418588235294116
0.51,0.9418588235294116
0.52,0.9418588235294116
0.53,0.9418588235294116
0.54,0.9418588235294116
0.55,0.9418588235294116
0.56,0.9418588235294116
0.5700000000000001,0.9418588235294116
0.58,0.9418588235294116
0.59,0.9418588235294116
0.6,0.9418588235294116
0.61,0.9418588235294116
0.62,0.9418588235294116
0.63,0.9418588235294116
0.64,0.9418588235294116
0.65,0.9418588235294116
0.66,0.9418588235294116
0.67,0.9418588235294116
0.68,0.9418588235294116
0.6900000000000001,0.9418588235294116
0.7000000000000001,0.9418588235294116
0.71,0.9418588235294116
0.72,0.9418588235294116
0.73,0.9418588235294116
0.74,0.9418588235294116
0.75,0.9418588235294116
0.76,0.9418588235294116
0.77,0.9418588235294116
0.78,0.9418588235294116
0.79,0.9418588235294116
0.8,0.9418588235294116
0.81,0.9418588235294116
0.82,0.9418588235294116
0.83,0.9418588235294116
0.84,0.9418588235294116
0.85,0.9418588235294116
0.86,0.9418588235294116
0.87,0.9418588235294116
0.88,0.9418588235294116
0.89,0.9418588235294116
0.9,0.9418588235294116
0.91,0.9418588235294116
0.92,0.9418588235294116
0.93,0.9418588235294116
0.94,0.9418588235294116
0.95,0.9418588235294116
0.96,0.9418588235294116
0.97,0.9418588235294116
0.98,0.9418588235294116
0.9900000000000002,0.9418588235294116
0.01,0.9468955017301038
0.02,0.9468955017301038
0.03,0.9468955017301038
0.04,0.9468955017301038
0.05,0.9468955017301038
0.06,0.9468955017301038
0.07,0.9468955017301038
0.08,0.9468955017301038
0.09,0.9468955017301038
0.1,0.9468955017301038
0.11,0.9468955017301038
0.12,0.9468955017301038
0.13,0.9468955017301038
0.14,0.9468955017301038
0.15,0.9468955017301038
0.16,0.9468955017301038
0.17,0.9468955017301038
0.18,0.9468955017301038
0.19,0.9468955017301038
0.2,0.9468955017301038
0.21,0.9468955017301038
0.22,0.9468955017301038
0.23,0.9468955017301038
0.24,0.9468955017301038
0.25,0.9468955017301038
0.26,0.9468955017301038
0.27,0.9468955017301038
0.28,0.9468955017301038
0.29,0.9468955017301038
0.3,0.9468955017301038
0.31,0.9468955017301038
0.32,0.9468955017301038
0.33,0.9468955017301038
0.34,0.9468955017301038
0.35000000000000003,0.9468955017301038
0.36,0.9468955017301038
0.37,0.9468955017301038
0.38,0.9468955017301038
0.39,0.9468955017301038
0.4,0.9468955017301038
0.41,0.9468955017301038
0.42,0.9468955017301038
0.43,0.9468955017301038
0.44,0.9468955017301038
0.45,0.9468955017301038
0.46,0.9468955017301038
0.47,0.9468955017301038
0.48,0.9468955017301038
0.49,0.9468955017301038
0.5,0.9468955017301038
0.51,0.9468955017301038
0.52,0.9468955017301038
0.53,0.9468955017301038
0.54,0.9468955017301038
0.55,0.9468955017301038
0.56,0.9468955017301038
0.5700000000000001,0.9468955017301038
0.58,0.9468955017301038
0.59,0.9468955017301038
0.6,0.9468955017301038
0.61,0.9468955017301038
0.62,0.9468955017301038
0.63,0.9468955017301038
0.64,0.9468955017301038
0.65,0.9468955017301038
0.66,0.9468955017301038
0.67,0.9468955017301038
0.68,0.9468955017301038
0.6900000000000001,0.9468955017301038
0.7000000000000001,0.9468955017301038
0.71,0.9468955017301038
0.72,0.9468955017301038
0.73,0.9468955017301038
0.74,0.9468955017301038
0.75,0.9468955017301038
0.76,0.9468955017301038
0.77,0.9468955017301038
0.78,0.9468955017301038
0.79,0.9468955017301038
0.8,0.9468955017301038
0.81,0.9468955017301038
0.82,0.9468955017301038
0.83,0.9468955017301038
0.84,0.9468955017301038
0.85,0.9468955017301038
0.86,0.9468955017301038
0.87,0.9468955017301038
0.88,0.9468955017301038
0.89,0.9468955017301038
0.9,0.9468955017301038
0.91,0.9468955017301038
0.92,0.9468955017301038
0.93,0.9468955017301038
0.94,0.9468955017301038
0.95,0.9468955017301038
0.96,0.9468955017301038
0.97,0.9468955017301038
0.98,0.9468955017301038
0.9900000000000002,0.9468955017301038
0.01,0.951932179930796
0.02,0.951932179930796
0.03,0.951932179930796
0.04,0.951932179930796
0.05,0.951932179930796
0.06,0.951932179930796
0.07,0.951932179930796
0.08,0.951932179930796
0.09,0.951932179930796
0.1,0.951932179930796
0.11,0.951932179930796
0.12,0.951932179930796
0.13,0.951932179930796
0.14,0.951932179930796
0.15,0.951932179930796
0.16,0.951932179930796
0.17,0.951932179930796
0.18,0.951932179930796
0.19,0.951932179930796
0.2,0.951932179930796
0.21,0.951932179930796
0.22,0.951932179930796
0.23,0.951932179930796
0.24,0.951932179930796
0.25,0.951932179930796
0.26,0.951932179930796
0.27,0.951932179930796
0.28,0.951932179930796
0.29,0.951932179930796
0.3,0.951932179930796
0.31,0.951932179930796
0.32,0.951932179930796
0.33,0.951932179930796
0.34,0.951932179930796
0.35000000000000003,0.951932179930796
0.36,0.951932179930796
0.37,0.951932179930796
0.38,0.951932179930796
0.39,0.951932179930796
0.4,0.951932179930796
0.41,0.951932179930796
0.42,0.951932179930796
0.43,0.951932179930796
0.44,0.951932179930796
0.45,0.951932179930796
0.46,0.951932179930796
0.47,0.951932179930796
0.48,0.951932179930796
0.49,0.951932179930796
0.5,0.951932179930796
0.51,0.951932179930796
0.52,0.951932179930796
0.53,0.951932179930796
0.54,0.951932179930796
0.55,0.951932179930796
0.56,0.951932179930796
0.5700000000000001,0.951932179930796
0.58,0.951932179930796
0.59,0.951932179930796
0.6,0.951932179930796
0.61,0.951932179930796
0.62,0.951932179930796
0.63,0.951932179930796
0.64,0.951932179930796
0.65,0.951932179930796
0.66,0.951932179930796
0.67,0.951932179930796
0.68,0.951932179930796
0.6900000000000001,0.951932179930796
0.7000000000000001,0.951932179930796
0.71,0.951932179930796
0.72,0.951932179930796
0.73,0.951932179930796
0.74,0.951932179930796
0.75,0.951932179930796
0.76,0.951932179930796
0.77,0.951932179930796
0.78,0.951932179930796
0.79,0.951932179930796
0.8,0.951932179930796
0.81,0.951932179930796
0.82,0.951932179930796
0.83,0.951932179930796
0.84,0.951932179930796
0.85,0.951932179930796
0.86,0.951932179930796
0.87,0.951932179930796
0.88,0.951932179930796
0.89,0.951932179930796
0.9,0.951932179930796
0.91,0.951932179930796
0.92,0.951932179930796
0.93,0.951932179930796
0.94,0.951932179930796
0.95,0.951932179930796
0.96,0.951932179930796
0.97,0.951932179930796
0.98,0.951932179930796
0.9900000000000002,0.951932179930796
0.01,0.956968858131488
0.02,0.956968858131488
0.03,0.956968858131488
0.04,0.956968858131488
0.05,0.956968858131488
0.06,0.956968858131488
0.07,0.956968858131488
0.08,0.956968858131488
0.09,0.956968858131488
0.1,0.956968858131488
0.11,0.956968858131488
0.12,0.956968858131488
0.13,0.956968858131488
0.14,0.956968858131488
0.15,0.956968858131488
0.16,0.956968858131488
0.17,0.956968858131488
0.18,0.956968858131488
0.19,0.956968858131488
0.2,0.956968858131488
0.21,0.956968858131488
0.22,0.956968858131488
0.23,0.956968858131488
0.24,0.956968858131488
0.25,0.956968858131488
0.26,0.956968858131488
0.27,0.956968858131488
0.28,0.956968858131488
0.29,0.956968858131488
0.3,0.956968858131488
0.31,0.956968858131488
0.32,0.956968858131488
0.33,0.956968858131488
0.34,0.956968858131488
0.35000000000000003,0.956968858131488
0.36,0.956968858131488
0.37,0.956968858131488
0.38,0.956968858131488
0.39,0.956968858131488
0.4,0.956968858131488
0.41,0.956968858131488
0.42,0.956968858131488
0.43,0.956968858131488
0.44,0.956968858131488
0.45,0.956968858131488
0.46,0.956968858131488
0.47,0.956968858131488
0.48,0.956968858131488
0.49,0.956968858131488
0.5,0.956968858131488
0.51,0.956968858131488
0.52,0.956968858131488
0.53,0.956968858131488
0.54,0.956968858131488
0.55,0.956968858131488
0.56,0.956968858131488
0.5700000000000001,0.956968858131488
0.58,0.956968858131488
0.59,0.956968858131488
0.6,0.956968858131488
0.61,0.956968858131488
0.62,0.956968858131488
0.63,0.956968858131488
0.64,0.956968858131488
0.65,0.956968858131488
0.66,0.956968858131488
0.67,0.956968858131488
0.68,0.956968858131488
0.6900000000000001,0.956968858131488
0.7000000000000001,0.956968858131488
0.71,0.956968858131488
0.72,0.956968858131488
0.73,0.956968858131488
0.74,0.956968858131488
0.75,0.956968858131488
0.76,0.956968858131488
0.77,0.956968858131488
0.78,0.956968858131488
0.79,0.956968858131488
0.8,0.956968858131488
0.81,0.956968858131488
0.82,0.956968858131488
0.83,0.956968858131488
0.84,0.956968858131488
0.85,0.956968858131488
0.86,0.956968858131488
0.87,0.956968858131488
0.88,0.956968858131488
0.89,0.956968858131488
0.9,0.956968858131488
0.91,0.956968858131488
0.92,0.956968858131488
0.93,0.956968858131488
0.94,0.956968858131488
0.95,0.956968858131488
0.96,0.956968858131488
0.97,0.956968858131488
0.98,0.956968858131488
0.9900000000000002,0.956968858131488
0.01,0.9620055363321799
0.02,0.9620055363321799
0.03,0.9620055363321799
0.04,0.9620055363321799
0.05,0.9620055363321799
0.06,0.9620055363321799
0.07,0.9620055363321799
0.08,0.9620055363321799
0.09,0.9620055363321799
0.1,0.9620055363321799
0.11,0.9620055363321799
0.12,0.9620055363321799
0.13,0.9620055363321799
0.14,0.9620055363321799
0.15,0.9620055363321799
0.16,0.9620055363321799
0.17,0.9620055363321799
0.18,0.9620055363321799
0.19,0.9620055363321799
0.2,0.9620055363321799
0.21,0.9620055363321799
0.22,0.9620055363321799
0.23,0.9620055363321799
0.24,0.9620055363321799
0.25,0.9620055363321799
0.26,0.9620055363321799
0.27,0.9620055363321799
0.28,0.9620055363321799
0.29,0.9620055363321799
0.3,0.9620055363321799
0.31,0.9620055363321799
0.32,0.9620055363321799
0.33,0.9620055363321799
0.34,0.9620055363321799
0.35000000000000003,0.9620055363321799
0.36,0.9620055363321799
0.37,0.9620055363321799
0.38,0.9620055363321799
0.39,0.9620055363321799
0.4,0.9620055363321799
0.41,0.9620055363321799
0.42,0.9620055363321799
0.43,0.9620055363321799
0.44,0.9620055363321799
0.45,0.9620055363321799
0.46,0.9620055363321799
0.47,0.9620055363321799
0.48,0.9620055363321799
0.49,0.9620055363321799
0.5,0.9620055363321799
0.51,0.9620055363321799
0.52,0.9620055363321799
0.53,0.9620055363321799
0.54,0.9620055363321799
0.55,0.9620055363321799
0.56,0.9620055363321799
0.5700000000000001,0.9620055363321799
0.58,0.9620055363321799
0.59,0.9620055363321799
0.6,0.9620055363321799
0.61,0.9620055363321799
0.62,0.9620055363321799
0.63,0.9620055363321799
0.64,0.9620055363321799
0.65,0.9620055363321799
0.66,0.9620055363321799
0.67,0.9620055363321799
0.68,0.9620055363321799
0.6900000000000001,0.9620055363321799
0.7000000000000001,0.9620055363321799
0.71,0.9620055363321799
0.72,0.9620055363321799
0.73,0.9620055363321799
0.74,0.9620055363321799
0.75,0.9620055363321799
0.76,0.9620055363321799
0.77,0.9620055363321799
0.78,0.9620055363321799
0.79,0.9620055363321799
0.8,0.9620055363321799
0.81,0.9620055363321799
0.82,0.9620055363321799
0.83,0.9620055363321799
0.84,0.9620055363321799
0.85,0.9620055363321799
0.86,0.9620055363321799
0.87,0.9620055363321799
0.88,0.9620055363321799
0.89,0.9620055363321799
0.9,0.9620055363321799
0.91,0.9620055363321799
0.92,0.9620055363321799
0.93,0.9620055363321799
0.94,0.9620055363321799
0.95,0.9620055363321799
0.96,0.9620055363321799
0.97,0.9620055363321799
0.98,0.9620055363321799
0.9900000000000002,0.9620055363321799
0.01,0.9670422145328719
0.02,0.9670422145328719
0.03,0.9670422145328719
0.04,0.9670422145328719
0.05,0.9670422145328719
0.06,0.9670422145328719
0.07,0.9670422145328719
0.08,0.9670422145328719
0.09,0.9670422145328719
0.1,0.9670422145328719
0.11,0.9670422145328719
0.12,0.9670422145328719
0.13,0.9670422145328719
0.14,0.9670422145328719
0.15,0.9670422145328719
0.16,0.9670422145328719
0.17,0.9670422145328719
0.18,0.9670422145328719
0.19,0.9670422145328719
0.2,0.9670422145328719
0.21,0.9670422145328719
0.22,0.9670422145328719
0.23,0.9670422145328719
0.24,0.9670422145328719
0.25,0.9670422145328719
0.26,0.9670422145328719
0.27,0.9670422145328719
0.28,0.9670422145328719
0.29,0.9670422145328719
0.3,0.9670422145328719
0.31,0.9670422145328719
0.32,0.9670422145328719
0.33,0.9670422145328719
0.34,0.9670422145328719
0.35000000000000003,0.9670422145328719
0.36,0.9670422145328719
0.37,0.9670422145328719
0.38,0.9670422145328719
0.39,0.9670422145328719
0.4,0.9670422145328719
0.41,0.9670422145328719
0.42,0.9670422145328719
0.43,0.9670422145328719
0.44,0.9670422145328719
0.45,0.9670422145328719
0.46,0.9670422145328719
0.47,0.9670422145328719
0.48,0.9670422145328719
0.49,0.9670422145328719
0.5,0.9670422145328719
0.51,0.9670422145328719
0.52,0.9670422145328719
0.53,0.9670422145328719
0.54,0.9670422145328719
0.55,0.9670422145328719
0.56,0.9670422145328719
0.5700000000000001,0.9670422145328719
0.58,0.9670422145328719
0.59,0.9670422145328719
0.6,0.9670422145328719
0.61,0.9670422145328719
0.62,0.9670422145328719
0.63,0.9670422145328719
0.64,0.9670422145328719
0.65,0.9670422145328719
0.66,0.9670422145328719
0.67,0.9670422145328719
0.68,0.9670422145328719
0.6900000000000001,0.9670422145328719
0.7000000000000001,0.9670422145328719
0.71,0.9670422145328719
0.72,0.9670422145328719
0.73,0.9670422145328719
0.74,0.9670422145328719
0.75,0.9670422145328719
0.76,0.9670422145328719
0.77,0.9670422145328719
0.78,0.9670422145328719
0.79,0.9670422145328719
0.8,0.9670422145328719
0.81,0.9670422145328719
0.82,0.9670422145328719
0.83,0.9670422145328719
0.84,0.9670422145328719
0.85,0.9670422145328719
0.86,0.9670422145328719
0.87,0.9670422145328719
0.88,0.9670422145328719
0.89,0.9670422145328719
0.9,0.9670422145328719
0.91,0.9670422145328719
0.92,0.9670422145328719
0.93,0.9670422145328719
0.94,0.9670422145328719
0.95,0.9670422145328719
0.96,0.9670422145328719
0.97,0.9670422145328719
0.98,0.9670422145328719
0.9900000000000002,0.9670422145328719
0.01,0.972078892733564
0.02,0.972078892733564
0.03,0.972078892733564
0.04,0.972078892733564
0.05,0.972078892733564
0.06,0.972078892733564
0.07,0.972078892733564
0.08,0.972078892733564
0.09,0.972078892733564
0.1,0.972078892733564
0.11,0.972078892733564
0.12,0.972078892733564
0.13,0.972078892733564
0.14,0.972078892733564
0.15,0.972078892733564
0.16,0.972078892733564
0.17,0.972078892733564
0.18,0.972078892733564
0.19,0.972078892733564
0.2,0.972078892733564
0.21,0.972078892733564
0.22,0.972078892733564
0.23,0.972078892733564
0.24,0.972078892733564
0.25,0.972078892733564
0.26,0.972078892733564
0.27,0.972078892733564
0.28,0.972078892733564
0.29,0.972078892733564
0.3,0.972078892733564
0.31,0.972078892733564
0.32,0.972078892733564
0.33,0.972078892733564
0.34,0.972078892733564
0.35000000000000003,0.972078892733564
0.36,0.972078892733564
0.37,0.972078892733564
0.38,0.972078892733564
0.39,0.972078892733564
0.4,0.972078892733564
0.41,0.972078892733564
0.42,0.972078892733564
0.43,0.972078892733564
0.44,0.972078892733564
0.45,0.972078892733564
0.46,0.972078892733564
0.47,0.972078892733564
0.48,0.972078892733564
0.49,0.972078892733564
0.5,0.972078892733564
0.51,0.972078892733564
0.52,0.972078892733564
0.53,0.972078892733564
0.54,0.972078892733564
0.55,0.972078892733564
0.56,0.972078892733564
0.5700000000000001,0.972078892733564
0.58,0.972078892733564
0.59,0.972078892733564
0.6,0.972078892733564
0.61,0.972078892733564
0.62,0.972078892733564
0.63,0.972078892733564
0.64,0.972078892733564
0.65,0.972078892733564
0.66,0.972078892733564
0.67,0.972078892733564
0.68,0.972078892733564
0.6900000000000001,0.972078892733564
0.7000000000000001,0.972078892733564
0.71,0.972078892733564
0.72,0.972078892733564
0.73,0.972078892733564
0.74,0.972078892733564
0.75,0.972078892733564
0.76,0.972078892733564
0.77,0.972078892733564
0.78,0.972078892733564
0.79,0.972078892733564
0.8,0.972078892733564
0.81,0.972078892733564
0.82,0.972078892733564
0.83,0.972078892733564
0.84,0.972078892733564
0.85,0.972078892733564
0.86,0.972078892733564
0.87,0.972078892733564
0.88,0.972078892733564
0.89,0.972078892733564
0.9,0.972078892733564
0.91,0.972078892733564
0.92,0.972078892733564
0.93,0.972078892733564
0.94,0.972078892733564
0.95,0.972078892733564
0.96,0.972078892733564
0.97,0.972078892733564
0.98,0.972078892733564
0.9900000000000002,0.972078892733564
0.01,0.977115570934256
0.02,0.977115570934256
0.03,0.977115570934256
0.04,0.977115570934256
0.05,0.977115570934256
0.06,0.977115570934256
0.07,0.977115570934256
0.08,0.977115570934256
0.09,0.977115570934256
0.1,0.977115570934256
0.11,0.977115570934256
0.12,0.977115570934256
0.13,0.977115570934256
0.14,0.977115570934256
0.15,0.977115570934256
0.16,0.977115570934256
0.17,0.977115570934256
0.18,0.977115570934256
0.19,0.977115570934256
0.2,0.977115570934256
0.21,0.977115570934256
0.22,0.977115570934256
0.23,0.977115570934256
0.24,0.977115570934256
0.25,0.977115570934256
0.26,0.977115570934256
0.27,0.977115570934256
0.28,0.977115570934256
0.29,0.977115570934256
0.3,0.977115570934256
0.31,0.977115570934256
0.32,0.977115570934256
0.33,0.977115570934256
0.34,0.977115570934256
0.35000000000000003,0.977115570934256
0.36,0.977115570934256
0.37,0.977115570934256
0.38,0.977115570934256
0.39,0.977115570934256
0.4,0.977115570934256
0.41,0.977115570934256
0.42,0.977115570934256
0.43,0.977115570934256
0.44,0.977115570934256
0.45,0.977115570934256
0.46,0.977115570934256
0.47,0.977115570934256
0.48,0.977115570934256
0.49,0.977115570934256
0.5,0.977115570934256
0.51,0.977115570934256
0.52,0.977115570934256
0.53,0.977115570934256
0.54,0.977115570934256
0.55,0.977115570934256
0.56,0.977115570934256
0.5700000000000001,0.977115570934256
0.58,0.977115570934256
0.59,0.977115570934256
0.6,0.977115570934256
0.61,0.977115570934256
0.62,0.977115570934256
0.63,0.977115570934256
0.64,0.977115570934256
0.65,0.977115570934256
0.66,0.977115570934256
0.67,0.977115570934256
0.68,0.977115570934256
0.6900000000000001,0.977115570934256
0.7000000000000001,0.977115570934256
0.71,0.977115570934256
0.72,0.977115570934256
0.73,0.977115570934256
0.74,0.977115570934256
0.75,0.977115570934256
0.76,0.977115570934256
0.77,0.977115570934256
0.78,0.977115570934256
0.79,0.977115570934256
0.8,0.977115570934256
0.81,0.977115570934256
0.82,0.977115570934256
0.83,0.977115570934256
0.84,0.977115570934256
0.85,0.977115570934256
0.86,0.977115570934256
0.87,0.977115570934256
0.88,0.977115570934256
0.89,0.977115570934256
0.9,0.977115570934256
0.91,0.977115570934256
0.92,0.977115570934256
0.93,0.977115570934256
0.94,0.977115570934256
0.95,0.977115570934256
0.96,0.977115570934256
0.97,0.977115570934256
0.98,0.977115570934256
0.9900000000000002,0.977115570934256
0.01,0.982152249134948
0.02,0.982152249134948
0.03,0.982152249134948
0.04,0.982152249134948
0.05,0.982152249134948
0.06,0.982152249134948
0.07,0.982152249134948
0.08,0.982152249134948
0.09,0.982152249134948
0.1,0.982152249134948
0.11,0.982152249134948
0.12,0.982152249134948
0.13,0.982152249134948
0.14,0.982152249134948
0.15,0.982152249134948
0.16,0.982152249134948
0.17,0.982152249134948
0.18,0.982152249134948
0.19,0.982152249134948
0.2,0.982152249134948
0.21,0.982152249134948
0.22,0.982152249134948
0.23,0.982152249134948
0.24,0.982152249134948
0.25,0.982152249134948
0.26,0.982152249134948
0.27,0.982152249134948
0.28,0.982152249134948
0.29,0.982152249134948
0.3,0.982152249134948
0.31,0.982152249134948
0.32,0.982152249134948
0.33,0.982152249134948
0.34,0.982152249134948
0.35000000000000003,0.982152249134948
0.36,0.982152249134948
0.37,0.982152249134948
0.38,0.982152249134948
0.39,0.982152249134948
0.4,0.982152249134948
0.41,0.982152249134948
0.42,0.982152249134948
0.43,0.982152249134948
0.44,0.982152249134948
0.45,0.982152249134948
0.46,0.982152249134948
0.47,0.982152249134948
0.48,0.982152249134948
0.49,0.982152249134948
0.5,0.982152249134948
0.51,0.982152249134948
0.52,0.982152249134948
0.53,0.982152249134948
0.54,0.982152249134948
0.55,0.982152249134948
0.56,0.982152249134948
0.5700000000000001,0.982152249134948
0.58,0.982152249134948
0.59,0.982152249134948
0.6,0.982152249134948
0.61,0.982152249134948
0.62,0.982152249134948
0.63,0.982152249134948
0.64,0.982152249134948
0.65,0.982152249134948
0.66,0.982152249134948
0.67,0.982152249134948
0.68,0.982152249134948
0.6900000000000001,0.982152249134948
0.7000000000000001,0.982152249134948
0.71,0.982152249134948
0.72,0.982152249134948
0.73,0.982152249134948
0.74,0.982152249134948
0.75,0.982152249134948
0.76,0.982152249134948
0.77,0.982152249134948
0.78,0.982152249134948
0.79,0.982152249134948
0.8,0.982152249134948
0.81,0.982152249134948
0.82,0.982152249134948
0.83,0.982152249134948
0.84,0.982152249134948
0.85,0.982152249134948
0.86,0.982152249134948
0.87,0.982152249134948
0.88,0.982152249134948
0.89,0.982152249134948
0.9,0.982152249134948
0.91,0.982152249134948
0.92,0.982152249134948
0.93,0.982152249134948
0.94,0.982152249134948
0.95,0.982152249134948
0.96,0.982152249134948
0.97,0.982152249134948
0.98,0.982152249134948
0.9900000000000002,0.982152249134948
0.01,0.9871889273356401
0.02,0.9871889273356401
0.03,0.9871889273356401
0.04,0.9871889273356401
0.05,0.9871889273356401
0.06,0.9871889273356401
0.07,0.9871889273356401
0.08,0.9871889273356401
0.09,0.9871889273356401
0.1,0.9871889273356401
0.11,0.9871889273356401
0.12,0.9871889273356401
0.13,0.9871889273356401
0.14,0.9871889273356401
0.15,0.9871889273356401
0.16,0.9871889273356401
0.17,0.9871889273356401
0.18,0.9871889273356401
0.19,0.9871889273356401
0.2,0.9871889273356401
0.21,0.9871889273356401
0.22,0.9871889273356401
0.23,0.9871889273356401
0.24,0.9871889273356401
0.25,0.9871889273356401
0.26,0.9871889273356401
0.27,0.9871889273356401
0.28,0.9871889273356401
0.29,0.9871889273356401
0.3,0.9871889273356401
0.31,0.9871889273356401
0.32,0.9871889273356401
0.33,0.9871889273356401
0.34,0.9871889273356401
0.35000000000000003,0.9871889273356401
0.36,0.9871889273356401
0.37,0.9871889273356401
0.38,0.9871889273356401
0.39,0.9871889273356401
0.4,0.9871889273356401
0.41,0.9871889273356401
0.42,0.9871889273356401
0.43,0.9871889273356401
0.44,0.9871889273356401
0.45,0.9871889273356401
0.46,0.9871889273356401
0.47,0.9871889273356401
0.48,0.9871889273356401
0.49,0.9871889273356401
0.5,0.9871889273356401
0.51,0.9871889273356401
0.52,0.9871889273356401
0.53,0.9871889273356401
0.54,0.9871889273356401
0.55,0.9871889273356401
0.56,0.9871889273356401
0.5700000000000001,0.9871889273356401
0.58,0.9871889273356401
0.59,0.9871889273356401
0.6,0.9871889273356401
0.61,0.9871889273356401
0.62,0.9871889273356401
0.63,0.9871889273356401
0.64,0.9871889273356401
0.65,0.9871889273356401
0.66,0.9871889273356401
0.67,0.9871889273356401
0.68,0.9871889273356401
0.6900000000000001,0.9871889273356401
0.7000000000000001,0.9871889273356401
0.71,0.9871889273356401
0.72,0.9871889273356401
0.73,0.9871889273356401
0.74,0.9871889273356401
0.75,0.9871889273356401
0.76,0.9871889273356401
0.77,0.9871889273356401
0.78,0.9871889273356401
0.79,0.9871889273356401
0.8,0.9871889273356401
0.81,0.9871889273356401
0.82,0.9871889273356401
0.83,0.9871889273356401
0.84,0.9871889273356401
0.85,0.9871889273356401
0.86,0.9871889273356401
0.87,0.9871889273356401
0.88,0.9871889273356401
0.89,0.9871889273356401
0.9,0.9871889273356401
0.91,0.9871889273356401
0.92,0.9871889273356401
0.93,0.9871889273356401
0.94,0.9871889273356401
0.95,0.9871889273356401
0.96,0.9871889273356401
0.97,0.9871889273356401
0.98,0.9871889273356401
0.9900000000000002,0.9871889273356401
0.01,0.9922256055363322
0.02,0.9922256055363322
0.03,0.9922256055363322
0.04,0.9922256055363322
0.05,0.9922256055363322
0.06,0.9922256055363322
0.07,0.9922256055363322
0.08,0.9922256055363322
0.09,0.9922256055363322
0.1,0.9922256055363322
0.11,0.9922256055363322
0.12,0.9922256055363322
0.13,0.9922256055363322
0.14,0.9922256055363322
0.15,0.9922256055363322
0.16,0.9922256055363322
0.17,0.9922256055363322
0.18,0.9922256055363322
0.19,0.9922256055363322
0.2,0.9922256055363322
0.21,0.9922256055363322
0.22,0.9922256055363322
0.23,0.9922256055363322
0.24,0.9922256055363322
0.25,0.9922256055363322
0.26,0.9922256055363322
0.27,0.9922256055363322
0.28,0.9922256055363322
0.29,0.9922256055363322
0.3,0.9922256055363322
0.31,0.9922256055363322
0.32,0.9922256055363322
0.33,0.9922256055363322
0.34,0.9922256055363322
0.35000000000000003,0.9922256055363322
0.36,0.9922256055363322
0.37,0.9922256055363322
0.38,0.9922256055363322
0.39,0.9922256055363322
0.4,0.9922256055363322
0.41,0.9922256055363322
0.42,0.9922256055363322
0.43,0.9922256055363322
0.44,0.9922256055363322
0.45,0.9922256055363322
0.46,0.9922256055363322
0.47,0.9922256055363322
0.48,0.9922256055363322
0.49,0.9922256055363322
0.5,0.9922256055363322
0.51,0.9922256055363322
0.52,0.9922256055363322
0.53,0.9922256055363322
0.54,0.9922256055363322
0.55,0.9922256055363322
0.56,0.9922256055363322
0.5700000000000001,0.9922256055363322
0.58,0.9922256055363322
0.59,0.9922256055363322
0.6,0.9922256055363322
0.61,0.9922256055363322
0.62,0.9922256055363322
0.63,0.9922256055363322
0.64,0.9922256055363322
0.65,0.9922256055363322
0.66,0.9922256055363322
0.67,0.9922256055363322
0.68,0.9922256055363322
0.6900000000000001,0.9922256055363322
0.7000000000000001,0.9922256055363322
0.71,0.9922256055363322
0.72,0.9922256055363322
0.73,0.9922256055363322
0.74,0.9922256055363322
0.75,0.9922256055363322
0.76,0.9922256055363322
0.77,0.9922256055363322
0.78,0.9922256055363322
0.79,0.9922256055363322
0.8,0.9922256055363322
0.81,0.9922256055363322
0.82,0.9922256055363322
0.83,0.9922256055363322
0.84,0.9922256055363322
0.85,0.9922256055363322
0.86,0.9922256055363322
0.87,0.9922256055363322
0.88,0.9922256055363322
0.89,0.9922256055363322
0.9,0.9922256055363322
0.91,0.9922256055363322
0.92,0.9922256055363322
0.93,0.9922256055363322
0.94,0.9922256055363322
0.95,0.9922256055363322
0.96,0.9922256055363322
0.97,0.9922256055363322
0.98,0.9922256055363322
0.9900000000000002,0.9922256055363322
0.01,0.9972622837370243
0.02,0.9972622837370243
0.03,0.9972622837370243
0.04,0.9972622837370243
0.05,0.9972622837370243
0.06,0.9972622837370243
0.07,0.9972622837370243
0.08,0.9972622837370243
0.09,0.9972622837370243
0.1,0.9972622837370243
0.11,0.9972622837370243
0.12,0.9972622837370243
0.13,0.9972622837370243
0.14,0.9972622837370243
0.15,0.9972622837370243
0.16,0.9972622837370243
0.17,0.9972622837370243
0.18,0.9972622837370243
0.19,0.9972622837370243
0.2,0.9972622837370243
0.21,0.9972622837370243
0.22,0.9972622837370243
0.23,0.9972622837370243
0.24,0.9972622837370243
0.25,0.9972622837370243
0.26,0.9972622837370243
0.27,0.9972622837370243
0.28,0.9972622837370243
0.29,0.9972622837370243
0.3,0.9972622837370243
0.31,0.9972622837370243
0.32,0.9972622837370243
0.33,0.9972622837370243
0.34,0.9972622837370243
0.35000000000000003,0.9972622837370243
0.36,0.9972622837370243
0.37,0.9972622837370243
0.38,0.9972622837370243
0.39,0.9972622837370243
0.4,0.9972622837370243
0.41,0.9972622837370243
0.42,0.9972622837370243
0.43,0.9972622837370243
0.44,0.9972622837370243
0.45,0.9972622837370243
0.46,0.9972622837370243
0.47,0.9972622837370243
0.48,0.9972622837370243
0.49,0.9972622837370243
0.5,0.9972622837370243
0.51,0.9972622837370243
0.52,0.9972622837370243
0.53,0.9972622837370243
0.54,0.9972622837370243
0.55,0.9972622837370243
0.56,0.9972622837370243
0.5700000000000001,0.9972622837370243
0.58,0.9972622837370243
0.59,0.9972622837370243
0.6,0.9972622837370243
0.61,0.9972622837370243
0.62,0.9972622837370243
0.63,0.9972622837370243
0.64,0.9972622837370243
0.65,0.9972622837370243
0.66,0.9972622837370243
0.67,0.9972622837370243
0.68,0.9972622837370243
0.6900000000000001,0.9972622837370243
0.7000000000000001,0.9972622837370243
0.71,0.9972622837370243
0.72,0.9972622837370243
0.73,0.9972622837370243
0.74,0.9972622837370243
0.75,0.9972622837370243
0.76,0.9972622837370243
0.77,0.9972622837370243
0.78,0.9972622837370243
0.79,0.9972622837370243
0.8,0.9972622837370243
0.81,0.9972622837370243
0.82,0.9972622837370243
0.83,0.9972622837370243
0.84,0.9972622837370243
0.85,0.9972622837370243
0.86,0.9972622837370243
0.87,0.9972622837370243
0.88,0.9972622837370243
0.89,0.9972622837370243
0.9,0.9972622837370243
0.91,0.9972622837370243
0.92,0.9972622837370243
0.93,0.9972622837370243
0.94,0.9972622837370243
0.95,0.9972622837370243
0.96,0.9972622837370243
0.97,0.9972622837370243
0.98,0.9972622837370243
0.9900000000000002,0.9972622837370243
0.01,1.0022989619377163
0.02,1.0022989619377163
0.03,1.0022989619377163
0.04,1.0022989619377163
0.05,1.0022989619377163
0.06,1.0022989619377163
0.07,1.0022989619377163
0.08,1.0022989619377163
0.09,1.0022989619377163
0.1,1.0022989619377163
0.11,1.0022989619377163
0.12,1.0022989619377163
0.13,1.0022989619377163
0.14,1.0022989619377163
0.15,1.0022989619377163
0.16,1.0022989619377163
0.17,1.0022989619377163
0.18,1.0022989619377163
0.19,1.0022989619377163
0.2,1.0022989619377163
0.21,1.0022989619377163
0.22,1.0022989619377163
0.23,1.0022989619377163
0.24,1.0022989619377163
0.25,1.0022989619377163
0.26,1.0022989619377163
0.27,1.0022989619377163
0.28,1.0022989619377163
0.29,1.0022989619377163
0.3,1.0022989619377163
0.31,1.0022989619377163
0.32,1.0022989619377163
0.33,1.0022989619377163
0.34,1.0022989619377163
0.35000000000000003,1.0022989619377163
0.36,1.0022989619377163
0.37,1.0022989619377163
0.38,1.0022989619377163
0.39,1.0022989619377163
0.4,1.0022989619377163
0.41,1.0022989619377163
0.42,1.0022989619377163
0.43,1.0022989619377163
0.44,1.0022989619377163
0.45,1.0022989619377163
0.46,1.0022989619377163
0.47,1.0022989619377163
0.48,1.0022989619377163
0.49,1.0022989619377163
0.5,1.0022989619377163
0.51,1.0022989619377163
0.52,1.0022989619377163
0.53,1.0022989619377163
0.54,1.0022989619377163
0.55,1.0022989619377163
0.56,1.0022989619377163
0.5700000000000001,1.0022989619377163
0.58,1.0022989619377163
0.59,1.0022989619377163
0.6,1.0022989619377163
0.61,1.0022989619377163
0.62,1.0022989619377163
0.63,1.0022989619377163
0.64,1.0022989619377163
0.65,1.0022989619377163
0.66,1.0022989619377163
0.67,1.0022989619377163
0.68,1.0022989619377163
0.6900000000000001,1.0022989619377163
0.7000000000000001,1.0022989619377163
0.71,1.0022989619377163
0.72,1.0022989619377163
0.73,1.0022989619377163
0.74,1.0022989619377163
0.75,1.0022989619377163
0.76,1.0022989619377163
0.77,1.0022989619377163
0.78,1.0022989619377163
0.79,1.0022989619377163
0.8,1.0022989619377163
0.81,1.0022989619377163
0.82,1.0022989619377163
0.83,1.0022989619377163
0.84,1.0022989619377163
0.85,1.0022989619377163
0.86,1.0022989619377163
0.87,1.0022989619377163
0.88,1.0022989619377163
0.89,1.0022989619377163
0.9,1.0022989619377163
0.91,1.0022989619377163
0.92,1.0022989619377163
0.93,1.0022989619377163
0.94,1.0022989619377163
0.95,1.0022989619377163
0.96,1.0022989619377163
0.97,1.0022989619377163
0.98,1.0022989619377163
0.9900000000000002,1.0022989619377163
0.01,1.0073356401384084
0.02,1.0073356401384084
0.03,1.0073356401384084
0.04,1.0073356401384084
0.05,1.0073356401384084
0.06,1.0073356401384084
0.07,1.0073356401384084
0.08,1.0073356401384084
0.09,1.0073356401384084
0.1,1.0073356401384084
0.11,1.0073356401384084
0.12,1.0073356401384084
0.13,1.0073356401384084
0.14,1.0073356401384084
0.15,1.0073356401384084
0.16,1.0073356401384084
0.17,1.0073356401384084
0.18,1.0073356401384084
0.19,1.0073356401384084
0.2,1.0073356401384084
0.21,1.0073356401384084
0.22,1.0073356401384084
0.23,1.0073356401384084
0.24,1.0073356401384084
0.25,1.0073356401384084
0.26,1.0073356401384084
0.27,1.0073356401384084
0.28,1.0073356401384084
0.29,1.0073356401384084
0.3,1.0073356401384084
0.31,1.0073356401384084
0.32,1.0073356401384084
0.33,1.0073356401384084
0.34,1.0073356401384084
0.35000000000000003,1.0073356401384084
0.36,1.0073356401384084
0.37,1.0073356401384084
0.38,1.0073356401384084
0.39,1.0073356401384084
0.4,1.0073356401384084
0.41,1.0073356401384084
0.42,1.0073356401384084
0.43,1.0073356401384084
0.44,1.0073356401384084
0.45,1.0073356401384084
0.46,1.0073356401384084
0.47,1.0073356401384084
0.48,1.0073356401384084
0.49,1.0073356401384084
0.5,1.0073356401384084
0.51,1.0073356401384084
0.52,1.0073356401384084
0.53,1.0073356401384084
0.54,1.0073356401384084
0.55,1.0073356401384084
0.56,1.0073356401384084
0.5700000000000001,1.0073356401384084
0.58,1.0073356401384084
0.59,1.0073356401384084
0.6,1.0073356401384084
0.61,1.0073356401384084
0.62,1.0073356401384084
0.63,1.0073356401384084
0.64,1.0073356401384084
0.65,1.0073356401384084
0.66,1.0073356401384084
0.67,1.0073356401384084
0.68,1.0073356401384084
0.6900000000000001,1.0073356401384084
0.7000000000000001,1.0073356401384084
0.71,1.0073356401384084
0.72,1.0073356401384084
0.73,1.0073356401384084
0.74,1.0073356401384084
0.75,1.0073356401384084
0.76,1.0073356401384084
0.77,1.0073356401384084
0.78,1.0073356401384084
0.79,1.0073356401384084
0.8,1.0073356401384084
0.81,1.0073356401384084
0.82,1.0073356401384084
0.83,1.0073356401384084
0.84,1.0073356401384084
0.85,1.0073356401384084
0.86,1.0073356401384084
0.87,1.0073356401384084
0.88,1.0073356401384084
0.89,1.0073356401384084
0.9,1.0073356401384084
0.91,1.0073356401384084
0.92,1.0073356401384084
0.93,1.0073356401384084
0.94,1.0073356401384084
0.95,1.0073356401384084
0.96,1.0073356401384084
0.97,1.0073356401384084
0.98,1.0073356401384084
0.9900000000000002,1.0073356401384084
